sessionId,sampleUnixMs,elapsedMs,frame,leftValid,leftConfidence,leftOriginX,leftOriginY,leftOriginZ,leftForwardX,leftForwardY,leftForwardZ,rightValid,rightConfidence,rightOriginX,rightOriginY,rightOriginZ,rightForwardX,rightForwardY,rightForwardZ,centerEyeX,centerEyeY,centerEyeZ,centerForwardX,centerForwardY,centerForwardZ
"meditation_experiment_20260516_002946_263",1778884186276,13,211,1,0.996094,41.21695,20.83854,39.70156,0.993944,0.087297,0.066737,1,0.996094,41.21549,20.83325,39.63447,0.988587,0.090963,0.120088,41.21622,20.83589,39.66801,0.995255,0.092885,-0.028973
"meditation_experiment_20260516_002946_263",1778884186371,108,218,1,0.996094,41.20916,20.84043,39.7041,0.992584,0.071346,0.098421,1,0.996094,41.20841,20.83555,39.63697,0.985634,0.074717,0.151468,41.20878,20.83799,39.67053,0.994684,0.101306,-0.018455
"meditation_experiment_20260516_002946_263",1778884186481,218,226,1,0.996094,41.20317,20.84362,39.70826,0.977624,0.106512,0.181402,1,0.996094,41.20355,20.8385,39.64114,0.966294,0.1094,0.233042,41.20337,20.84106,39.6747,0.991799,0.12774,-0.004136
"meditation_experiment_20260516_002946_263",1778884186593,330,234,1,0.996094,41.19921,20.84497,39.71206,0.978994,0.097628,0.178997,1,0.996094,41.20055,20.84096,39.64487,0.967839,0.099832,0.230916,41.19988,20.84297,39.67847,0.989139,0.146566,0.011037
"meditation_experiment_20260516_002946_263",1778884186704,441,242,1,0.996094,41.19711,20.84559,39.71577,0.978912,0.100316,0.177956,1,0.996094,41.19947,20.84216,39.64858,0.967802,0.102112,0.23007,41.19829,20.84387,39.68217,0.986852,0.159447,0.026442
"meditation_experiment_20260516_002946_263",1778884186815,552,250,1,0.996094,41.19694,20.84583,39.71807,0.976875,0.101375,0.188253,1,0.996094,41.20032,20.84308,39.65089,0.965251,0.102651,0.240321,41.19863,20.84446,39.68448,0.98322,0.177486,0.042153
"meditation_experiment_20260516_002946_263",1778884186927,664,258,1,0.996094,41.20008,20.84506,39.71629,0.979001,0.106783,0.173651,1,0.996094,41.20414,20.84236,39.64915,0.968089,0.108118,0.226085,41.20211,20.84371,39.68272,0.979305,0.195794,0.05125
"meditation_experiment_20260516_002946_263",1778884187039,776,266,1,0.996094,41.20529,20.84407,39.71173,0.979889,0.109633,0.166729,1,0.996094,41.20974,20.84094,39.64463,0.969281,0.11135,0.219307,41.20751,20.84251,39.67818,0.974479,0.21776,0.054507
"meditation_experiment_20260516_002946_263",1778884187149,886,274,1,0.996094,41.2096,20.84274,39.7065,0.981436,0.100534,0.16333,1,0.996094,41.21412,20.83872,39.63945,0.970956,0.103058,0.215928,41.21186,20.84073,39.67297,0.96997,0.237802,0.05107
"meditation_experiment_20260516_002946_263",1778884187261,998,282,1,0.996094,41.21122,20.84201,39.70342,0.984779,0.06826,0.159852,1,0.996094,41.21545,20.83703,39.63643,0.974534,0.071776,0.212444,41.21333,20.83952,39.66993,0.972755,0.227523,0.044517
"meditation_experiment_20260516_002946_263",1778884187372,1109,290,1,0.996094,41.21142,20.84195,39.70205,0.986714,0.072733,0.145281,1,0.996094,41.21534,20.8372,39.63501,0.977227,0.076068,0.198095,41.21338,20.83957,39.66853,0.973916,0.223137,0.041194
"meditation_experiment_20260516_002946_263",1778884187484,1221,298,1,0.996094,41.21069,20.84201,39.70178,0.985541,0.124784,0.11462,1,0.996094,41.21466,20.83713,39.63476,0.977459,0.128093,0.167827,41.21267,20.83957,39.66827,0.973357,0.225544,0.041301
"meditation_experiment_20260516_002946_263",1778884187594,1331,306,1,0.996094,41.20979,20.84194,39.70226,0.985997,0.125852,0.109409,1,0.996094,41.21387,20.83701,39.63525,0.978179,0.129229,0.162683,41.21183,20.83947,39.66876,0.973931,0.222746,0.042933
"meditation_experiment_20260516_002946_263",1778884187707,1444,314,1,0.996094,41.20921,20.84214,39.70317,0.985983,0.123011,0.112725,1,0.996094,41.21334,20.83742,39.63614,0.978019,0.126217,0.165978,41.21127,20.83978,39.66965,0.97335,0.225035,0.044147
"meditation_experiment_20260516_002946_263",1778884187819,1556,322,1,0.996094,41.20887,20.84209,39.70398,0.986112,0.120386,0.114416,1,0.996094,41.21315,20.83755,39.63695,0.978081,0.123468,0.167671,41.21101,20.83982,39.67046,0.973086,0.225641,0.046809
"meditation_experiment_20260516_002946_263",1778884187930,1667,329,1,0.996094,41.20918,20.84202,39.70419,0.986018,0.124223,0.111073,1,0.996094,41.21342,20.83761,39.63715,0.978162,0.127202,0.164373,41.2113,20.83982,39.67067,0.973023,0.22593,0.0467
"meditation_experiment_20260516_002946_263",1778884188041,1778,335,1,0.996094,41.20985,20.84183,39.70378,0.986841,0.122606,0.105417,1,0.996094,41.21389,20.83741,39.63674,0.979292,0.125618,0.158771,41.21187,20.83962,39.67026,0.973263,0.225506,0.043664
"meditation_experiment_20260516_002946_263",1778884188149,1886,340,1,0.996094,41.21053,20.84167,39.70327,0.986498,0.144375,-0.077316,1,0.996094,41.21433,20.83725,39.63621,0.9886,0.148702,-0.023637,41.21243,20.83946,39.66974,0.973638,0.224493,0.040394
"meditation_experiment_20260516_002946_263",1778884188261,1998,345,1,0.996094,41.21125,20.8414,39.7028,0.986522,0.14281,-0.07987,1,0.996094,41.2148,20.83696,39.63573,0.98877,0.14713,-0.02619,41.21303,20.83918,39.66927,0.974041,0.223378,0.0367
"meditation_experiment_20260516_002946_263",1778884188384,2121,350,1,0.996094,41.21192,20.84118,39.70259,0.986974,0.141624,-0.076324,1,0.996094,41.2153,20.8368,39.6355,0.98905,0.145843,-0.022599,41.21361,20.83899,39.66904,0.974445,0.221962,0.034504
"meditation_experiment_20260516_002946_263",1778884188494,2231,354,1,0.996094,41.21219,20.84126,39.70245,0.985916,0.146825,-0.080074,1,0.996094,41.21556,20.83687,39.63536,0.988166,0.151105,-0.026378,41.21387,20.83907,39.66891,0.974102,0.223501,0.03425
"meditation_experiment_20260516_002946_263",1778884188605,2342,358,1,0.996094,41.21217,20.84117,39.70228,0.984563,0.171778,0.033576,1,0.996094,41.21555,20.83675,39.6352,0.980655,0.17512,0.087465,41.21386,20.83896,39.66874,0.974216,0.222989,0.034354
"meditation_experiment_20260516_002946_263",1778884188716,2453,362,1,0.996094,41.21214,20.84106,39.70199,0.983072,0.178552,0.041099,1,0.996094,41.21554,20.83663,39.63491,0.978737,0.181822,0.094948,41.21384,20.83885,39.66845,0.974212,0.222968,0.034599
"meditation_experiment_20260516_002946_263",1778884188827,2564,366,1,0.996094,41.21211,20.84122,39.70187,0.985168,0.16649,0.04153,1,0.996094,41.21553,20.8368,39.63479,0.980856,0.169778,0.095381,41.21382,20.83902,39.66833,0.973973,0.223971,0.034847
"meditation_experiment_20260516_002946_263",1778884188939,2676,370,1,0.996094,41.21208,20.8413,39.70174,0.970352,0.16958,0.172221,1,0.996094,41.21556,20.83682,39.63466,0.959234,0.171712,0.224466,41.21382,20.83906,39.6682,0.973744,0.224866,0.035463
"meditation_experiment_20260516_002946_263",1778884189049,2786,374,1,0.996094,41.2121,20.84131,39.70171,0.970589,0.171134,0.169325,1,0.996094,41.21561,20.83685,39.63464,0.959614,0.173267,0.22163,41.21386,20.83908,39.66817,0.97357,0.225526,0.036044
"meditation_experiment_20260516_002946_263",1778884189161,2898,378,1,0.996094,41.21206,20.84126,39.7018,0.970516,0.167228,0.17359,1,0.996094,41.21567,20.83683,39.63473,0.959335,0.169344,0.225829,41.21386,20.83905,39.66826,0.973529,0.225457,0.037554
"meditation_experiment_20260516_002946_263",1778884189272,3009,382,1,0.996094,41.21209,20.84126,39.70184,0.969077,0.171627,0.177295,1,0.996094,41.21571,20.83687,39.63477,0.957704,0.173641,0.229461,41.2139,20.83907,39.6683,0.97311,0.227251,0.037602
"meditation_experiment_20260516_002946_263",1778884189384,3121,386,1,0.996094,41.21202,20.84126,39.7019,0.960586,0.116261,0.252505,1,0.996094,41.21564,20.83686,39.63483,0.945633,0.118321,0.302949,41.21383,20.83906,39.66837,0.973381,0.226082,0.037644
"meditation_experiment_20260516_002946_263",1778884189495,3232,390,1,0.996094,41.21197,20.841,39.70235,0.960501,0.10557,0.257476,1,0.996094,41.21572,20.83668,39.63528,0.94533,0.107685,0.307824,41.21384,20.83884,39.66881,0.97366,0.224468,0.040013
"meditation_experiment_20260516_002946_263",1778884189607,3344,394,1,0.996094,41.21193,20.84123,39.70248,0.959957,0.117131,0.254485,1,0.996094,41.21564,20.83694,39.63541,0.94491,0.119091,0.304899,41.21378,20.83908,39.66895,0.973286,0.226192,0.039395
"meditation_experiment_20260516_002946_263",1778884189719,3456,398,1,0.996094,41.21172,20.84143,39.70267,0.961523,0.107789,0.252695,1,0.996094,41.21546,20.83715,39.63559,0.946581,0.109868,0.303174,41.21359,20.83929,39.66913,0.972762,0.228385,0.039681
"meditation_experiment_20260516_002946_263",1778884189830,3567,402,1,0.996094,41.21168,20.84144,39.7027,0.962069,0.107896,0.250564,1,0.996094,41.21534,20.83716,39.63562,0.947233,0.109979,0.301088,41.21351,20.8393,39.66916,0.972648,0.22906,0.03858
"meditation_experiment_20260516_002946_263",1778884189941,3678,406,1,0.996094,41.21143,20.84146,39.70291,0.961172,0.197939,0.192273,1,0.996094,41.21515,20.83727,39.63583,0.949018,0.199403,0.244139,41.21329,20.83936,39.66937,0.972503,0.229495,0.039629
"meditation_experiment_20260516_002946_263",1778884190052,3789,410,1,0.996094,41.21121,20.84157,39.70305,0.96194,0.197586,0.188762,1,0.996094,41.21503,20.83742,39.63597,0.949961,0.199071,0.240717,41.21312,20.83949,39.66951,0.97216,0.230703,0.040996
"meditation_experiment_20260516_002946_263",1778884190164,3901,414,1,0.996094,41.21121,20.84187,39.70286,0.962635,0.196367,0.186478,1,0.996094,41.21502,20.83767,39.63579,0.950764,0.197932,0.238476,41.21312,20.83977,39.66933,0.971852,0.232075,0.040556
"meditation_experiment_20260516_002946_263",1778884190276,4013,418,1,0.996094,41.21126,20.84172,39.70271,0.973841,0.210956,0.084449,1,0.996094,41.21497,20.83755,39.63563,0.967149,0.213504,0.137985,41.21311,20.83964,39.66917,0.972208,0.230765,0.039488
"meditation_experiment_20260516_002946_263",1778884190387,4124,422,1,0.996094,41.2112,20.84163,39.70269,0.973399,0.213379,0.083452,1,0.996094,41.21496,20.83743,39.63561,0.966744,0.21596,0.136996,41.21308,20.83953,39.66915,0.972302,0.230272,0.040055
"meditation_experiment_20260516_002946_263",1778884190499,4236,426,1,0.996094,41.21127,20.84172,39.7026,0.973212,0.214924,0.081648,1,0.996094,41.215,20.83754,39.63551,0.966652,0.21749,0.135209,41.21313,20.83963,39.66906,0.972199,0.230776,0.03965
"meditation_experiment_20260516_002946_263",1778884190610,4347,430,1,0.996094,41.21139,20.84164,39.70238,0.968497,0.221348,0.114098,1,0.996094,41.21507,20.83738,39.6353,0.960231,0.22355,0.167281,41.21323,20.83951,39.66884,0.972332,0.230379,0.038679
"meditation_experiment_20260516_002946_263",1778884190722,4459,434,1,0.996094,41.21143,20.84157,39.70234,0.943825,0.277715,0.179082,1,0.996094,41.21506,20.83734,39.63525,0.932198,0.278537,0.231138,41.21325,20.83945,39.66879,0.97247,0.229906,0.038016
"meditation_experiment_20260516_002946_263",1778884190833,4570,438,1,0.996094,41.21137,20.8416,39.70244,0.956824,0.222884,0.186578,1,0.996094,41.21508,20.8374,39.63536,0.944907,0.224166,0.238539,41.21323,20.8395,39.6689,0.972326,0.23031,0.039242
"meditation_experiment_20260516_002946_263",1778884190945,4682,442,1,0.996094,41.21149,20.84159,39.7025,0.960942,0.214009,0.175473,1,0.996094,41.21518,20.83741,39.63541,0.949597,0.215487,0.227666,41.21334,20.8395,39.66895,0.972245,0.230687,0.039042
"meditation_experiment_20260516_002946_263",1778884191056,4793,446,1,0.996094,41.21145,20.84179,39.70251,0.933786,0.178718,0.310007,1,0.996094,41.2151,20.83755,39.63543,0.916099,0.179278,0.358638,41.21328,20.83967,39.66897,0.97233,0.230429,0.038434
"meditation_experiment_20260516_002946_263",1778884191168,4905,450,1,0.996094,41.21134,20.84163,39.70259,0.935499,0.174972,0.306963,1,0.996094,41.21505,20.8374,39.63551,0.917947,0.175614,0.355715,41.2132,20.83952,39.66904,0.972306,0.230382,0.039313
"meditation_experiment_20260516_002946_263",1778884191280,5017,454,1,0.996094,41.21113,20.84186,39.7026,0.935759,0.179599,0.30348,1,0.996094,41.21487,20.83764,39.63552,0.918357,0.180196,0.35235,41.213,20.83975,39.66906,0.971975,0.231716,0.039644
"meditation_experiment_20260516_002946_263",1778884191392,5129,458,1,0.996094,41.21099,20.84183,39.7025,0.944694,0.164448,0.283745,1,0.996094,41.21473,20.83762,39.63542,0.928204,0.165456,0.333261,41.21286,20.83973,39.66896,0.971774,0.232578,0.039524
"meditation_experiment_20260516_002946_263",1778884191503,5240,462,1,0.996094,41.21098,20.84197,39.70223,0.983616,0.11279,0.140636,1,0.996094,41.2146,20.83769,39.63515,0.974281,0.115483,0.193499,41.21279,20.83983,39.66869,0.971913,0.232308,0.037672
"meditation_experiment_20260516_002946_263",1778884191614,5351,466,1,0.996094,41.21091,20.84188,39.70208,0.982137,0.120148,0.144817,1,0.996094,41.21446,20.8376,39.63499,0.972566,0.122753,0.197603,41.21268,20.83974,39.66853,0.971941,0.232345,0.036697
"meditation_experiment_20260516_002946_263",1778884191726,5463,470,1,0.996094,41.21058,20.84226,39.70191,0.979407,0.131185,0.153468,1,0.996094,41.21408,20.83795,39.63482,0.969359,0.133665,0.206098,41.21233,20.84011,39.66837,0.97165,0.233702,0.035787
"meditation_experiment_20260516_002946_263",1778884191838,5575,474,1,0.996094,41.21056,20.8424,39.70149,0.979621,0.136128,0.147692,1,0.996094,41.21386,20.83802,39.6344,0.969856,0.138648,0.200388,41.21221,20.84021,39.66795,0.971409,0.23521,0.032261
"meditation_experiment_20260516_002946_263",1778884191949,5686,478,1,0.996094,41.2105,20.84239,39.70059,0.98385,0.129911,0.123138,1,0.996094,41.21313,20.83805,39.63347,0.975395,0.132559,0.176162,41.21181,20.84022,39.66703,0.971882,0.234353,0.022877
"meditation_experiment_20260516_002946_263",1778884192061,5798,482,1,0.996094,41.21124,20.84239,39.69791,0.933307,0.327421,-0.147429,1,0.996094,41.21151,20.83862,39.6307,0.938457,0.332342,-0.09406,41.21137,20.84051,39.6643,0.971736,0.235883,-0.009404
"meditation_experiment_20260516_002946_263",1778884192173,5910,486,1,0.996094,41.21101,20.84341,39.69674,0.923909,0.299797,-0.237726,1,0.996094,41.21,20.84011,39.62951,0.933916,0.305453,-0.185746,41.21051,20.84176,39.66313,0.968051,0.249307,-0.026907
"meditation_experiment_20260516_002946_263",1778884192284,6021,490,1,0.996094,41.21088,20.84404,39.69488,0.946696,0.243389,-0.211019,1,0.996094,41.2081,20.84107,39.62769,0.955849,0.247567,-0.158313,41.20949,20.84255,39.66129,0.965207,0.256399,-0.051331
"meditation_experiment_20260516_002946_263",1778884192395,6132,494,1,0.996094,41.21075,20.84455,39.69294,0.95198,0.230342,-0.201683,1,0.996094,41.20599,20.84178,39.62585,0.960857,0.233794,-0.148642,41.20837,20.84316,39.65939,0.961814,0.262025,-0.079102
"meditation_experiment_20260516_002946_263",1778884192507,6244,498,1,0.996094,41.21046,20.84516,39.69147,0.955826,0.217597,-0.197604,1,0.996094,41.20419,20.84265,39.6245,0.964643,0.220483,-0.144403,41.20732,20.8439,39.65799,0.958723,0.266266,-0.099763
"meditation_experiment_20260516_002946_263",1778884192618,6355,502,1,0.996094,41.20993,20.84571,39.691,0.95411,0.220377,-0.202752,1,0.996094,41.20279,20.84337,39.62411,0.963265,0.223046,-0.149569,41.20636,20.84454,39.65755,0.955627,0.272633,-0.111577
"meditation_experiment_20260516_002946_263",1778884192729,6466,506,1,0.996094,41.2093,20.84649,39.69064,0.971309,0.218135,-0.094747,1,0.996094,41.20157,20.84426,39.6238,0.9748,0.219319,-0.040798,41.20543,20.84538,39.65722,0.953315,0.277348,-0.11945
"meditation_experiment_20260516_002946_263",1778884192841,6578,510,1,0.996094,41.20795,20.84711,39.69073,0.971809,0.21993,-0.084962,1,0.996094,41.19986,20.84498,39.62394,0.974814,0.22085,-0.031026,41.20391,20.84605,39.65734,0.950576,0.284565,-0.124211
"meditation_experiment_20260516_002946_263",1778884192952,6689,514,1,0.996094,41.20593,20.85048,39.69053,0.933634,0.347915,-0.085335,1,0.996094,41.19727,20.8485,39.62379,0.936917,0.348136,-0.031432,41.2016,20.84949,39.65716,0.942638,0.306888,-0.131355
"meditation_experiment_20260516_002946_263",1778884193064,6801,518,1,0.996094,41.20408,20.85205,39.6906,0.911264,0.397634,-0.107168,1,0.996094,41.19524,20.85006,39.6239,0.91579,0.398109,-0.053287,41.19966,20.85106,39.65725,0.937345,0.321655,-0.133876
"meditation_experiment_20260516_002946_263",1778884193175,6912,522,1,0.996094,41.20273,20.85281,39.69125,0.920073,0.385997,-0.06688,1,0.996094,41.19417,20.85061,39.62451,0.922457,0.385882,-0.013006,41.19845,20.85172,39.65788,0.93662,0.324988,-0.130867
"meditation_experiment_20260516_002946_263",1778884193287,7024,526,1,0.996094,41.20204,20.85292,39.69213,0.921237,0.384233,-0.060725,1,0.996094,41.19386,20.8507,39.62535,0.92326,0.384116,-0.006843,41.19795,20.85181,39.65874,0.936768,0.326637,-0.125597
"meditation_experiment_20260516_002946_263",1778884193398,7135,530,1,0.996094,41.20135,20.85227,39.69389,0.922318,0.381866,-0.059231,1,0.996094,41.19414,20.85009,39.62699,0.924154,0.381984,-0.005285,41.19774,20.85118,39.66044,0.939476,0.323867,-0.111785
"meditation_experiment_20260516_002946_263",1778884193509,7246,534,1,0.996094,41.20023,20.85187,39.69659,0.926265,0.372247,-0.058876,1,0.996094,41.19465,20.84978,39.62954,0.927907,0.37278,-0.004844,41.19744,20.85082,39.66307,0.941051,0.326495,-0.088451
"meditation_experiment_20260516_002946_263",1778884193621,7358,538,1,0.996094,41.19852,20.85207,39.69907,0.94442,0.276928,0.17715,1,0.996094,41.195,20.84999,39.63188,0.934019,0.274714,0.228342,41.19675,20.85103,39.66547,0.941718,0.331087,-0.059576
"meditation_experiment_20260516_002946_263",1778884193732,7469,542,1,0.996094,41.19666,20.85244,39.7015,0.940624,0.280286,0.191487,1,0.996094,41.19536,20.85019,39.63423,0.92929,0.2784,0.24272,41.19601,20.85131,39.66786,0.941881,0.334658,-0.029403
"meditation_experiment_20260516_002946_263",1778884193844,7581,546,1,0.996094,41.19492,20.85287,39.70346,0.94108,0.282866,0.185355,1,0.996094,41.19556,20.85045,39.63619,0.929802,0.28157,0.237036,41.19524,20.85166,39.66982,0.941504,0.336986,-0.003212
"meditation_experiment_20260516_002946_263",1778884193954,7691,550,1,0.996094,41.19339,20.85321,39.70515,0.92741,0.228048,0.296489,1,0.996094,41.19589,20.85067,39.63792,0.91071,0.226462,0.345431,41.19464,20.85194,39.67154,0.940607,0.338778,0.022111
"meditation_experiment_20260516_002946_263",1778884194066,7803,554,1,0.996094,41.19213,20.85334,39.7066,0.926703,0.221971,0.303234,1,0.996094,41.19647,20.85051,39.63948,0.909436,0.220927,0.352303,41.1943,20.85192,39.67304,0.939754,0.338685,0.046427
"meditation_experiment_20260516_002946_263",1778884194177,7914,558,1,0.996094,41.19091,20.85313,39.70841,0.922622,0.233925,0.306672,1,0.996094,41.19738,20.84988,39.64148,0.904895,0.233347,0.355969,41.19415,20.85151,39.67495,0.940365,0.331819,0.074902
"meditation_experiment_20260516_002946_263",1778884194289,8026,562,1,0.996094,41.18974,20.85291,39.70992,0.908511,0.189859,0.372238,1,0.996094,41.19816,20.8492,39.64323,0.887609,0.189851,0.419652,41.19395,20.85105,39.67657,0.938378,0.330751,0.100254
"meditation_experiment_20260516_002946_263",1778884194399,8136,566,1,0.996094,41.18872,20.85342,39.71011,0.91509,0.185719,0.357938,1,0.996094,41.19827,20.84914,39.64361,0.894621,0.186534,0.406028,41.19349,20.85128,39.67686,0.936123,0.333067,0.112879
"meditation_experiment_20260516_002946_263",1778884194510,8247,570,1,0.996094,41.18792,20.85317,39.70925,0.972909,0.100368,0.208265,1,0.996094,41.19729,20.84877,39.64273,0.959943,0.103322,0.260452,41.1926,20.85097,39.67599,0.938279,0.327718,0.11061
"meditation_experiment_20260516_002946_263",1778884194622,8359,574,1,0.996094,41.18689,20.85333,39.70811,0.976133,0.095331,0.195132,1,0.996094,41.19578,20.84889,39.64153,0.963874,0.098395,0.24752,41.19133,20.85111,39.67482,0.940113,0.324646,0.103887
"meditation_experiment_20260516_002946_263",1778884194733,8470,578,1,0.996094,41.18495,20.85306,39.70723,0.974679,0.090129,0.204641,1,0.996094,41.19364,20.84834,39.64065,0.961935,0.093383,0.256829,41.1893,20.8507,39.67394,0.94481,0.311592,0.101219
"meditation_experiment_20260516_002946_263",1778884194845,8582,582,1,0.996094,41.18239,20.85319,39.70593,0.978089,0.079683,0.192334,1,0.996094,41.19035,20.8483,39.63927,0.966031,0.083143,0.244687,41.18637,20.85075,39.6726,0.948429,0.303621,0.091087
"meditation_experiment_20260516_002946_263",1778884194955,8692,586,1,0.996094,41.17953,20.85338,39.70466,0.993849,0.095846,0.05547,1,0.996094,41.18651,20.84838,39.6379,0.988979,0.09994,0.109237,41.18302,20.85088,39.67128,0.952153,0.295665,0.077374
"meditation_experiment_20260516_002946_263",1778884195067,8804,590,1,0.996094,41.17668,20.85341,39.70388,0.994846,0.087422,0.051374,1,0.996094,41.18277,20.84847,39.63703,0.990243,0.091421,0.105175,41.17972,20.85094,39.67046,0.954186,0.292002,0.065295
"meditation_experiment_20260516_002946_263",1778884195178,8915,594,1,0.996094,41.17467,20.85368,39.70338,0.993949,0.092036,0.059957,1,0.996094,41.18004,20.84871,39.63646,0.988869,0.095959,0.113715,41.17736,20.8512,39.66992,0.955484,0.289844,0.055151
"meditation_experiment_20260516_002946_263",1778884195290,9027,598,1,0.996094,41.17371,20.85346,39.70316,0.9934,0.097123,0.061025,1,0.996094,41.17859,20.84848,39.63621,0.988243,0.101011,0.114772,41.17615,20.85097,39.66969,0.956875,0.286435,0.04843
"meditation_experiment_20260516_002946_263",1778884195401,9138,602,1,0.996094,41.17393,20.8532,39.70367,0.98229,0.053414,0.17959,1,0.996094,41.17881,20.84826,39.63671,0.971067,0.05698,0.23191,41.17637,20.85073,39.67019,0.957562,0.284061,0.048841
"meditation_experiment_20260516_002946_263",1778884195512,9249,606,1,0.996094,41.17543,20.85284,39.70434,0.981147,0.053828,0.185616,1,0.996094,41.1805,20.84795,39.63739,0.969609,0.057345,0.237845,41.17797,20.8504,39.67086,0.958114,0.281624,0.052022
"meditation_experiment_20260516_002946_263",1778884195624,9361,610,1,0.996094,41.17847,20.85165,39.70455,0.980357,0.047285,0.19148,1,0.996094,41.18364,20.8467,39.63762,0.968538,0.050879,0.24361,41.18105,20.84917,39.67108,0.960182,0.274119,0.053935
"meditation_experiment_20260516_002946_263",1778884195735,9472,614,1,0.996094,41.18159,20.85065,39.70399,0.97983,0.050118,0.193446,1,0.996094,41.18657,20.84547,39.63706,0.9679,0.053861,0.245498,41.18408,20.84806,39.67053,0.96303,0.264482,0.051221
"meditation_experiment_20260516_002946_263",1778884195846,9583,618,1,0.996094,41.18405,20.85055,39.70293,0.994766,0.092211,0.044012,1,0.996094,41.18882,20.84516,39.636,0.990515,0.096503,0.097819,41.18643,20.84785,39.66947,0.962723,0.266334,0.047226
"meditation_experiment_20260516_002946_263",1778884195957,9694,622,1,0.996094,41.18563,20.85065,39.70158,0.994783,0.099048,0.024424,1,0.996094,41.19015,20.84509,39.63465,0.991538,0.103558,0.078284,41.18789,20.84787,39.66811,0.962394,0.268272,0.042752
"meditation_experiment_20260516_002946_263",1778884196068,9805,626,1,0.996094,41.18616,20.85007,39.70006,0.993563,0.111492,0.020063,1,0.996094,41.19039,20.8444,39.63312,0.990484,0.116095,0.073924,41.18827,20.84724,39.66659,0.963991,0.263133,0.038512
"meditation_experiment_20260516_002946_263",1778884196180,9917,630,1,0.996094,41.18538,20.85008,39.69871,0.993897,0.106955,0.027013,1,0.996094,41.18937,20.8443,39.63176,0.990462,0.111574,0.080852,41.18738,20.84719,39.66524,0.964628,0.261284,0.034986
"meditation_experiment_20260516_002946_263",1778884196292,10029,634,1,0.996094,41.18295,20.85141,39.69675,0.992796,0.11501,-0.033607,1,0.996094,41.18634,20.84542,39.62978,0.992553,0.120121,0.02024,41.18465,20.84841,39.66327,0.962421,0.270455,0.024518
"meditation_experiment_20260516_002946_263",1778884196403,10140,638,1,0.996094,41.18069,20.8525,39.69511,0.994065,0.101685,-0.038659,1,0.996094,41.18329,20.84632,39.62814,0.994155,0.106889,0.015192,41.18199,20.84941,39.66162,0.960095,0.279434,0.0116
"meditation_experiment_20260516_002946_263",1778884196514,10251,642,1,0.996094,41.1787,20.85341,39.69364,0.993634,0.103491,-0.044506,1,0.996094,41.1804,20.84703,39.62665,0.994018,0.108816,0.009347,41.17955,20.85022,39.66014,0.959025,0.28331,-0.002597
"meditation_experiment_20260516_002946_263",1778884196625,10362,646,1,0.996094,41.17655,20.85437,39.69247,0.971179,0.220303,-0.090992,1,0.996094,41.17711,20.848,39.62546,0.973405,0.226043,-0.037267,41.17683,20.85119,39.65897,0.958064,0.285911,-0.019209
"meditation_experiment_20260516_002946_263",1778884196737,10474,650,1,0.996094,41.17454,20.85522,39.69078,0.970566,0.212381,-0.113563,1,0.996094,41.17316,20.84896,39.62377,0.97412,0.217958,-0.05988,41.17385,20.85209,39.65727,0.956899,0.28668,-0.046468
"meditation_experiment_20260516_002946_263",1778884196848,10585,654,1,0.996094,41.17209,20.85577,39.68935,0.971312,0.21291,-0.105934,1,0.996094,41.16935,20.84953,39.62238,0.974522,0.218148,-0.052147,41.17072,20.85265,39.65586,0.954657,0.290268,-0.066144
"meditation_experiment_20260516_002946_263",1778884196960,10697,658,1,0.996094,41.16933,20.85639,39.68868,0.967082,0.218681,-0.130127,1,0.996094,41.16603,20.85016,39.62174,0.97156,0.224108,-0.076472,41.16768,20.85328,39.65521,0.953847,0.290981,-0.074206
"meditation_experiment_20260516_002946_263",1778884197071,10808,662,1,0.996094,41.16559,20.85688,39.68847,0.953506,0.260444,-0.151642,1,0.996094,41.16216,20.85095,39.62151,0.958976,0.265961,-0.098129,41.16387,20.85391,39.65499,0.954501,0.288748,-0.074522
"meditation_experiment_20260516_002946_263",1778884197183,10920,666,1,0.996094,41.16102,20.85717,39.68819,0.956556,0.248226,-0.152924,1,0.996094,41.15744,20.85146,39.62122,0.962202,0.253545,-0.099413,41.15923,20.85432,39.65471,0.956025,0.283455,-0.075303
"meditation_experiment_20260516_002946_263",1778884197294,11031,670,1,0.996094,41.15674,20.85712,39.68895,0.970519,0.240448,0.016644,1,0.996094,41.15358,20.85123,39.62197,0.967291,0.243742,0.070266,41.15516,20.85418,39.65546,0.9586,0.276175,-0.069382
"meditation_experiment_20260516_002946_263",1778884197406,11143,674,1,0.996094,41.15336,20.85689,39.69055,0.967563,0.237257,0.086784,1,0.996094,41.15114,20.85141,39.6235,0.960778,0.239552,0.139715,41.15225,20.85415,39.65702,0.962225,0.266915,-0.05366
"meditation_experiment_20260516_002946_263",1778884197517,11254,678,1,0.996094,41.1526,20.85659,39.69172,0.964206,0.254206,0.075414,1,0.996094,41.15061,20.85157,39.62461,0.958041,0.256184,0.128563,41.1516,20.85408,39.65816,0.962654,0.266376,-0.048393
"meditation_experiment_20260516_002946_263",1778884197629,11366,682,1,0.996094,41.15476,20.85577,39.69212,0.967229,0.241674,0.077864,1,0.996094,41.15254,20.85157,39.62497,0.961121,0.243065,0.131022,41.15365,20.85367,39.65855,0.964907,0.258163,-0.048028
"meditation_experiment_20260516_002946_263",1778884197740,11477,686,1,0.996094,41.15899,20.85402,39.69273,0.94296,0.23622,0.23458,1,0.996094,41.15649,20.85001,39.62558,0.929366,0.235518,0.284273,41.15774,20.85202,39.65916,0.967066,0.249408,-0.050791
"meditation_experiment_20260516_002946_263",1778884197852,11589,690,1,0.996094,41.16331,20.85269,39.69485,0.928045,0.258162,0.268488,1,0.996094,41.16171,20.84838,39.6277,0.912846,0.257015,0.317262,41.16251,20.85053,39.66128,0.969416,0.242338,-0.038798
"meditation_experiment_20260516_002946_263",1778884197963,11700,694,1,0.996094,41.1683,20.85198,39.69751,0.933108,0.242191,0.265807,1,0.996094,41.16759,20.84778,39.63033,0.917902,0.241447,0.314897,41.16794,20.84988,39.66393,0.969419,0.244084,-0.025515
"meditation_experiment_20260516_002946_263",1778884198074,11811,698,1,0.996094,41.17371,20.85098,39.69923,0.940141,0.232614,0.249049,1,0.996094,41.1734,20.84717,39.63203,0.925686,0.23201,0.298793,41.17356,20.84908,39.66563,0.969015,0.246313,-0.018422
"meditation_experiment_20260516_002946_263",1778884198186,11923,702,1,0.996094,41.17826,20.84994,39.69997,0.938542,0.236588,0.251326,1,0.996094,41.17816,20.84613,39.63276,0.923965,0.23593,0.301041,41.17821,20.84804,39.66637,0.96968,0.243904,-0.015245
"meditation_experiment_20260516_002946_263",1778884198297,12034,706,1,0.996094,41.18112,20.84926,39.69987,0.940624,0.231007,0.248722,1,0.996094,41.18138,20.84538,39.63266,0.926107,0.230593,0.298585,41.18125,20.84732,39.66626,0.970296,0.241707,-0.010229
"meditation_experiment_20260516_002946_263",1778884198409,12146,710,1,0.996094,41.1824,20.84927,39.69883,0.973182,0.163658,0.161657,1,0.996094,41.18287,20.84512,39.63165,0.9628,0.1653,0.21376,41.18263,20.84719,39.66524,0.970266,0.241905,-0.008178
"meditation_experiment_20260516_002946_263",1778884198520,12257,714,1,0.996094,41.18171,20.84924,39.69713,0.972495,0.17291,0.156063,1,0.996094,41.1822,20.84476,39.62996,0.962337,0.174756,0.208249,41.18195,20.847,39.66354,0.970936,0.239171,-0.008961
"meditation_experiment_20260516_002946_263",1778884198632,12369,718,1,0.996094,41.17909,20.84887,39.69549,0.962108,0.182117,0.202932,1,0.996094,41.17965,20.84423,39.62834,0.94961,0.183545,0.25407,41.17937,20.84655,39.66191,0.973003,0.230663,-0.007777
"meditation_experiment_20260516_002946_263",1778884198743,12480,722,1,0.996094,41.17477,20.84922,39.69404,0.958802,0.179604,0.220096,1,0.996094,41.17558,20.8442,39.62691,0.945419,0.181234,0.270808,41.17518,20.84671,39.66048,0.974757,0.223214,-0.004908
"meditation_experiment_20260516_002946_263",1778884198854,12591,726,1,0.996094,41.16921,20.85035,39.69265,0.95511,0.19824,0.220153,1,0.996094,41.17049,20.84469,39.62558,0.941576,0.200169,0.270863,41.16985,20.84752,39.65911,0.974116,0.226051,-0.000411
"meditation_experiment_20260516_002946_263",1778884198966,12703,730,1,0.996094,41.16417,20.85156,39.69133,0.954473,0.211882,0.209973,1,0.996094,41.16589,20.84521,39.62434,0.941266,0.214332,0.260923,41.16503,20.84839,39.65784,0.972476,0.232986,0.00279
"meditation_experiment_20260516_002946_263",1778884199077,12814,734,1,0.996094,41.16072,20.85257,39.69111,0.899418,0.215523,0.38026,1,0.996094,41.16302,20.84602,39.62415,0.878714,0.216215,0.425574,41.16187,20.84929,39.65763,0.971175,0.238152,0.010175
"meditation_experiment_20260516_002946_263",1778884199189,12926,738,1,0.996094,41.15903,20.85304,39.69142,0.885008,0.216679,0.412081,1,0.996094,41.16199,20.84668,39.62447,0.86303,0.216931,0.456202,41.16051,20.84986,39.65794,0.969467,0.244434,0.019626
"meditation_experiment_20260516_002946_263",1778884199300,13037,742,1,0.996094,41.15906,20.85328,39.69232,0.893359,0.21572,0.394175,1,0.996094,41.16281,20.84687,39.62542,0.871903,0.216362,0.439287,41.16093,20.85007,39.65887,0.968344,0.247745,0.030532
"meditation_experiment_20260516_002946_263",1778884199411,13148,746,1,0.996094,41.16046,20.85262,39.69344,0.904391,0.202217,0.375746,1,0.996094,41.16484,20.84627,39.62657,0.883573,0.203392,0.421819,41.16265,20.84945,39.66001,0.968337,0.24642,0.04001
"meditation_experiment_20260516_002946_263",1778884199523,13260,750,1,0.996094,41.16302,20.85151,39.69437,0.902655,0.198105,0.382057,1,0.996094,41.16763,20.84534,39.6275,0.881572,0.199205,0.427959,41.16533,20.84842,39.66093,0.969574,0.240736,0.044416
"meditation_experiment_20260516_002946_263",1778884199634,13371,754,1,0.996094,41.16595,20.85039,39.69498,0.973819,0.014698,0.226849,1,0.996094,41.17045,20.84428,39.6281,0.960361,0.019442,0.278082,41.1682,20.84734,39.66154,0.9715,0.232909,0.044055
"meditation_experiment_20260516_002946_263",1778884199746,13483,758,1,0.996094,41.16869,20.84947,39.69589,0.979044,0.000315,0.203649,1,0.996094,41.17308,20.84338,39.62899,0.96682,0.005187,0.255408,41.17089,20.84643,39.66244,0.973081,0.226373,0.043222
"meditation_experiment_20260516_002946_263",1778884199857,13594,762,1,0.996094,41.17047,20.84908,39.69673,0.992915,-0.067583,0.097739,1,0.996094,41.17488,20.84309,39.62983,0.986521,-0.062574,0.151197,41.17267,20.84609,39.66328,0.973386,0.224902,0.044034
"meditation_experiment_20260516_002946_263",1778884199969,13706,766,1,0.996094,41.1707,20.84907,39.69735,0.993179,-0.082612,0.082292,1,0.996094,41.17505,20.84315,39.63044,0.987673,-0.077686,0.135894,41.17288,20.84611,39.66389,0.973353,0.225177,0.043348
"meditation_experiment_20260516_002946_263",1778884200080,13817,770,1,0.996094,41.16953,20.84931,39.69736,0.993348,-0.076119,0.086406,1,0.996094,41.17366,20.84342,39.63044,0.987593,-0.071199,0.139965,41.17159,20.84636,39.6639,0.973431,0.225436,0.04015
"meditation_experiment_20260516_002946_263",1778884200191,13928,774,1,0.996094,41.16722,20.84954,39.69686,0.995763,-0.055674,0.073191,1,0.996094,41.17095,20.84355,39.62992,0.990626,-0.050748,0.126826,41.16908,20.84655,39.66339,0.973809,0.224772,0.034256
"meditation_experiment_20260516_002946_263",1778884200302,14039,778,1,0.996094,41.1652,20.84967,39.6964,0.995139,-0.066064,0.073044,1,0.996094,41.16836,20.84367,39.62942,0.990065,-0.061071,0.12666,41.16678,20.84667,39.66291,0.974734,0.221855,0.025978
"meditation_experiment_20260516_002946_263",1778884200414,14151,782,1,0.996094,41.16378,20.84985,39.69609,0.997307,-0.031343,0.066317,1,0.996094,41.16649,20.84396,39.62909,0.992424,-0.02653,0.11996,41.16514,20.8469,39.66259,0.974835,0.222041,0.019877
"meditation_experiment_20260516_002946_263",1778884200525,14262,786,1,0.996094,41.16367,20.84997,39.69633,0.996541,0.065978,0.050525,1,0.996094,41.16619,20.84406,39.62932,0.992046,0.070566,0.104233,41.16493,20.84702,39.66282,0.974785,0.222503,0.016944
"meditation_experiment_20260516_002946_263",1778884200636,14373,790,1,0.996094,41.16462,20.84951,39.69698,0.997251,0.057819,0.04635,1,0.996094,41.167,20.84368,39.62996,0.993022,0.062373,0.100088,41.16581,20.84659,39.66348,0.975503,0.219435,0.015537
"meditation_experiment_20260516_002946_263",1778884200748,14485,794,1,0.996094,41.16665,20.8488,39.69769,0.997301,0.061684,0.039833,1,0.996094,41.16874,20.84308,39.63065,0.99341,0.06614,0.09361,41.16769,20.84594,39.66417,0.97668,0.214355,0.01216
"meditation_experiment_20260516_002946_263",1778884200859,14596,798,1,0.996094,41.16876,20.84821,39.69822,0.991602,0.121244,-0.045006,1,0.996094,41.17044,20.84259,39.63116,0.991993,0.125978,0.008903,41.1696,20.8454,39.66469,0.977695,0.20992,0.006876
"meditation_experiment_20260516_002946_263",1778884200970,14707,802,1,0.996094,41.17026,20.84749,39.69857,0.992098,0.117329,-0.04445,1,0.996094,41.17152,20.842,39.63149,0.992496,0.121914,0.009482,41.17089,20.84474,39.66503,0.978625,0.205649,0.001606
"meditation_experiment_20260516_002946_263",1778884201082,14819,806,1,0.996094,41.17111,20.84724,39.69868,0.991649,0.120879,-0.044958,1,0.996094,41.17204,20.84188,39.63158,0.992072,0.12535,0.008989,41.17157,20.84456,39.66513,0.978811,0.204747,-0.002889
"meditation_experiment_20260516_002946_263",1778884201193,14930,810,1,0.996094,41.1711,20.84735,39.69861,0.991239,0.126451,-0.038163,1,0.996094,41.17185,20.84208,39.63151,0.991286,0.130776,0.015807,41.17148,20.84472,39.66506,0.97855,0.20594,-0.005335
"meditation_experiment_20260516_002946_263",1778884201304,15041,814,1,0.996094,41.17061,20.84764,39.69807,0.990996,0.129109,-0.035471,1,0.996094,41.17127,20.84232,39.63096,0.990884,0.13344,0.0185,41.17094,20.84498,39.66451,0.977876,0.20907,-0.006913
"meditation_experiment_20260516_002946_263",1778884201415,15152,818,1,0.996094,41.16985,20.84796,39.69714,0.990962,0.125721,-0.04679,1,0.996094,41.17047,20.84251,39.63005,0.991457,0.130237,0.007157,41.17015,20.84524,39.6636,0.97729,0.21175,-0.008201
"meditation_experiment_20260516_002946_263",1778884201526,15263,822,1,0.996094,41.16897,20.8483,39.69622,0.979532,0.176876,-0.09609,1,0.996094,41.16949,20.84278,39.62914,0.9824,0.181921,-0.042359,41.16923,20.84554,39.66268,0.976868,0.213605,-0.010068
"meditation_experiment_20260516_002946_263",1778884201638,15375,826,1,0.996094,41.16825,20.84872,39.69535,0.980932,0.16593,-0.101194,1,0.996094,41.16872,20.84306,39.62828,0.984109,0.171094,-0.04751,41.16848,20.84589,39.66182,0.976067,0.217165,-0.011481
"meditation_experiment_20260516_002946_263",1778884201749,15486,830,1,0.996094,41.16768,20.84893,39.69458,0.980095,0.169727,-0.102988,1,0.996094,41.16804,20.84319,39.62751,0.983338,0.174971,-0.049314,41.16786,20.84606,39.66105,0.975833,0.218103,-0.013449
"meditation_experiment_20260516_002946_263",1778884201861,15598,834,1,0.996094,41.16748,20.84904,39.69411,0.982098,0.159847,-0.099663,1,0.996094,41.16782,20.84322,39.62704,0.985206,0.165092,-0.045969,41.16765,20.84613,39.66058,0.975502,0.219529,-0.01425
"meditation_experiment_20260516_002946_263",1778884201972,15709,838,1,0.996094,41.1677,20.84906,39.69382,0.9798,0.199186,-0.017825,1,0.996094,41.16801,20.8432,39.62675,0.978376,0.203659,0.036105,41.16786,20.84613,39.66029,0.975397,0.219972,-0.014617
"meditation_experiment_20260516_002946_263",1778884202083,15820,842,1,0.996094,41.16812,20.84897,39.69375,0.978347,0.206251,-0.017248,1,0.996094,41.16839,20.84311,39.62669,0.976865,0.210688,0.036681,41.16825,20.84604,39.66022,0.97548,0.219563,-0.015221
"meditation_experiment_20260516_002946_263",1778884202195,15932,846,1,0.996094,41.1687,20.84904,39.69384,0.927477,0.352301,-0.125179,1,0.996094,41.16895,20.84325,39.62677,0.930847,0.358322,-0.071611,41.16882,20.84614,39.6603,0.975462,0.219632,-0.015328
"meditation_experiment_20260516_002946_263",1778884202306,16043,850,1,0.996094,41.1691,20.84912,39.69403,0.903129,0.398582,-0.159656,1,0.996094,41.16933,20.84348,39.62695,0.907949,0.405341,-0.106435,41.16922,20.8463,39.66049,0.97545,0.2197,-0.015169
"meditation_experiment_20260516_002946_263",1778884202418,16155,854,1,0.996094,41.16917,20.84919,39.69407,0.914424,0.376532,-0.148503,1,0.996094,41.16936,20.84366,39.62699,0.918881,0.382889,-0.095152,41.16927,20.84642,39.66053,0.975099,0.221236,-0.01538
"meditation_experiment_20260516_002946_263",1778884202529,16266,858,1,0.996094,41.16912,20.84944,39.69397,0.916294,0.375657,-0.138877,1,0.996094,41.16917,20.84399,39.62687,0.920326,0.381716,-0.085405,41.16914,20.84671,39.66042,0.974665,0.222991,-0.017403
"meditation_experiment_20260516_002946_263",1778884202640,16377,862,1,0.996094,41.16901,20.84973,39.69304,0.918019,0.36967,-0.143477,1,0.996094,41.16814,20.8445,39.62593,0.922492,0.375385,-0.089973,41.16857,20.84711,39.65948,0.973185,0.228009,-0.030375
"meditation_experiment_20260516_002946_263",1778884202752,16489,866,1,0.996094,41.16929,20.85089,39.68805,0.908447,0.362728,-0.207732,1,0.996094,41.16418,20.84632,39.62108,0.916821,0.368109,-0.154713,41.16673,20.8486,39.65456,0.965915,0.242618,-0.090248
"meditation_experiment_20260516_002946_263",1778884202864,16601,870,1,0.996094,41.16871,20.85265,39.68427,0.94532,0.236947,-0.224112,1,0.996094,41.15988,20.84875,39.61764,0.955362,0.240825,-0.171136,41.1643,20.8507,39.65096,0.9534,0.26623,-0.14195
"meditation_experiment_20260516_002946_263",1778884202975,16712,874,1,0.996094,41.16767,20.85435,39.68214,0.951178,0.22643,-0.209741,1,0.996094,41.15656,20.85074,39.61585,0.96065,0.229463,-0.156518,41.16211,20.85254,39.64899,0.94151,0.288874,-0.173523
"meditation_experiment_20260516_002946_263",1778884203086,16823,878,1,0.996094,41.16681,20.85567,39.68128,0.900569,0.359783,-0.243992,1,0.996094,41.15439,20.85239,39.6152,0.911973,0.362983,-0.19118,41.1606,20.85403,39.64824,0.932696,0.306291,-0.190431
"meditation_experiment_20260516_002946_263",1778884203198,16935,882,1,0.996094,41.16617,20.85654,39.68103,0.934085,0.279104,-0.222682,1,0.996094,41.15294,20.85374,39.61509,0.944516,0.281294,-0.169595,41.15955,20.85514,39.64806,0.92645,0.319183,-0.199532
"meditation_experiment_20260516_002946_263",1778884203309,17046,886,1,0.996094,41.16593,20.85691,39.68167,0.949847,0.241869,-0.198215,1,0.996094,41.15284,20.85418,39.6157,0.958964,0.243708,-0.144893,41.15939,20.85554,39.64869,0.925371,0.323888,-0.196941
"meditation_experiment_20260516_002946_263",1778884203421,17158,890,1,0.996094,41.1659,20.85674,39.68245,0.954819,0.233418,-0.183948,1,0.996094,41.15322,20.85407,39.61639,0.963167,0.235109,-0.13051,41.15956,20.8554,39.64942,0.926153,0.325285,-0.190867
"meditation_experiment_20260516_002946_263",1778884203532,17269,894,1,0.996094,41.16602,20.85722,39.68259,0.952465,0.240551,-0.186939,1,0.996094,41.15294,20.85526,39.61659,0.961129,0.241661,-0.133536,41.15948,20.85624,39.64959,0.920761,0.339343,-0.192475
"meditation_experiment_20260516_002946_263",1778884203643,17380,898,1,0.996094,41.16569,20.8576,39.68265,0.973234,0.215348,-0.080253,1,0.996094,41.15252,20.85564,39.61666,0.976194,0.21524,-0.026756,41.1591,20.85662,39.64966,0.918968,0.343564,-0.193552
"meditation_experiment_20260516_002946_263",1778884203755,17492,902,1,0.996094,41.16575,20.85726,39.68299,0.971899,0.223813,-0.072943,1,0.996094,41.15279,20.85525,39.61697,0.97448,0.223628,-0.019461,41.15927,20.85626,39.64998,0.91996,0.342306,-0.191051
"meditation_experiment_20260516_002946_263",1778884203866,17603,906,1,0.996094,41.16574,20.85716,39.68351,0.970676,0.228561,-0.074485,1,0.996094,41.15297,20.8554,39.61744,0.973389,0.2282,-0.020968,41.15936,20.85628,39.65048,0.92015,0.344029,-0.186998
"meditation_experiment_20260516_002946_263",1778884203978,17715,910,1,0.996094,41.16521,20.8577,39.68527,0.973028,0.218599,-0.073698,1,0.996094,41.15319,20.85641,39.61905,0.975724,0.218079,-0.020096,41.1592,20.85706,39.65216,0.920001,0.351251,-0.173844
"meditation_experiment_20260516_002946_263",1778884204089,17826,914,1,0.996094,41.16499,20.85769,39.68639,0.982124,0.187259,-0.019144,1,0.996094,41.15364,20.85624,39.62005,0.981837,0.186629,0.034145,41.15932,20.85696,39.65322,0.921888,0.350458,-0.165236
"meditation_experiment_20260516_002946_263",1778884204201,17938,918,1,0.996094,41.16488,20.8575,39.68663,0.980425,0.195719,-0.021505,1,0.996094,41.15355,20.85613,39.62029,0.980292,0.194976,0.03181,41.15921,20.85681,39.65347,0.92284,0.348109,-0.164883
"meditation_experiment_20260516_002946_263",1778884204312,18049,922,1,0.996094,41.16495,20.85717,39.68633,0.981159,0.191087,-0.028524,1,0.996094,41.1534,20.8558,39.62003,0.981388,0.190425,0.024826,41.15917,20.85649,39.65318,0.92373,0.34423,-0.168017
"meditation_experiment_20260516_002946_263",1778884204423,18160,926,1,0.996094,41.16554,20.85689,39.68647,0.950426,0.300743,-0.079018,1,0.996094,41.15399,20.85554,39.62016,0.953631,0.29991,-0.025352,41.15976,20.85621,39.65331,0.924979,0.3408,-0.168132
"meditation_experiment_20260516_002946_263",1778884204535,18272,930,1,0.996094,41.16673,20.85675,39.68736,0.95658,0.239074,-0.166731,1,0.996094,41.15571,20.85535,39.62096,0.964184,0.239894,-0.113143,41.16122,20.85605,39.65416,0.927224,0.338137,-0.160996
"meditation_experiment_20260516_002946_263",1778884204646,18383,934,1,0.996094,41.16893,20.85696,39.68879,0.958657,0.227851,-0.170472,1,0.996094,41.15828,20.85561,39.62234,0.966441,0.228751,-0.116901,41.1636,20.85628,39.65556,0.926337,0.343163,-0.155369
"meditation_experiment_20260516_002946_263",1778884204758,18495,938,1,0.996094,41.17188,20.85653,39.69075,0.957911,0.227504,-0.175069,1,0.996094,41.16164,20.85552,39.62423,0.965982,0.228276,-0.121533,41.16676,20.85602,39.65749,0.926807,0.345148,-0.14799
"meditation_experiment_20260516_002946_263",1778884204869,18606,942,1,0.996094,41.17516,20.8558,39.69297,0.961464,0.213139,-0.173662,1,0.996094,41.16544,20.85516,39.62637,0.969488,0.213693,-0.120116,41.1703,20.85548,39.65967,0.928541,0.344281,-0.138862
"meditation_experiment_20260516_002946_263",1778884204980,18717,946,1,0.996094,41.17725,20.85446,39.69471,0.996858,0.079191,-0.001899,1,0.996094,41.16825,20.85381,39.628,0.995539,0.079035,0.051546,41.17275,20.85414,39.66135,0.935626,0.328375,-0.129511
"meditation_experiment_20260516_002946_263",1778884205092,18829,950,1,0.996094,41.17782,20.85422,39.69538,0.995722,0.092329,0.003741,1,0.996094,41.16932,20.85357,39.62861,0.994109,0.092068,0.057193,41.17357,20.8539,39.66199,0.936486,0.328657,-0.12239
"meditation_experiment_20260516_002946_263",1778884205203,18940,954,1,0.996094,41.1765,20.85442,39.69513,0.994878,0.101064,-0.001847,1,0.996094,41.16795,20.85393,39.62836,0.993582,0.100632,0.051655,41.17222,20.85417,39.66174,0.936427,0.328793,-0.122476
"meditation_experiment_20260516_002946_263",1778884205314,19051,958,1,0.996094,41.17381,20.85484,39.69486,0.993703,0.111775,-0.007827,1,0.996094,41.16546,20.85436,39.62807,0.992733,0.111302,0.045754,41.16963,20.8546,39.66146,0.936832,0.328749,-0.119456
"meditation_experiment_20260516_002946_263",1778884205426,19163,962,1,0.996094,41.17118,20.85554,39.69468,0.993877,0.110403,-0.004561,1,0.996094,41.16298,20.8549,39.62786,0.992716,0.110057,0.049007,41.16708,20.85522,39.66127,0.936095,0.331327,-0.118102
"meditation_experiment_20260516_002946_263",1778884205537,19274,966,1,0.996094,41.16891,20.8562,39.69469,0.970545,0.238293,0.035492,1,0.996094,41.16084,20.85545,39.62786,0.967563,0.23657,0.088638,41.16488,20.85582,39.66128,0.93432,0.336809,-0.116643
"meditation_experiment_20260516_002946_263",1778884205648,19385,970,1,0.996094,41.16745,20.85655,39.69493,0.970369,0.238552,0.038432,1,0.996094,41.15959,20.85577,39.62808,0.96722,0.236857,0.091569,41.16352,20.85616,39.66151,0.934335,0.337722,-0.113857
"meditation_experiment_20260516_002946_263",1778884205761,19498,974,1,0.996094,41.16695,20.85694,39.69519,0.971923,0.232676,0.03503,1,0.996094,41.15919,20.85616,39.62832,0.968922,0.231097,0.088225,41.16307,20.85655,39.66175,0.933877,0.339496,-0.112325
"meditation_experiment_20260516_002946_263",1778884205871,19608,978,1,0.996094,41.16686,20.85698,39.69556,0.968268,0.249872,0.004522,1,0.996094,41.15916,20.85627,39.62869,0.966892,0.248492,0.058066,41.16301,20.85662,39.66213,0.933465,0.341045,-0.111051
"meditation_experiment_20260516_002946_263",1778884205983,19720,982,1,0.996094,41.16725,20.85695,39.69593,0.949878,0.303121,-0.076481,1,0.996094,41.15955,20.85632,39.62906,0.952852,0.3026,-0.022524,41.1634,20.85663,39.66249,0.933787,0.340278,-0.110693
"meditation_experiment_20260516_002946_263",1778884206094,19831,986,1,0.996094,41.16795,20.85657,39.69621,0.949972,0.302213,-0.07887,1,0.996094,41.16023,20.85607,39.62934,0.953098,0.301637,-0.024914,41.16409,20.85632,39.66278,0.935093,0.336752,-0.110453
"meditation_experiment_20260516_002946_263",1778884206205,19942,990,1,0.996094,41.16865,20.85621,39.69636,0.948543,0.308254,-0.072429,1,0.996094,41.16092,20.85575,39.62949,0.95136,0.307526,-0.01848,41.16479,20.85598,39.66293,0.936191,0.333632,-0.110621
"meditation_experiment_20260516_002946_263",1778884206317,20054,994,1,0.996094,41.16908,20.85597,39.69654,0.950735,0.300193,-0.077381,1,0.996094,41.16135,20.85552,39.62967,0.953792,0.299554,-0.023426,41.16521,20.85575,39.66311,0.936895,0.331638,-0.110651
"meditation_experiment_20260516_002946_263",1778884206428,20165,998,1,0.996094,41.1691,20.85577,39.69656,0.960999,0.276302,-0.011723,1,0.996094,41.16138,20.85536,39.62969,0.9606,0.274748,0.041963,41.16524,20.85556,39.66313,0.937187,0.330973,-0.110174
"meditation_experiment_20260516_002946_263",1778884206539,20276,1002,1,0.996094,41.16877,20.85574,39.69606,0.960106,0.279525,-0.007922,1,0.996094,41.16113,20.8552,39.62918,0.959494,0.277992,0.045739,41.16495,20.85547,39.66262,0.937776,0.329419,-0.109819
"meditation_experiment_20260516_002946_263",1778884206651,20388,1006,1,0.996094,41.16814,20.85554,39.6952,0.962262,0.27202,-0.007567,1,0.996094,41.16042,20.85487,39.62833,0.961583,0.270618,0.046082,41.16428,20.85521,39.66177,0.938218,0.327545,-0.111628
"meditation_experiment_20260516_002946_263",1778884206762,20499,1010,1,0.996094,41.16771,20.85553,39.6944,0.961242,0.275397,-0.013086,1,0.996094,41.15995,20.85465,39.62754,0.960816,0.274198,0.040599,41.16383,20.85509,39.66097,0.93905,0.324546,-0.113381
"meditation_experiment_20260516_002946_263",1778884206874,20611,1014,1,0.996094,41.16779,20.85561,39.69388,0.978537,0.190594,-0.078362,1,0.996094,41.15996,20.85468,39.62703,0.981351,0.19067,-0.024405,41.16387,20.85514,39.66045,0.938638,0.325373,-0.114414
"meditation_experiment_20260516_002946_263",1778884206985,20722,1018,1,0.996094,41.16809,20.85565,39.6935,0.978553,0.190568,-0.078214,1,0.996094,41.16018,20.85462,39.62666,0.981347,0.190706,-0.024261,41.16414,20.85514,39.66008,0.93854,0.325082,-0.116034
"meditation_experiment_20260516_002946_263",1778884207096,20833,1022,1,0.996094,41.16874,20.85548,39.69345,0.97899,0.189518,-0.075251,1,0.996094,41.16083,20.85445,39.62661,0.981626,0.189625,-0.021302,41.16479,20.85497,39.66003,0.938933,0.323917,-0.116118
"meditation_experiment_20260516_002946_263",1778884207207,20944,1026,1,0.996094,41.16925,20.85532,39.6935,0.977046,0.203622,-0.062599,1,0.996094,41.16138,20.85435,39.62666,0.979037,0.2035,-0.008671,41.16532,20.85483,39.66008,0.939603,0.322257,-0.11531
"meditation_experiment_20260516_002946_263",1778884207319,21056,1030,1,0.996094,41.16963,20.85528,39.69335,0.97732,0.203419,-0.058872,1,0.996094,41.1618,20.85424,39.6265,0.979101,0.203316,-0.004952,41.16572,20.85476,39.65992,0.939798,0.321779,-0.11506
"meditation_experiment_20260516_002946_263",1778884207431,21168,1034,1,0.996094,41.16972,20.85504,39.69313,0.976168,0.207584,-0.063294,1,0.996094,41.16185,20.85402,39.62628,0.978193,0.20749,-0.009365,41.16579,20.85453,39.6597,0.940718,0.31887,-0.115639
"meditation_experiment_20260516_002946_263",1778884207542,21279,1038,1,0.996094,41.16976,20.85488,39.69303,0.975805,0.212141,-0.052922,1,0.996094,41.16191,20.85389,39.62617,0.977294,0.211885,0.000979,41.16584,20.85438,39.6596,0.941146,0.3178,-0.115099
"meditation_experiment_20260516_002946_263",1778884207653,21390,1042,1,0.996094,41.16967,20.85506,39.69304,0.977051,0.211265,-0.027172,1,0.996094,41.16185,20.85408,39.62619,0.977183,0.210728,0.026604,41.16576,20.85457,39.65961,0.940809,0.31891,-0.114779
"meditation_experiment_20260516_002946_263",1778884207764,21501,1046,1,0.996094,41.16967,20.85509,39.69303,0.97408,0.223157,-0.037011,1,0.996094,41.16184,20.85406,39.62617,0.974742,0.2227,0.016821,41.16576,20.85458,39.6596,0.940384,0.320045,-0.115104
"meditation_experiment_20260516_002946_263",1778884207876,21613,1050,1,0.996094,41.16983,20.85499,39.69313,0.975286,0.217396,-0.039438,1,0.996094,41.1619,20.85398,39.62629,0.976073,0.216964,0.014397,41.16587,20.85448,39.65971,0.940399,0.319507,-0.116472
"meditation_experiment_20260516_002946_263",1778884207987,21724,1054,1,0.996094,41.17003,20.85496,39.69345,0.977051,0.209438,-0.038831,1,0.996094,41.16216,20.85403,39.62661,0.977803,0.20899,0.015008,41.16609,20.8545,39.66003,0.940789,0.318828,-0.115175
"meditation_experiment_20260516_002946_263",1778884208099,21836,1058,1,0.996094,41.17035,20.85489,39.69361,0.976695,0.211152,-0.038508,1,0.996094,41.1625,20.85393,39.62677,0.977428,0.210712,0.01533,41.16642,20.85441,39.66019,0.94044,0.319921,-0.114992
"meditation_experiment_20260516_002946_263",1778884208210,21947,1062,1,0.996094,41.17051,20.85473,39.6936,0.976956,0.20935,-0.0416,1,0.996094,41.16262,20.85376,39.62675,0.977847,0.208962,0.01225,41.16656,20.85425,39.66018,0.941315,0.317092,-0.115672
"meditation_experiment_20260516_002946_263",1778884208322,22059,1066,1,0.996094,41.17059,20.85451,39.69349,0.976358,0.211502,-0.044631,1,0.996094,41.16273,20.85359,39.62664,0.97742,0.211106,0.009236,41.16666,20.85405,39.66006,0.941567,0.316557,-0.115085
"meditation_experiment_20260516_002946_263",1778884208433,22170,1070,1,0.996094,41.17043,20.85476,39.6933,0.975929,0.214414,-0.039863,1,0.996094,41.16257,20.85382,39.62645,0.976742,0.21396,0.013981,41.1665,20.85429,39.65988,0.941365,0.317148,-0.115107
"meditation_experiment_20260516_002946_263",1778884208544,22281,1074,1,0.996094,41.17035,20.85483,39.69288,0.973392,0.192788,-0.123862,1,0.996094,41.16241,20.85382,39.62605,0.978625,0.193378,-0.069985,41.16638,20.85432,39.65946,0.940811,0.318255,-0.116569
"meditation_experiment_20260516_002946_263",1778884208656,22393,1078,1,0.996094,41.17034,20.85479,39.69253,0.97263,0.193428,-0.12875,1,0.996094,41.16232,20.85371,39.6257,0.978117,0.19411,-0.074895,41.16633,20.85425,39.65911,0.940799,0.317785,-0.117937
"meditation_experiment_20260516_002946_263",1778884208767,22504,1082,1,0.996094,41.17043,20.85469,39.69252,0.973435,0.189169,-0.128994,1,0.996094,41.16243,20.85364,39.62569,0.978937,0.189832,-0.07514,41.16643,20.85416,39.65911,0.941049,0.31714,-0.117682
"meditation_experiment_20260516_002946_263",1778884208878,22615,1086,1,0.996094,41.17058,20.85477,39.69261,0.97591,0.212879,-0.04777,1,0.996094,41.16264,20.85372,39.62577,0.977122,0.212594,0.006102,41.16661,20.85424,39.65919,0.94067,0.318604,-0.116754
"meditation_experiment_20260516_002946_263",1778884208990,22727,1090,1,0.996094,41.17071,20.85461,39.69254,0.975167,0.217703,-0.040688,1,0.996094,41.16269,20.85357,39.62571,0.97602,0.217286,0.013145,41.1667,20.85409,39.65912,0.941189,0.316609,-0.117989
"meditation_experiment_20260516_002946_263",1778884209101,22838,1094,1,0.996094,41.17067,20.85455,39.69263,0.97395,0.221773,-0.047314,1,0.996094,41.16268,20.85353,39.6258,0.975159,0.221408,0.006553,41.16667,20.85403,39.65922,0.941498,0.315924,-0.117361
"meditation_experiment_20260516_002946_263",1778884209213,22950,1098,1,0.996094,41.17069,20.85465,39.69268,0.975094,0.221757,-0.004148,1,0.996094,41.16274,20.85364,39.62584,0.974046,0.220883,0.049441,41.16671,20.85415,39.65926,0.941136,0.31722,-0.116773
"meditation_experiment_20260516_002946_263",1778884209324,23061,1102,1,0.996094,41.17073,20.85463,39.69254,0.974607,0.223824,-0.006605,1,0.996094,41.16275,20.85359,39.6257,0.973691,0.222971,0.047002,41.16674,20.85411,39.65912,0.940937,0.317594,-0.117354
"meditation_experiment_20260516_002946_263",1778884209435,23172,1106,1,0.996094,41.17076,20.8546,39.69247,0.973854,0.227163,0.002263,1,0.996094,41.16272,20.85355,39.62564,0.972487,0.226179,0.055782,41.16674,20.85407,39.65906,0.941048,0.316952,-0.118196
"meditation_experiment_20260516_002946_263",1778884209547,23284,1110,1,0.996094,41.17071,20.85453,39.69269,0.974729,0.223349,-0.004409,1,0.996094,41.16274,20.85353,39.62585,0.973702,0.222452,0.049181,41.16673,20.85403,39.65927,0.941223,0.316881,-0.116989
"meditation_experiment_20260516_002946_263",1778884209658,23395,1114,1,0.996094,41.17061,20.85462,39.69275,0.974202,0.225656,-0.00333,1,0.996094,41.16267,20.85365,39.62591,0.973127,0.224717,0.050254,41.16664,20.85414,39.65933,0.940819,0.318298,-0.11639
"meditation_experiment_20260516_002946_263",1778884209770,23507,1118,1,0.996094,41.1707,20.85457,39.69271,0.976902,0.21041,-0.037284,1,0.996094,41.1627,20.85356,39.62587,0.977565,0.209987,0.016535,41.16669,20.85406,39.65929,0.941178,0.316834,-0.117473
"meditation_experiment_20260516_002946_263",1778884209881,23618,1122,1,0.996094,41.17076,20.8544,39.69279,0.97663,0.210675,-0.042545,1,0.996094,41.1628,20.85342,39.62595,0.977575,0.210284,0.011304,41.16678,20.85391,39.65937,0.941591,0.315822,-0.116888
"meditation_experiment_20260516_002946_263",1778884209992,23729,1126,1,0.996094,41.17095,20.85431,39.69267,0.975678,0.205868,-0.075301,1,0.996094,41.16294,20.85328,39.62584,0.97834,0.205902,-0.021358,41.16695,20.85379,39.65925,0.941869,0.314705,-0.117655
"meditation_experiment_20260516_002946_263",1778884210103,23840,1130,1,0.996094,41.17123,20.85436,39.69244,0.977518,0.192522,-0.085985,1,0.996094,41.16317,20.8533,39.62562,0.980729,0.192728,-0.032037,41.1672,20.85383,39.65903,0.941921,0.314184,-0.11863
"meditation_experiment_20260516_002946_263",1778884210215,23952,1134,1,0.996094,41.17139,20.85426,39.69243,0.97565,0.203322,-0.082265,1,0.996094,41.16333,20.8532,39.62561,0.978674,0.203458,-0.028319,41.16736,20.85373,39.65902,0.942121,0.313579,-0.11865
"meditation_experiment_20260516_002946_263",1778884210326,24063,1138,1,0.996094,41.17152,20.85418,39.69255,0.974704,0.207138,-0.083934,1,0.996094,41.16348,20.85317,39.62573,0.977832,0.207235,-0.029986,41.1675,20.85368,39.65914,0.942378,0.312976,-0.118195
"meditation_experiment_20260516_002946_263",1778884210438,24175,1142,1,0.996094,41.17158,20.85399,39.69271,0.977716,0.199595,-0.065065,1,0.996094,41.16358,20.85302,39.62588,0.979834,0.199503,-0.011139,41.16758,20.8535,39.65929,0.942701,0.312324,-0.11734
"meditation_experiment_20260516_002946_263",1778884210549,24286,1146,1,0.996094,41.17158,20.85427,39.69262,0.976518,0.207509,-0.057918,1,0.996094,41.16356,20.85322,39.62579,0.978259,0.207351,-0.004013,41.16757,20.85374,39.6592,0.942455,0.312828,-0.117972
"meditation_experiment_20260516_002946_263",1778884210661,24398,1150,1,0.996094,41.17154,20.85402,39.69263,0.978015,0.202388,-0.050265,1,0.996094,41.16352,20.85301,39.6258,0.97935,0.202138,0.003612,41.16753,20.85352,39.65921,0.942817,0.31177,-0.117882
"meditation_experiment_20260516_002946_263",1778884210773,24510,1154,1,0.996094,41.17155,20.85392,39.69266,0.973561,0.228208,-0.010029,1,0.996094,41.16361,20.8529,39.62582,0.972831,0.227373,0.043611,41.16758,20.85341,39.65924,0.94344,0.31026,-0.116876
"meditation_experiment_20260516_002946_263",1778884210883,24620,1158,1,0.996094,41.17171,20.8539,39.69257,0.975177,0.220942,-0.014686,1,0.996094,41.16376,20.85291,39.62572,0.97468,0.220181,0.038991,41.16774,20.8534,39.65915,0.943629,0.309717,-0.116794
"meditation_experiment_20260516_002946_263",1778884210995,24732,1162,1,0.996094,41.17202,20.85377,39.6924,0.968573,0.244374,-0.046336,1,0.996094,41.16404,20.85273,39.62556,0.969771,0.243902,0.007527,41.16803,20.85325,39.65898,0.943801,0.308937,-0.117464
"meditation_experiment_20260516_002946_263",1778884211106,24843,1166,1,0.996094,41.17214,20.85375,39.69237,0.968842,0.247666,-0.002727,1,0.996094,41.16418,20.85273,39.62553,0.967787,0.246583,0.050848,41.16816,20.85324,39.65895,0.94403,0.308356,-0.117152
"meditation_experiment_20260516_002946_263",1778884211217,24954,1170,1,0.996094,41.17204,20.85371,39.69248,0.965755,0.259454,0.000737,1,0.996094,41.16413,20.85274,39.62563,0.964562,0.258212,0.054288,41.16808,20.85323,39.65905,0.944261,0.308013,-0.116185
"meditation_experiment_20260516_002946_263",1778884211329,25066,1174,1,0.996094,41.17171,20.85399,39.69242,0.963524,0.267457,0.009453,1,0.996094,41.16381,20.85296,39.62558,0.961896,0.266077,0.062919,41.16777,20.85347,39.659,0.943522,0.310224,-0.116309
"meditation_experiment_20260516_002946_263",1778884211441,25178,1178,1,0.996094,41.17137,20.85401,39.6924,0.97094,0.226133,0.078354,1,0.996094,41.16347,20.85297,39.62556,0.9657,0.224268,0.130869,41.16742,20.85349,39.65898,0.943785,0.309424,-0.116302
"meditation_experiment_20260516_002946_263",1778884211552,25289,1182,1,0.996094,41.17119,20.85395,39.6925,0.970985,0.22483,0.081486,1,0.996094,41.16332,20.85297,39.62566,0.965593,0.222908,0.133952,41.16725,20.85345,39.65908,0.943862,0.309428,-0.115667
"meditation_experiment_20260516_002946_263",1778884211663,25400,1186,1,0.996094,41.17138,20.85396,39.69272,0.97231,0.222803,0.07052,1,0.996094,41.16352,20.853,39.62587,0.96746,0.221017,0.123176,41.16745,20.85348,39.6593,0.943739,0.309904,-0.115399
"meditation_experiment_20260516_002946_263",1778884211774,25511,1190,1,0.996094,41.17176,20.85391,39.69294,0.970333,0.225719,0.086636,1,0.996094,41.16394,20.85295,39.62608,0.964688,0.223721,0.139019,41.16785,20.85343,39.65951,0.943858,0.309723,-0.114906
"meditation_experiment_20260516_002946_263",1778884211886,25623,1194,1,0.996094,41.17235,20.85356,39.69308,0.981397,0.191923,-0.005127,1,0.996094,41.16446,20.85266,39.62624,0.980353,0.191201,0.048479,41.1684,20.85311,39.65966,0.944464,0.307584,-0.11567
"meditation_experiment_20260516_002946_263",1778884211997,25734,1198,1,0.996094,41.17261,20.85332,39.69334,0.980705,0.195492,-0.00063,1,0.996094,41.16478,20.85249,39.62649,0.979444,0.194647,0.052942,41.16869,20.85291,39.65992,0.945279,0.305512,-0.1145
"meditation_experiment_20260516_002946_263",1778884212109,25846,1202,1,0.996094,41.17258,20.85336,39.69349,0.985532,0.158328,-0.060494,1,0.996094,41.16479,20.85255,39.62663,0.987375,0.158263,-0.006565,41.16868,20.85295,39.66006,0.944873,0.307041,-0.113757
"meditation_experiment_20260516_002946_263",1778884212220,25957,1206,1,0.996094,41.17232,20.85335,39.69331,0.990143,0.128589,-0.055505,1,0.996094,41.16446,20.85249,39.62646,0.991688,0.128659,-0.001596,41.16838,20.85292,39.65989,0.945189,0.305566,-0.115095
"meditation_experiment_20260516_002946_263",1778884212332,26069,1210,1,0.996094,41.17198,20.85335,39.69314,0.989955,0.12868,-0.05857,1,0.996094,41.16409,20.85247,39.6263,0.991662,0.128787,-0.004653,41.16803,20.85291,39.65972,0.944904,0.306284,-0.115526
"meditation_experiment_20260516_002946_263",1778884212443,26180,1214,1,0.996094,41.17174,20.85355,39.69313,0.987582,0.14402,-0.062768,1,0.996094,41.16391,20.85264,39.62627,0.989521,0.144117,-0.008835,41.16782,20.85309,39.6597,0.944496,0.307843,-0.114715
"meditation_experiment_20260516_002946_263",1778884212554,26291,1218,1,0.996094,41.172,20.85335,39.69322,0.986715,0.150111,-0.062129,1,0.996094,41.16415,20.85249,39.62637,0.988632,0.150135,-0.0082,41.16808,20.85292,39.6598,0.944806,0.306819,-0.11491
"meditation_experiment_20260516_002946_263",1778884212666,26403,1222,1,0.996094,41.17243,20.8532,39.69333,0.986162,0.159248,-0.046102,1,0.996094,41.16454,20.85235,39.62648,0.987236,0.159077,0.00777,41.16848,20.85278,39.6599,0.945224,0.305302,-0.115512
"meditation_experiment_20260516_002946_263",1778884212777,26514,1226,1,0.996094,41.17266,20.85307,39.69364,0.975899,0.218148,-0.005646,1,0.996094,41.16481,20.85231,39.62679,0.974963,0.217135,0.04797,41.16874,20.85269,39.66021,0.945676,0.30426,-0.114558
"meditation_experiment_20260516_002946_263",1778884212888,26625,1230,1,0.996094,41.17272,20.85307,39.69398,0.973981,0.226629,-0.001372,1,0.996094,41.16496,20.85238,39.62712,0.972851,0.225466,0.052219,41.16884,20.85272,39.66055,0.94574,0.304704,-0.112838
"meditation_experiment_20260516_002946_263",1778884213000,26737,1234,1,0.996094,41.17266,20.85316,39.69409,0.974455,0.224456,-0.007501,1,0.996094,41.16491,20.85246,39.62723,0.973637,0.223389,0.046142,41.16879,20.85281,39.66066,0.946117,0.303489,-0.112952
"meditation_experiment_20260516_002946_263",1778884213111,26848,1238,1,0.996094,41.17246,20.85309,39.69414,0.972324,0.233333,-0.011883,1,0.996094,41.16472,20.85242,39.62727,0.971758,0.232249,0.041798,41.16859,20.85275,39.6607,0.945953,0.304131,-0.112593
"meditation_experiment_20260516_002946_263",1778884213223,26960,1242,1,0.996094,41.17225,20.85323,39.69414,0.971651,0.23642,0.000036,1,0.996094,41.16454,20.85255,39.62727,0.970474,0.235173,0.053619,41.16839,20.85289,39.66071,0.94572,0.304973,-0.112276
"meditation_experiment_20260516_002946_263",1778884213334,27071,1246,1,0.996094,41.17221,20.85326,39.69409,0.971186,0.238162,-0.008765,1,0.996094,41.16447,20.85255,39.62722,0.970463,0.237037,0.04489,41.16834,20.85291,39.66066,0.945466,0.305578,-0.112763
"meditation_experiment_20260516_002946_263",1778884213445,27182,1250,1,0.996094,41.1722,20.85304,39.69377,0.975505,0.219705,-0.010984,1,0.996094,41.16438,20.85222,39.62692,0.974837,0.218795,0.04268,41.16829,20.85263,39.66034,0.946209,0.302646,-0.114433
"meditation_experiment_20260516_002946_263",1778884213556,27293,1254,1,0.996094,41.17197,20.85276,39.69357,0.972613,0.211022,-0.097437,1,0.996094,41.16402,20.85191,39.62672,0.976484,0.21116,-0.043491,41.168,20.85233,39.66014,0.947178,0.29886,-0.116347
"meditation_experiment_20260516_002946_263",1778884213668,27405,1258,1,0.996094,41.17135,20.85292,39.6932,0.972486,0.211656,-0.097327,1,0.996094,41.16325,20.8519,39.62638,0.97633,0.211889,-0.043387,41.1673,20.85241,39.65979,0.946986,0.298325,-0.119249
"meditation_experiment_20260516_002946_263",1778884213779,27516,1262,1,0.996094,41.17102,20.85301,39.69271,0.973376,0.174719,-0.148368,1,0.996094,41.1626,20.85172,39.62594,0.979884,0.175709,-0.094624,41.16681,20.85237,39.65933,0.947134,0.295473,-0.125028
"meditation_experiment_20260516_002946_263",1778884213891,27628,1266,1,0.996094,41.17148,20.85228,39.69162,0.917445,0.078934,-0.389953,1,0.996094,41.16244,20.85052,39.62493,0.936543,0.081368,-0.340977,41.16696,20.8514,39.65827,0.949049,0.284215,-0.136121
"meditation_experiment_20260516_002946_263",1778884214002,27739,1270,1,0.996094,41.17312,20.85075,39.68871,0.907292,-0.059155,-0.416319,1,0.996094,41.16267,20.84798,39.62226,0.927984,-0.057713,-0.368125,41.1679,20.84937,39.65548,0.951951,0.260781,-0.160568
"meditation_experiment_20260516_002946_263",1778884214113,27850,1274,1,0.996094,41.1752,20.84939,39.68527,0.906223,-0.08215,-0.414744,1,0.996094,41.16304,20.84579,39.61916,0.927043,-0.080233,-0.36627,41.16912,20.84759,39.65221,0.952293,0.240263,-0.18818
"meditation_experiment_20260516_002946_263",1778884214225,27962,1278,1,0.996094,41.17716,20.84835,39.68247,0.913647,-0.078417,-0.398874,1,0.996094,41.1641,20.84421,39.61657,0.933763,-0.075886,-0.349755,41.17063,20.84628,39.64952,0.952482,0.227122,-0.202962
"meditation_experiment_20260516_002946_263",1778884214336,28073,1282,1,0.996094,41.17912,20.84714,39.68037,0.918223,-0.074568,-0.388983,1,0.996094,41.16563,20.84264,39.61457,0.93787,-0.071643,-0.33951,41.17237,20.84489,39.64747,0.95389,0.214261,-0.210205
"meditation_experiment_20260516_002946_263",1778884214447,28184,1286,1,0.996094,41.18044,20.84585,39.67849,0.984356,-0.082504,-0.155677,1,0.996094,41.16677,20.84094,39.61276,0.991669,-0.078251,-0.102326,41.17361,20.84339,39.64563,0.955989,0.200843,-0.213886
"meditation_experiment_20260516_002946_263",1778884214559,28296,1290,1,0.996094,41.18155,20.84487,39.67622,0.981246,-0.087892,-0.171556,1,0.996094,41.16726,20.83948,39.61066,0.989475,-0.083276,-0.118341,41.1744,20.84218,39.64344,0.956619,0.186544,-0.223788
"meditation_experiment_20260516_002946_263",1778884214670,28407,1294,1,0.996094,41.18235,20.84427,39.67397,0.982243,-0.082472,-0.168516,1,0.996094,41.16737,20.83842,39.60861,0.9903,-0.077445,-0.115362,41.17486,20.84134,39.64129,0.955843,0.176479,-0.234988
"meditation_experiment_20260516_002946_263",1778884214781,28518,1298,1,0.996094,41.18269,20.84398,39.67267,0.985094,-0.066542,-0.158625,1,0.996094,41.16748,20.8378,39.60739,0.992534,-0.061259,-0.105473,41.17509,20.84089,39.64003,0.955574,0.172414,-0.239066
"meditation_experiment_20260516_002946_263",1778884214893,28630,1302,1,0.996094,41.18314,20.84402,39.67142,0.996281,0.036326,-0.078131,1,0.996094,41.16713,20.83781,39.60633,0.998844,0.040918,-0.02524,41.17514,20.84092,39.63888,0.952538,0.172597,-0.250761
"meditation_experiment_20260516_002946_263",1778884215005,28742,1306,1,0.996094,41.18383,20.844,39.66833,0.993233,0.034937,-0.110764,1,0.996094,41.16545,20.83806,39.60384,0.997542,0.039322,-0.058007,41.17464,20.84103,39.63609,0.942556,0.174682,-0.284734
"meditation_experiment_20260516_002946_263",1778884215116,28853,1310,1,0.996094,41.18461,20.84372,39.66409,0.851297,0.061548,-0.521062,1,0.996094,41.16265,20.83823,39.60069,0.877476,0.066594,-0.474975,41.17363,20.84097,39.63239,0.925613,0.174875,-0.335649
"meditation_experiment_20260516_002946_263",1778884215227,28964,1314,1,0.996094,41.18516,20.8435,39.66039,0.828971,0.061231,-0.55593,1,0.996094,41.16035,20.83801,39.59805,0.857062,0.066259,-0.510935,41.17276,20.84076,39.62922,0.909444,0.174642,-0.377377
"meditation_experiment_20260516_002946_263",1778884215339,29076,1318,1,0.996094,41.18545,20.84335,39.65794,0.84356,0.066813,-0.532862,1,0.996094,41.15906,20.83795,39.59624,0.870621,0.071629,-0.486712,41.17226,20.84065,39.62709,0.899887,0.173654,-0.40006
"meditation_experiment_20260516_002946_263",1778884215450,29187,1322,1,0.996094,41.18563,20.84328,39.65764,0.857439,0.045521,-0.512569,1,0.996094,41.159,20.83784,39.59606,0.88354,0.050158,-0.465662,41.17231,20.84056,39.62685,0.898086,0.174277,-0.403818
"meditation_experiment_20260516_002946_263",1778884215562,29299,1326,1,0.996094,41.18575,20.84327,39.65814,0.849364,0.057206,-0.524699,1,0.996094,41.15934,20.83805,39.59644,0.876055,0.061785,-0.478238,41.17255,20.84066,39.62729,0.899685,0.175269,-0.399809
"meditation_experiment_20260516_002946_263",1778884215673,29410,1330,1,0.996094,41.18584,20.84362,39.65818,0.848443,0.053044,-0.526623,1,0.996094,41.15934,20.8385,39.59651,0.875255,0.057517,-0.48023,41.17259,20.84106,39.62735,0.898327,0.17961,-0.400935
"meditation_experiment_20260516_002946_263",1778884215784,29521,1334,1,0.996094,41.18571,20.84379,39.65808,0.844474,0.056767,-0.532579,1,0.996094,41.15903,20.83881,39.59648,0.871599,0.061157,-0.48639,41.17237,20.8413,39.62728,0.896814,0.182058,-0.403213
"meditation_experiment_20260516_002946_263",1778884215896,29633,1338,1,0.996094,41.18575,20.84389,39.65862,0.84771,0.055578,-0.527541,1,0.996094,41.15908,20.83918,39.597,0.8746,0.059731,-0.481153,41.17241,20.84153,39.62781,0.896859,0.184051,-0.402206
"meditation_experiment_20260516_002946_263",1778884216007,29744,1342,1,0.996094,41.18562,20.84407,39.65965,0.93276,0.01984,-0.359951,1,0.996094,41.1591,20.83961,39.59793,0.950737,0.023348,-0.30912,41.17236,20.84184,39.62879,0.897664,0.186905,-0.399082
"meditation_experiment_20260516_002946_263",1778884216118,29855,1346,1,0.996094,41.18565,20.84406,39.66064,0.936985,0.021569,-0.348704,1,0.996094,41.15926,20.83998,39.59885,0.954346,0.024757,-0.297677,41.17246,20.84201,39.62975,0.898952,0.186592,-0.396318
"meditation_experiment_20260516_002946_263",1778884216230,29967,1350,1,0.996094,41.18525,20.84364,39.66187,0.936027,0.020479,-0.351333,1,0.996094,41.15909,20.83991,39.59996,0.953552,0.023397,-0.30032,41.17217,20.84178,39.63092,0.901394,0.183881,-0.392016
"meditation_experiment_20260516_002946_263",1778884216341,30078,1354,1,0.996094,41.18481,20.84304,39.66484,0.951045,0.05338,-0.304409,1,0.996094,41.15974,20.83992,39.60244,0.965949,0.055586,-0.252691,41.17227,20.84148,39.63364,0.910097,0.177365,-0.374521
"meditation_experiment_20260516_002946_263",1778884216453,30190,1358,1,0.996094,41.18401,20.84249,39.66915,0.985635,0.073167,-0.152221,1,0.996094,41.16088,20.84012,39.60598,0.992231,0.07418,-0.099875,41.17244,20.8413,39.63757,0.923468,0.169015,-0.344442
"meditation_experiment_20260516_002946_263",1778884216564,30301,1362,1,0.996094,41.18242,20.842,39.67427,0.995384,0.035171,-0.089296,1,0.996094,41.16182,20.84002,39.61021,0.998659,0.03629,-0.03693,41.17212,20.84101,39.64224,0.938641,0.157566,-0.306801
"meditation_experiment_20260516_002946_263",1778884216675,30412,1366,1,0.996094,41.18012,20.84248,39.68011,0.994649,0.056803,-0.086299,1,0.996094,41.16254,20.84067,39.61516,0.99778,0.057628,-0.033389,41.17133,20.84158,39.64764,0.951923,0.158658,-0.262051
"meditation_experiment_20260516_002946_263",1778884216786,30523,1370,1,0.996094,41.17769,20.84325,39.68591,0.9986,0.051151,0.013455,1,0.996094,41.16304,20.84201,39.62021,0.99651,0.051429,0.065745,41.17036,20.84263,39.65306,0.962101,0.164261,-0.21767
"meditation_experiment_20260516_002946_263",1778884216897,30634,1374,1,0.996094,41.17571,20.84393,39.69096,0.994815,0.03157,0.096676,1,0.996094,41.16342,20.84339,39.62478,0.988499,0.031493,0.147915,41.16957,20.84366,39.65787,0.967815,0.174747,-0.1811
"meditation_experiment_20260516_002946_263",1778884217009,30746,1378,1,0.996094,41.17382,20.84403,39.69482,0.995922,0.024077,0.08695,1,0.996094,41.16319,20.84408,39.62835,0.99004,0.023685,0.138779,41.1685,20.84406,39.66158,0.97174,0.17787,-0.155189
"meditation_experiment_20260516_002946_263",1778884217121,30858,1382,1,0.996094,41.17206,20.84435,39.69773,0.996491,0.081501,0.019049,1,0.996094,41.16243,20.8448,39.63111,0.994153,0.08032,0.072176,41.16724,20.84458,39.66442,0.973241,0.182602,-0.139498
"meditation_experiment_20260516_002946_263",1778884217232,30969,1386,1,0.996094,41.17071,20.84459,39.69974,0.996456,0.083326,0.01155,1,0.996094,41.16155,20.84527,39.63305,0.994521,0.082003,0.064834,41.16613,20.84493,39.66639,0.973292,0.187947,-0.131828
"meditation_experiment_20260516_002946_263",1778884217343,31080,1390,1,0.996094,41.16991,20.84501,39.70164,0.996673,0.079658,0.017249,1,0.996094,41.16115,20.84567,39.6349,0.994426,0.078385,0.070523,41.16553,20.84534,39.66827,0.973274,0.192055,-0.125912
"meditation_experiment_20260516_002946_263",1778884217454,31191,1394,1,0.996094,41.16934,20.84534,39.70399,0.996463,0.080307,0.024736,1,0.996094,41.16156,20.84601,39.63713,0.993809,0.079059,0.078057,41.16545,20.84568,39.67056,0.974158,0.196486,-0.111397
"meditation_experiment_20260516_002946_263",1778884217566,31303,1398,1,0.996094,41.16833,20.84595,39.70712,0.988052,0.15412,0.000273,1,0.996094,41.16245,20.84656,39.64006,0.986793,0.152708,0.054046,41.16539,20.84626,39.67359,0.975402,0.203888,-0.083796
"meditation_experiment_20260516_002946_263",1778884217677,31414,1402,1,0.996094,41.16735,20.84681,39.7097,0.977053,0.197513,0.079726,1,0.996094,41.1633,20.84736,39.64251,0.9717,0.195336,0.132833,41.16532,20.84709,39.6761,0.974914,0.215155,-0.057024
"meditation_experiment_20260516_002946_263",1778884217789,31526,1406,1,0.996094,41.16612,20.84753,39.71179,0.974432,0.196428,0.109082,1,0.996094,41.16412,20.84776,39.64451,0.96743,0.194512,0.162002,41.16512,20.84764,39.67815,0.974278,0.223564,-0.028309
"meditation_experiment_20260516_002946_263",1778884217900,31637,1410,1,0.996094,41.16458,20.84823,39.71313,0.94664,0.194046,0.257331,1,0.996094,41.1648,20.84812,39.64582,0.932234,0.19122,0.307205,41.16469,20.84818,39.67948,0.973031,0.230658,0.00286
"meditation_experiment_20260516_002946_263",1778884218012,31749,1414,1,0.996094,41.16295,20.84893,39.71371,0.947172,0.195191,0.254493,1,0.996094,41.16513,20.8485,39.64643,0.932669,0.192909,0.304819,41.16404,20.84872,39.68008,0.971248,0.236175,0.029999
"meditation_experiment_20260516_002946_263",1778884218123,31860,1418,1,0.996094,41.16165,20.84952,39.71323,0.945067,0.198243,0.259901,1,0.996094,41.16504,20.84877,39.646,0.930163,0.196286,0.310274,41.16335,20.84915,39.67962,0.968998,0.242731,0.046105
"meditation_experiment_20260516_002946_263",1778884218234,31971,1422,1,0.996094,41.16061,20.8501,39.71215,0.943931,0.206202,0.257829,1,0.996094,41.16469,20.84903,39.64497,0.929026,0.204517,0.308356,41.16265,20.84956,39.67856,0.967363,0.247412,0.054737
"meditation_experiment_20260516_002946_263",1778884218346,32083,1426,1,0.996094,41.16006,20.85026,39.7114,0.937938,0.151156,0.312127,1,0.996094,41.16475,20.84909,39.64426,0.920388,0.149864,0.361146,41.1624,20.84967,39.67783,0.966396,0.249146,0.063283
"meditation_experiment_20260516_002946_263",1778884218457,32194,1430,1,0.996094,41.16009,20.85047,39.7113,0.933704,0.147771,0.326131,1,0.996094,41.16547,20.84919,39.64421,0.915439,0.146588,0.374812,41.16278,20.84983,39.67775,0.965516,0.250013,0.07261
"meditation_experiment_20260516_002946_263",1778884218568,32305,1434,1,0.996094,41.16104,20.85009,39.71128,0.937241,0.143597,0.31774,1,0.996094,41.16674,20.84861,39.64422,0.919302,0.142732,0.366757,41.16389,20.84935,39.67775,0.966048,0.246724,0.076668
"meditation_experiment_20260516_002946_263",1778884218680,32417,1438,1,0.996094,41.16319,20.84924,39.71187,0.931106,0.12394,0.343047,1,0.996094,41.16926,20.84759,39.64485,0.911968,0.123354,0.391279,41.16623,20.84841,39.67836,0.967617,0.238826,0.081731
"meditation_experiment_20260516_002946_263",1778884218791,32528,1442,1,0.996094,41.16612,20.84826,39.71285,0.913789,0.022288,0.405577,1,0.996094,41.17273,20.84655,39.64588,0.891923,0.023244,0.451591,41.16943,20.84741,39.67937,0.969017,0.230092,0.089794
"meditation_experiment_20260516_002946_263",1778884218902,32639,1446,1,0.996094,41.17065,20.84709,39.71404,0.911109,0.022096,0.411573,1,0.996094,41.1779,20.8452,39.64714,0.888915,0.023206,0.457485,41.17428,20.84614,39.68059,0.97011,0.221625,0.098845
"meditation_experiment_20260516_002946_263",1778884219014,32751,1450,1,0.996094,41.17716,20.84532,39.71526,0.970955,-0.066424,0.229859,1,0.996094,41.1848,20.84338,39.64841,0.957355,-0.064354,0.281656,41.18098,20.84435,39.68184,0.971892,0.210769,0.104895
"meditation_experiment_20260516_002946_263",1778884219125,32862,1454,1,0.996094,41.18555,20.8431,39.71641,0.972336,-0.074347,0.221439,1,0.996094,41.19355,20.84108,39.6496,0.959171,-0.072212,0.273454,41.18956,20.84209,39.68301,0.974584,0.194676,0.110846
"meditation_experiment_20260516_002946_263",1778884219236,32973,1458,1,0.996094,41.19451,20.84114,39.71779,0.969321,-0.079327,0.232646,1,0.996094,41.20309,20.8391,39.65106,0.955573,-0.077126,0.284487,41.1988,20.84012,39.68443,0.975931,0.182149,0.119914
"meditation_experiment_20260516_002946_263",1778884219348,33085,1462,1,0.996094,41.20221,20.83975,39.72008,0.943004,-0.039662,0.33041,1,0.996094,41.21195,20.83802,39.6535,0.924283,-0.037817,0.379831,41.20708,20.83889,39.68679,0.973886,0.180387,0.137866
"meditation_experiment_20260516_002946_263",1778884219460,33197,1466,1,0.996094,41.20798,20.83864,39.72263,0.90797,-0.027996,0.418099,1,0.996094,41.21903,20.83734,39.65624,0.88511,-0.026529,0.464625,41.21351,20.83799,39.68944,0.970635,0.181385,0.158014
"meditation_experiment_20260516_002946_263",1778884219571,33308,1470,1,0.996094,41.21187,20.83754,39.72455,0.904649,-0.02486,0.425432,1,0.996094,41.22393,20.83663,39.65833,0.881349,-0.023754,0.471868,41.2179,20.83709,39.69144,0.967935,0.181316,0.173857
"meditation_experiment_20260516_002946_263",1778884219682,33419,1474,1,0.996094,41.2131,20.83657,39.72587,0.902592,-0.026319,0.429692,1,0.996094,41.22594,20.83586,39.6598,0.87902,-0.025362,0.47611,41.21952,20.83622,39.69283,0.966419,0.177434,0.185881
"meditation_experiment_20260516_002946_263",1778884219793,33530,1478,1,0.996094,41.21155,20.8364,39.72649,0.848284,-0.086643,0.522405,1,0.996094,41.22518,20.83574,39.66058,0.820928,-0.084427,0.564756,41.21836,20.83607,39.69353,0.964781,0.173421,0.197797
"meditation_experiment_20260516_002946_263",1778884219905,33642,1482,1,0.996094,41.2072,20.83693,39.72636,0.853374,-0.069327,0.516669,1,0.996094,41.22155,20.83632,39.66059,0.826085,-0.067556,0.559482,41.21438,20.83663,39.69347,0.962696,0.172454,0.208512
"meditation_experiment_20260516_002946_263",1778884220016,33753,1486,1,0.996094,41.20277,20.83763,39.72612,0.856479,-0.068849,0.51157,1,0.996094,41.21742,20.83703,39.66042,0.829337,-0.067123,0.554703,41.2101,20.83733,39.69327,0.962288,0.169163,0.213041
"meditation_experiment_20260516_002946_263",1778884220128,33865,1490,1,0.996094,41.19896,20.83784,39.72589,0.944851,-0.088516,0.315313,1,0.996094,41.21366,20.83743,39.6602,0.926564,-0.087579,0.3658,41.20631,20.83763,39.69305,0.962504,0.166367,0.21426
"meditation_experiment_20260516_002946_263",1778884220239,33976,1494,1,0.996094,41.19694,20.83807,39.72585,0.946794,-0.086556,0.309983,1,0.996094,41.21146,20.83771,39.66012,0.928781,-0.085688,0.360589,41.2042,20.83789,39.69299,0.963635,0.162797,0.211908
"meditation_experiment_20260516_002946_263",1778884220350,34087,1498,1,0.996094,41.19692,20.83786,39.72598,0.946936,-0.078043,0.311803,1,0.996094,41.21101,20.83754,39.66015,0.928848,-0.077225,0.362323,41.20397,20.8377,39.69306,0.96523,0.161037,0.205908
"meditation_experiment_20260516_002946_263",1778884220461,34198,1502,1,0.996094,41.19904,20.8372,39.72649,0.970057,0.034339,0.24044,1,0.996094,41.21275,20.83686,39.66058,0.955639,0.034491,0.292514,41.20589,20.83703,39.69353,0.967023,0.157234,0.200363
"meditation_experiment_20260516_002946_263",1778884220573,34310,1506,1,0.996094,41.20185,20.83654,39.72754,0.970554,0.011431,0.240611,1,0.996094,41.21542,20.83628,39.66161,0.956141,0.011596,0.292678,41.20864,20.83641,39.69457,0.967913,0.153943,0.198612
"meditation_experiment_20260516_002946_263",1778884220684,34421,1510,1,0.996094,41.20417,20.83591,39.72852,0.967384,0.011449,0.253055,1,0.996094,41.21782,20.83572,39.66261,0.952318,0.011559,0.304889,41.21099,20.83582,39.69556,0.967807,0.152765,0.200034
"meditation_experiment_20260516_002946_263",1778884220796,34533,1514,1,0.996094,41.20577,20.83553,39.72933,0.968787,0.014678,0.24746,1,0.996094,41.21958,20.83528,39.66345,0.954009,0.014817,0.299411,41.21268,20.8354,39.69639,0.967583,0.151237,0.202265
"meditation_experiment_20260516_002946_263",1778884220907,34644,1518,1,0.996094,41.20621,20.83456,39.72966,0.96653,0.004031,0.256524,1,0.996094,41.22021,20.83434,39.66381,0.951277,0.004196,0.30831,41.21321,20.83445,39.69674,0.968308,0.142232,0.205302
"meditation_experiment_20260516_002946_263",1778884221019,34756,1522,1,0.996094,41.20633,20.83273,39.72993,0.969527,-0.006634,0.244894,1,0.996094,41.22037,20.83245,39.66409,0.954885,-0.006387,0.296907,41.21335,20.83259,39.69701,0.971112,0.119407,0.206599
"meditation_experiment_20260516_002946_263",1778884221130,34867,1526,1,0.996094,41.20589,20.83224,39.72944,0.968248,0.017576,0.249372,1,0.996094,41.21975,20.83188,39.66357,0.953367,0.017791,0.301288,41.21282,20.83206,39.6965,0.972176,0.115344,0.203885
"meditation_experiment_20260516_002946_263",1778884221241,34978,1530,1,0.996094,41.20462,20.83342,39.72861,0.967393,0.02341,0.252196,1,0.996094,41.21818,20.83283,39.66268,0.952364,0.023784,0.304036,41.2114,20.83312,39.69565,0.972692,0.119525,0.198957
"meditation_experiment_20260516_002946_263",1778884221352,35089,1534,1,0.996094,41.20375,20.83375,39.72747,0.968053,0.019823,0.249963,1,0.996094,41.2168,20.8332,39.66143,0.953153,0.020172,0.301817,41.21027,20.83348,39.69445,0.974187,0.11938,0.191597
"meditation_experiment_20260516_002946_263",1778884221464,35201,1538,1,0.996094,41.20367,20.83403,39.72473,0.987208,0.053644,0.15014,1,0.996094,41.21597,20.83334,39.65855,0.97759,0.054207,0.203422,41.20982,20.83368,39.69164,0.976328,0.119751,0.180122
"meditation_experiment_20260516_002946_263",1778884221575,35312,1542,1,0.996094,41.20303,20.8346,39.72112,0.98706,0.024495,0.158469,1,0.996094,41.2147,20.83382,39.65482,0.977019,0.025107,0.211669,41.20887,20.83421,39.68797,0.977248,0.126092,0.170551
"meditation_experiment_20260516_002946_263",1778884221687,35424,1546,1,0.996094,41.20248,20.83483,39.71725,0.986007,0.030358,0.163914,1,0.996094,41.21373,20.83356,39.65089,0.97566,0.031334,0.217038,41.20811,20.8342,39.68407,0.978591,0.12495,0.163545
"meditation_experiment_20260516_002946_263",1778884221798,35535,1550,1,0.996094,41.20116,20.83504,39.71417,0.985701,0.011582,0.168104,1,0.996094,41.21235,20.83347,39.64781,0.97515,0.012828,0.221174,41.20675,20.83425,39.68099,0.979575,0.1186,0.162383
"meditation_experiment_20260516_002946_263",1778884221909,35646,1554,1,0.996094,41.1995,20.83423,39.71192,0.985903,-0.003467,0.167285,1,0.996094,41.21062,20.83289,39.64554,0.975413,-0.002387,0.220371,41.20506,20.83356,39.67873,0.981297,0.103663,0.162204
"meditation_experiment_20260516_002946_263",1778884222021,35758,1558,1,0.996094,41.19783,20.83368,39.70923,0.962245,-0.041999,0.268927,1,0.996094,41.20909,20.83327,39.64287,0.946437,-0.041377,0.320227,41.20346,20.83348,39.67605,0.982127,0.08846,0.166135
"meditation_experiment_20260516_002946_263",1778884222132,35869,1562,1,0.996094,41.19681,20.83558,39.70699,0.959953,-0.023912,0.279141,1,0.996094,41.20888,20.83542,39.64077,0.943588,-0.023614,0.330279,41.20285,20.8355,39.67388,0.978707,0.102048,0.178096
"meditation_experiment_20260516_002946_263",1778884222243,35980,1566,1,0.996094,41.19709,20.83875,39.70497,0.960523,-0.009161,0.278049,1,0.996094,41.20954,20.83809,39.63881,0.944204,-0.008573,0.329249,41.20332,20.83842,39.67189,0.975494,0.123226,0.182282
"meditation_experiment_20260516_002946_263",1778884222355,36092,1570,1,0.996094,41.19992,20.83883,39.70297,0.962227,-0.005701,0.272187,1,0.996094,41.2122,20.8377,39.6368,0.946215,-0.004752,0.323503,41.20606,20.83826,39.66988,0.975749,0.126086,0.178934
"meditation_experiment_20260516_002946_263",1778884222466,36203,1574,1,0.996094,41.20614,20.8368,39.70106,0.962514,-0.021506,0.27038,1,0.996094,41.21744,20.83504,39.63472,0.946652,-0.019951,0.321641,41.21179,20.83592,39.66789,0.978874,0.122733,0.16353
"meditation_experiment_20260516_002946_263",1778884222577,36314,1578,1,0.996094,41.21502,20.83564,39.70118,0.983573,-0.020988,0.179288,1,0.996094,41.22501,20.83326,39.63465,0.972492,-0.019006,0.23216,41.22001,20.83445,39.66792,0.983061,0.113872,0.14361
"meditation_experiment_20260516_002946_263",1778884222689,36426,1582,1,0.996094,41.22582,20.83251,39.7049,0.984822,-0.037612,0.169445,1,0.996094,41.23496,20.82992,39.63826,0.974308,-0.03541,0.222418,41.23039,20.83122,39.67158,0.986389,0.098738,0.131481
"meditation_experiment_20260516_002946_263",1778884222800,36537,1586,1,0.996094,41.23587,20.83013,39.71073,0.982811,-0.025489,0.182849,1,0.996094,41.24464,20.82789,39.64403,0.971562,-0.023586,0.235607,41.24026,20.82901,39.67738,0.98836,0.083347,0.127272
"meditation_experiment_20260516_002946_263",1778884222912,36649,1590,1,0.996094,41.2442,20.8283,39.715,0.992073,-0.026325,0.122878,1,0.996094,41.252,20.8267,39.64816,0.984006,-0.02499,0.176372,41.2481,20.8275,39.68158,0.989601,0.088679,0.113251
"meditation_experiment_20260516_002946_263",1778884223023,36760,1594,1,0.996094,41.25021,20.82619,39.718,0.998988,-0.044467,-0.006752,1,0.996094,41.25686,20.82545,39.65102,0.997913,-0.044058,0.047214,41.25354,20.82582,39.68451,0.992274,0.076683,0.097535
"meditation_experiment_20260516_002946_263",1778884223135,36872,1598,1,0.996094,41.25361,20.82423,39.72078,0.99834,-0.055789,0.014354,1,0.996094,41.25983,20.82329,39.65376,0.996132,-0.055188,0.06838,41.25672,20.82376,39.68727,0.993627,0.066123,0.091287
"meditation_experiment_20260516_002946_263",1778884223246,36983,1602,1,0.996094,41.25448,20.82329,39.723,0.998552,-0.051094,0.016865,1,0.996094,41.26081,20.82266,39.65598,0.996194,-0.050724,0.07089,41.25764,20.82297,39.68949,0.993554,0.064407,0.093289
"meditation_experiment_20260516_002946_263",1778884223357,37094,1606,1,0.996094,41.25338,20.82238,39.72406,0.998039,-0.061328,0.012501,1,0.996094,41.25967,20.82206,39.65704,0.995904,-0.061246,0.066525,41.25652,20.82222,39.69056,0.994029,0.057109,0.092975
"meditation_experiment_20260516_002946_263",1778884223469,37206,1610,1,0.996094,41.2501,20.82153,39.72358,0.998423,-0.055692,0.007108,1,0.996094,41.25636,20.82132,39.65656,0.996575,-0.055704,0.061129,41.25323,20.82143,39.69007,0.994657,0.045116,0.092855
"meditation_experiment_20260516_002946_263",1778884223580,37317,1614,1,0.996094,41.24791,20.8242,39.72292,0.998969,-0.045239,0.003685,1,0.996094,41.25382,20.82395,39.65586,0.99731,-0.04518,0.057718,41.25086,20.82407,39.68939,0.994811,0.051925,0.087496
"meditation_experiment_20260516_002946_263",1778884223703,37440,1618,1,0.996094,41.24421,20.82535,39.72206,0.999459,-0.031591,-0.009155,1,0.996094,41.24968,20.82537,39.65497,0.998489,-0.031711,0.044875,41.24694,20.82536,39.68851,0.993911,0.074702,0.080996
"meditation_experiment_20260516_002946_263",1778884223831,37568,1623,1,0.996094,41.24135,20.82533,39.72121,0.998145,-0.05991,0.010874,1,0.996094,41.24652,20.82538,39.6541,0.996079,-0.060072,0.064941,41.24393,20.82536,39.68766,0.994997,0.064063,0.076658
"meditation_experiment_20260516_002946_263",1778884223942,37679,1627,1,0.996094,41.24101,20.82673,39.72122,0.999442,-0.033316,-0.002473,1,0.996094,41.2454,20.82743,39.65405,0.99809,-0.033951,0.051609,41.2432,20.82708,39.68764,0.994272,0.084248,0.065774
"meditation_experiment_20260516_002946_263",1778884224053,37790,1631,1,0.996094,41.24044,20.82583,39.7215,0.998646,-0.047022,-0.022237,1,0.996094,41.24369,20.82724,39.65428,0.998327,-0.048265,0.031846,41.24207,20.82654,39.68789,0.995879,0.075864,0.049704
"meditation_experiment_20260516_002946_263",1778884224164,37901,1635,1,0.996094,41.24054,20.82513,39.72096,0.998214,-0.054697,-0.024051,1,0.996094,41.24247,20.82691,39.65369,0.997967,-0.056204,0.030058,41.2415,20.82602,39.68733,0.996718,0.074956,0.030582
"meditation_experiment_20260516_002946_263",1778884224276,38013,1639,1,0.996094,41.23982,20.82637,39.72023,0.997028,0.015541,-0.07546,1,0.996094,41.24072,20.82863,39.65296,0.999674,0.013772,-0.021513,41.24027,20.8275,39.68659,0.995915,0.088798,0.016375
"meditation_experiment_20260516_002946_263",1778884224387,38124,1643,1,0.996094,41.23902,20.82623,39.72021,0.997526,0.017442,-0.068106,1,0.996094,41.23994,20.82906,39.65297,0.999785,0.01522,-0.014135,41.23948,20.82765,39.68659,0.995659,0.091443,0.017393
"meditation_experiment_20260516_002946_263",1778884224498,38235,1647,1,0.996094,41.23925,20.8259,39.71836,0.997692,-0.002107,-0.067876,1,0.996094,41.23962,20.82843,39.65109,0.999896,-0.004152,-0.013871,41.23943,20.82716,39.68472,0.996149,0.087233,0.008759
"meditation_experiment_20260516_002946_263",1778884224610,38347,1651,1,0.996094,41.24057,20.82351,39.71387,0.996374,0.012456,-0.08417,1,0.996094,41.23924,20.82623,39.64663,0.999491,0.010297,-0.030195,41.23991,20.82487,39.68025,0.996654,0.080051,-0.016502
"meditation_experiment_20260516_002946_263",1778884224721,38458,1655,1,0.996094,41.24147,20.82045,39.70679,0.992528,-0.007091,-0.121809,1,0.996094,41.23722,20.82354,39.63968,0.99764,-0.009588,-0.067988,41.23935,20.82199,39.67324,0.996122,0.064263,-0.060104
"meditation_experiment_20260516_002946_263",1778884224833,38570,1659,1,0.996094,41.24035,20.81882,39.70255,0.977084,-0.004768,-0.212804,1,0.996094,41.23403,20.82162,39.63559,0.987111,-0.007049,-0.159881,41.23719,20.82022,39.66908,0.993701,0.065379,-0.091016
"meditation_experiment_20260516_002946_263",1778884224944,38681,1663,1,0.996094,41.23742,20.81776,39.70144,0.984522,-0.012947,-0.174786,1,0.996094,41.23104,20.8206,39.63448,0.992492,-0.015271,-0.121356,41.23423,20.81918,39.66796,0.994299,0.053315,-0.092349
"meditation_experiment_20260516_002946_263",1778884225055,38792,1667,1,0.996094,41.23291,20.81495,39.70411,0.98657,-0.0379,-0.158882,1,0.996094,41.22792,20.8182,39.63706,0.993605,-0.040635,-0.10535,41.23042,20.81658,39.67059,0.997057,0.022972,-0.073144
"meditation_experiment_20260516_002946_263",1778884225167,38904,1671,1,0.996094,41.2285,20.81544,39.70768,0.995343,-0.054995,-0.079172,1,0.996094,41.22575,20.81964,39.64054,0.997976,-0.058392,-0.025198,41.22712,20.81754,39.67411,0.999153,0.006898,-0.040559
"meditation_experiment_20260516_002946_263",1778884225278,39015,1675,1,0.996094,41.22411,20.81795,39.70984,0.978879,-0.179668,0.097546,1,0.996094,41.22276,20.82146,39.64262,0.971887,-0.181002,0.150581,41.22343,20.8197,39.67623,0.999788,0.006018,-0.019693
"meditation_experiment_20260516_002946_263",1778884225389,39126,1679,1,0.996094,41.22293,20.81887,39.71192,0.971559,-0.161525,0.173156,1,0.996094,41.22294,20.8215,39.64465,0.960813,-0.161837,0.225049,41.22293,20.82018,39.67829,0.999783,0.020836,0.000882
"meditation_experiment_20260516_002946_263",1778884225501,39238,1683,1,0.996094,41.22406,20.81528,39.71259,0.965868,-0.204035,0.159591,1,0.996094,41.22446,20.81692,39.6453,0.955919,-0.20331,0.211859,41.22426,20.8161,39.67895,0.99979,-0.01976,0.005388
"meditation_experiment_20260516_002946_263",1778884225612,39349,1687,1,0.996094,41.2256,20.81142,39.71318,0.956157,-0.269286,0.115106,1,0.996094,41.22621,20.81181,39.64587,0.948722,-0.267638,0.168217,41.2259,20.81162,39.67953,0.99748,-0.070429,0.008602
"meditation_experiment_20260516_002946_263",1778884225724,39461,1691,1,0.996094,41.2268,20.81143,39.71459,0.864048,-0.482562,0.143368,1,0.996094,41.22799,20.81152,39.64728,0.855862,-0.478595,0.19608,41.22739,20.81148,39.68093,0.997225,-0.072356,0.017546
"meditation_experiment_20260516_002946_263",1778884225835,39572,1695,1,0.996094,41.22656,20.81389,39.71559,0.881971,-0.451504,0.135176,1,0.996094,41.22801,20.81374,39.64829,0.874064,-0.447932,0.18807,41.22728,20.81381,39.68194,0.99807,-0.05819,0.021686
"meditation_experiment_20260516_002946_263",1778884225946,39683,1699,1,0.996094,41.22663,20.8155,39.71597,0.885134,-0.447972,0.125931,1,0.996094,41.22802,20.8148,39.64867,0.877829,-0.444273,0.178993,41.22733,20.81515,39.68232,0.99849,-0.050696,0.021167
"meditation_experiment_20260516_002946_263",1778884226057,39794,1703,1,0.996094,41.22739,20.81458,39.71336,0.948923,-0.31523,-0.013275,1,0.996094,41.22684,20.8133,39.64606,0.948566,-0.313933,0.040849,41.22712,20.81394,39.67971,0.998023,-0.062465,-0.007025
"meditation_experiment_20260516_002946_263",1778884226169,39906,1707,1,0.996094,41.22837,20.81067,39.70823,0.930518,-0.364197,-0.038687,1,0.996094,41.22415,20.80875,39.64108,0.932077,-0.361936,0.015354,41.22626,20.80971,39.67466,0.992156,-0.110036,-0.059321
"meditation_experiment_20260516_002946_263",1778884226280,40017,1711,1,0.996094,41.22919,20.80604,39.70219,0.905193,-0.385528,-0.178867,1,0.996094,41.22111,20.80426,39.63539,0.914258,-0.385186,-0.125561,41.22515,20.80515,39.66879,0.979973,-0.163202,-0.114097
"meditation_experiment_20260516_002946_263",1778884226392,40129,1715,1,0.996094,41.22873,20.80203,39.69753,0.685132,-0.715883,-0.134558,1,0.996094,41.21833,20.80055,39.63103,0.694086,-0.715302,-0.081167,41.22353,20.80129,39.66428,0.960413,-0.237842,-0.145046
"meditation_experiment_20260516_002946_263",1778884226504,40241,1719,1,0.996094,41.2277,20.80036,39.69561,0.719457,-0.691503,-0.064851,1,0.996094,41.2169,20.79873,39.62918,0.725725,-0.687893,-0.011294,41.2223,20.79955,39.6624,0.959443,-0.238666,-0.150027
"meditation_experiment_20260516_002946_263",1778884226615,40352,1723,1,0.996094,41.22643,20.80091,39.69521,0.733824,-0.679128,-0.016988,1,0.996094,41.21669,20.79863,39.62864,0.737944,-0.673874,0.036508,41.22156,20.79977,39.66193,0.961223,-0.241924,-0.132379
"meditation_experiment_20260516_002946_263",1778884226726,40463,1727,1,0.996094,41.22565,20.79974,39.69499,0.73986,-0.672723,-0.007196,1,0.996094,41.21692,20.79722,39.62829,0.743245,-0.667412,0.04636,41.22128,20.79848,39.66164,0.960949,-0.251072,-0.116361
"meditation_experiment_20260516_002946_263",1778884226838,40575,1731,1,0.996094,41.2257,20.79839,39.69443,0.717685,-0.69473,0.047738,1,0.996094,41.21749,20.79588,39.62766,0.719011,-0.687636,0.100897,41.2216,20.79713,39.66105,0.959985,-0.258271,-0.10828
"meditation_experiment_20260516_002946_263",1778884226949,40686,1735,1,0.996094,41.22604,20.79921,39.69411,0.721031,-0.691326,0.046718,1,0.996094,41.21813,20.79645,39.62732,0.722338,-0.684282,0.09993,41.22208,20.79783,39.66071,0.961746,-0.253683,-0.103394
"meditation_experiment_20260516_002946_263",1778884227060,40797,1739,1,0.996094,41.22611,20.8004,39.6944,0.72105,-0.690455,0.057956,1,0.996094,41.21873,20.79765,39.62754,0.72171,-0.68322,0.111112,41.22242,20.79903,39.66097,0.964216,-0.246967,-0.096411
"meditation_experiment_20260516_002946_263",1778884227172,40909,1743,1,0.996094,41.22643,20.80004,39.69484,0.705366,-0.706956,0.051693,1,0.996094,41.2195,20.79748,39.62793,0.706208,-0.700178,0.104988,41.22297,20.79876,39.66139,0.964507,-0.248116,-0.090359
"meditation_experiment_20260516_002946_263",1778884227283,41020,1747,1,0.996094,41.22661,20.79947,39.69516,0.699241,-0.713067,0.050975,1,0.996094,41.22001,20.79713,39.62821,0.699955,-0.706527,0.104319,41.22331,20.7983,39.66168,0.964164,-0.250883,-0.08629
"meditation_experiment_20260516_002946_263",1778884227395,41132,1751,1,0.996094,41.22695,20.79944,39.69565,0.7018,-0.71069,0.048952,1,0.996094,41.22059,20.79713,39.62867,0.702452,-0.704335,0.102344,41.22377,20.79829,39.66216,0.964518,-0.250635,-0.082989
"meditation_experiment_20260516_002946_263",1778884227506,41243,1755,1,0.996094,41.22737,20.79907,39.69567,0.698458,-0.71433,0.043471,1,0.996094,41.22102,20.79687,39.62869,0.699309,-0.708219,0.09692,41.22419,20.79797,39.66218,0.964046,-0.252408,-0.083099
"meditation_experiment_20260516_002946_263",1778884227617,41354,1759,1,0.996094,41.22723,20.79921,39.69542,0.701189,-0.711342,0.048231,1,0.996094,41.22079,20.79699,39.62845,0.70187,-0.705019,0.10162,41.22401,20.7981,39.66193,0.96427,-0.251154,-0.084295
"meditation_experiment_20260516_002946_263",1778884227728,41465,1763,1,0.996094,41.22693,20.79963,39.69516,0.698259,-0.714695,0.040576,1,0.996094,41.22041,20.79738,39.6282,0.699301,-0.708616,0.094034,41.22367,20.7985,39.66168,0.964966,-0.248016,-0.085606
"meditation_experiment_20260516_002946_263",1778884227840,41577,1767,1,0.996094,41.22645,20.80001,39.6951,0.692994,-0.719856,0.039591,1,0.996094,41.22003,20.79783,39.62813,0.694063,-0.713873,0.093071,41.22324,20.79892,39.66162,0.965877,-0.244792,-0.08461
"meditation_experiment_20260516_002946_263",1778884227951,41688,1771,1,0.996094,41.22614,20.80052,39.69521,0.689911,-0.722995,0.036072,1,0.996094,41.21981,20.79829,39.62823,0.691119,-0.717166,0.089597,41.22297,20.79941,39.66172,0.966884,-0.24127,-0.083215
"meditation_experiment_20260516_002946_263",1778884228063,41800,1775,1,0.996094,41.22598,20.80063,39.69532,0.685044,-0.72751,0.038013,1,0.996094,41.21964,20.79847,39.62834,0.686215,-0.721619,0.09152,41.22281,20.79955,39.66183,0.96716,-0.239971,-0.083757
"meditation_experiment_20260516_002946_263",1778884228174,41911,1779,1,0.996094,41.22604,20.80073,39.69558,0.686328,-0.72609,0.041806,1,0.996094,41.2198,20.79866,39.62859,0.687268,-0.720128,0.095287,41.22292,20.79969,39.66208,0.967893,-0.237325,-0.082826
"meditation_experiment_20260516_002946_263",1778884228285,42022,1783,1,0.996094,41.22607,20.80074,39.69592,0.675431,-0.736545,0.035986,1,0.996094,41.21993,20.7987,39.62891,0.676637,-0.730853,0.089537,41.223,20.79972,39.66242,0.968024,-0.237287,-0.081393
"meditation_experiment_20260516_002946_263",1778884228397,42134,1787,1,0.996094,41.22606,20.80075,39.69608,0.680725,-0.731684,0.035401,1,0.996094,41.21994,20.79879,39.62907,0.681864,-0.72605,0.088955,41.223,20.79977,39.66257,0.968388,-0.235702,-0.081665
"meditation_experiment_20260516_002946_263",1778884228508,42245,1791,1,0.996094,41.22602,20.80074,39.6963,0.682939,-0.729677,0.034159,1,0.996094,41.21997,20.79879,39.62928,0.68406,-0.724131,0.087732,41.223,20.79977,39.66279,0.968748,-0.234587,-0.080598
"meditation_experiment_20260516_002946_263",1778884228619,42356,1795,1,0.996094,41.22606,20.80087,39.69632,0.682491,-0.729901,0.038105,1,0.996094,41.22005,20.79901,39.6293,0.683425,-0.724246,0.091644,41.22305,20.79994,39.66282,0.968875,-0.234128,-0.080411
"meditation_experiment_20260516_002946_263",1778884228731,42468,1799,1,0.996094,41.22625,20.80083,39.69635,0.681061,-0.73182,0.024409,1,0.996094,41.22021,20.79895,39.62933,0.682528,-0.726679,0.078061,41.22323,20.79988,39.66283,0.968957,-0.23367,-0.080751
"meditation_experiment_20260516_002946_263",1778884228842,42579,1803,1,0.996094,41.22635,20.80086,39.69672,0.680439,-0.73179,0.038552,1,0.996094,41.22053,20.79904,39.62968,0.681278,-0.726207,0.092108,41.22344,20.79995,39.6632,0.969123,-0.233982,-0.077801
"meditation_experiment_20260516_002946_263",1778884228954,42691,1807,1,0.996094,41.22651,20.80102,39.69671,0.681993,-0.730772,0.029278,1,0.996094,41.22071,20.7992,39.62967,0.683143,-0.725563,0.082915,41.22361,20.80011,39.66319,0.9696,-0.232073,-0.077578
"meditation_experiment_20260516_002946_263",1778884229065,42802,1811,1,0.996094,41.22659,20.80099,39.69659,0.677639,-0.734478,0.036715,1,0.996094,41.2208,20.79915,39.62955,0.678564,-0.728971,0.090291,41.22369,20.80007,39.66307,0.969418,-0.2329,-0.077374
"meditation_experiment_20260516_002946_263",1778884229176,42913,1815,1,0.996094,41.22684,20.80068,39.69645,0.675928,-0.735922,0.039252,1,0.996094,41.22102,20.79882,39.62941,0.676801,-0.730293,0.092804,41.22393,20.79975,39.66293,0.969212,-0.233663,-0.077655
"meditation_experiment_20260516_002946_263",1778884229288,43025,1819,1,0.996094,41.22745,20.80035,39.69664,0.679725,-0.733095,0.023373,1,0.996094,41.22166,20.79848,39.6296,0.681125,-0.728101,0.077059,41.22456,20.79941,39.66312,0.968956,-0.234922,-0.077045
"meditation_experiment_20260516_002946_263",1778884229399,43136,1823,1,0.996094,41.228,20.80029,39.6968,0.685684,-0.72716,0.03279,1,0.996094,41.22222,20.79842,39.62976,0.686681,-0.721807,0.086399,41.22511,20.79936,39.66328,0.96904,-0.234577,-0.077038
"meditation_experiment_20260516_002946_263",1778884229511,43248,1827,1,0.996094,41.22853,20.80015,39.69714,0.683318,-0.729357,0.03339,1,0.996094,41.22284,20.79832,39.63009,0.684262,-0.724028,0.087004,41.22569,20.79924,39.66361,0.969236,-0.234186,-0.075754
"meditation_experiment_20260516_002946_263",1778884229622,43359,1831,1,0.996094,41.22852,20.80011,39.69755,0.681569,-0.73098,0.033651,1,0.996094,41.22311,20.79838,39.63047,0.682365,-0.725782,0.087288,41.22582,20.79924,39.66401,0.969426,-0.234524,-0.072187
"meditation_experiment_20260516_002946_263",1778884229734,43471,1835,1,0.996094,41.22897,20.80066,39.69795,0.683279,-0.729579,0.029045,1,0.996094,41.22376,20.79892,39.63086,0.684144,-0.724639,0.08274,41.22636,20.79979,39.6644,0.970384,-0.231401,-0.069346
"meditation_experiment_20260516_002946_263",1778884229845,43582,1839,1,0.996094,41.23186,20.80138,39.69818,0.703174,-0.710393,0.029815,1,0.996094,41.22673,20.79966,39.63108,0.703789,-0.705484,0.083505,41.2293,20.80052,39.66463,0.970343,-0.231906,-0.06822
"meditation_experiment_20260516_002946_263",1778884229957,43694,1843,1,0.996094,41.23692,20.79988,39.69885,0.692158,-0.720478,0.042768,1,0.996094,41.23226,20.79848,39.63171,0.692068,-0.715369,0.096388,41.23459,20.79918,39.66528,0.969273,-0.237948,-0.062376
"meditation_experiment_20260516_002946_263",1778884230068,43805,1847,1,0.996094,41.24252,20.79704,39.69952,0.687361,-0.725321,0.038025,1,0.996094,41.23819,20.79535,39.63237,0.687463,-0.720403,0.091724,41.24036,20.79619,39.66595,0.96857,-0.242267,-0.056383
"meditation_experiment_20260516_002946_263",1778884230179,43916,1851,1,0.996094,41.24822,20.79627,39.70144,0.704288,-0.708802,0.039736,1,0.996094,41.24463,20.7945,39.63424,0.703913,-0.704108,0.093479,41.24643,20.79539,39.66784,0.971957,-0.230622,-0.045961
"meditation_experiment_20260516_002946_263",1778884230290,44027,1855,1,0.996094,41.25248,20.80039,39.70317,0.72978,-0.68287,0.033317,1,0.996094,41.25014,20.79894,39.63591,0.72886,-0.679089,0.087187,41.25131,20.79967,39.66954,0.982101,-0.185915,-0.030212
"meditation_experiment_20260516_002946_263",1778884230401,44138,1859,1,0.996094,41.25488,20.80834,39.70303,0.99274,-0.116006,0.031796,1,0.996094,41.25233,20.80726,39.63577,0.989724,-0.114544,0.085598,41.25361,20.8078,39.6694,0.995039,-0.092691,-0.03615
"meditation_experiment_20260516_002946_263",1778884230512,44249,1863,1,0.996094,41.25454,20.81114,39.70234,0.989255,-0.043376,-0.13962,1,0.996094,41.25102,20.81063,39.63512,0.995369,-0.043105,-0.085922,41.25278,20.81089,39.66873,0.996688,-0.062774,-0.051706
"meditation_experiment_20260516_002946_263",1778884230624,44361,1867,1,0.996094,41.25142,20.81413,39.70046,0.988535,-0.073127,-0.132109,1,0.996094,41.24681,20.81399,39.6333,0.994242,-0.073158,-0.078301,41.24911,20.81406,39.66688,0.996893,-0.03929,-0.068267
"meditation_experiment_20260516_002946_263",1778884230735,44472,1871,1,0.996094,41.24653,20.81962,39.69951,0.989365,-0.061567,-0.131782,1,0.996094,41.24115,20.81914,39.63242,0.995073,-0.061263,-0.077955,41.24384,20.81938,39.66597,0.996797,0.001392,-0.079965
"meditation_experiment_20260516_002946_263",1778884230847,44584,1875,1,0.996094,41.24096,20.82629,39.69876,0.991096,-0.056355,-0.120636,1,0.996094,41.23517,20.82573,39.63169,0.996203,-0.055927,-0.066734,41.23806,20.82601,39.66522,0.994401,0.060873,-0.086378
"meditation_experiment_20260516_002946_263",1778884230959,44696,1879,1,0.996094,41.23588,20.83388,39.698,0.984211,0.12859,-0.121632,1,0.996094,41.22904,20.83346,39.63104,0.989342,0.128899,-0.067732,41.23246,20.83367,39.66452,0.985132,0.138599,-0.101516
"meditation_experiment_20260516_002946_263",1778884231070,44807,1883,1,0.996094,41.23449,20.83708,39.69783,0.984606,0.128538,-0.118443,1,0.996094,41.22662,20.83662,39.63098,0.989578,0.128726,-0.064543,41.23055,20.83685,39.6644,0.977387,0.176594,-0.116313
"meditation_experiment_20260516_002946_263",1778884231181,44918,1887,1,0.996094,41.23458,20.83878,39.69828,0.989673,0.093948,-0.108263,1,0.996094,41.22629,20.83813,39.63148,0.994064,0.094256,-0.054344,41.23043,20.83846,39.66488,0.973785,0.191604,-0.122603
"meditation_experiment_20260516_002946_263",1778884231293,45030,1891,1,0.996094,41.23534,20.84094,39.69861,0.971996,0.202838,-0.118662,1,0.996094,41.22668,20.84104,39.63186,0.977161,0.202379,-0.064795,41.23101,20.84099,39.66523,0.966417,0.224508,-0.125037
"meditation_experiment_20260516_002946_263",1778884231404,45141,1895,1,0.996094,41.23573,20.84127,39.69756,0.972136,0.190682,-0.136348,1,0.996094,41.22621,20.84134,39.63092,0.978242,0.190329,-0.082571,41.23097,20.8413,39.66424,0.96331,0.23054,-0.137427
"meditation_experiment_20260516_002946_263",1778884231516,45253,1899,1,0.996094,41.23506,20.84091,39.69535,0.966887,0.212377,-0.141509,1,0.996094,41.2248,20.8403,39.62883,0.973223,0.212445,-0.087771,41.22993,20.84061,39.66209,0.964734,0.215753,-0.150796
"meditation_experiment_20260516_002946_263",1778884231628,45365,1903,1,0.996094,41.23372,20.84152,39.69267,0.956284,0.254808,-0.143506,1,0.996094,41.22311,20.84133,39.62619,0.962908,0.254448,-0.089803,41.22841,20.84142,39.65943,0.96343,0.219038,-0.154359
"meditation_experiment_20260516_002946_263",1778884231739,45476,1907,1,0.996094,41.23276,20.84197,39.68922,0.953687,0.266335,-0.139811,1,0.996094,41.2216,20.84141,39.62284,0.9601,0.266071,-0.086113,41.22718,20.84169,39.65603,0.961026,0.22304,-0.163345
"meditation_experiment_20260516_002946_263",1778884231850,45587,1911,1,0.996094,41.23205,20.84251,39.68662,0.953762,0.267277,-0.137482,1,0.996094,41.22084,20.84179,39.62025,0.960024,0.267088,-0.083776,41.22644,20.84215,39.65343,0.959944,0.226701,-0.164663
"meditation_experiment_20260516_002946_263",1778884231962,45699,1915,1,0.996094,41.23201,20.84273,39.68481,0.953438,0.269859,-0.13466,1,0.996094,41.22097,20.8418,39.61841,0.959505,0.269816,-0.080934,41.22649,20.84227,39.65161,0.959299,0.230844,-0.162656
"meditation_experiment_20260516_002946_263",1778884232073,45810,1919,1,0.996094,41.23341,20.84274,39.68284,0.949329,0.279026,-0.144632,1,0.996094,41.22149,20.84148,39.6166,0.955925,0.279161,-0.09098,41.22745,20.84211,39.64972,0.955974,0.234518,-0.176393
"meditation_experiment_20260516_002946_263",1778884232185,45922,1923,1,0.996094,41.2347,20.84231,39.67797,0.903765,0.166267,-0.394417,1,0.996094,41.21902,20.84149,39.61251,0.92353,0.168236,-0.344657,41.22686,20.8419,39.64524,0.944108,0.237112,-0.228994
"meditation_experiment_20260516_002946_263",1778884232296,46033,1927,1,0.996094,41.23683,20.84125,39.66724,0.860415,0.175473,-0.478431,1,0.996094,41.21252,20.84124,39.60447,0.885108,0.176511,-0.430613,41.22467,20.84124,39.63585,0.90589,0.237178,-0.35087
"meditation_experiment_20260516_002946_263",1778884232408,46145,1931,1,0.996094,41.2377,20.84031,39.66135,0.883548,0.16538,-0.43817,1,0.996094,41.20894,20.84069,39.60049,0.906319,0.165008,-0.389047,41.22332,20.8405,39.63092,0.879125,0.236224,-0.41393
"meditation_experiment_20260516_002946_263",1778884232520,46257,1935,1,0.996094,41.23807,20.84032,39.65937,0.863088,0.078828,-0.498865,1,0.996094,41.20839,20.84065,39.59895,0.888887,0.078739,-0.45131,41.22323,20.84048,39.62916,0.872737,0.235601,-0.427577
"meditation_experiment_20260516_002946_263",1778884232631,46368,1939,1,0.996094,41.23832,20.83985,39.66006,0.881479,0.085917,-0.464343,1,0.996094,41.2091,20.83989,39.59942,0.905402,0.085925,-0.41577,41.22371,20.83987,39.62974,0.876134,0.233231,-0.421891
"meditation_experiment_20260516_002946_263",1778884232742,46479,1943,1,0.996094,41.23785,20.8399,39.66079,0.883383,0.093318,-0.459268,1,0.996094,41.20895,20.84019,39.6,0.907059,0.093132,-0.410574,41.2234,20.84005,39.63039,0.878331,0.234606,-0.416527
"meditation_experiment_20260516_002946_263",1778884232854,46591,1947,1,0.996094,41.23715,20.84028,39.66141,0.941147,0.168221,-0.293165,1,0.996094,41.20841,20.84056,39.60054,0.955919,0.16652,-0.241847,41.22278,20.84042,39.63098,0.878845,0.23735,-0.413881
"meditation_experiment_20260516_002946_263",1778884232965,46702,1951,1,0.996094,41.23638,20.84059,39.66208,0.942623,0.171089,-0.286689,1,0.996094,41.20777,20.8409,39.60115,0.95706,0.169296,-0.235319,41.22207,20.84075,39.63161,0.879372,0.239281,-0.411643
"meditation_experiment_20260516_002946_263",1778884233077,46814,1955,1,0.996094,41.2358,20.84071,39.66312,0.940218,0.181955,-0.287895,1,0.996094,41.20751,20.84123,39.60204,0.954816,0.179978,-0.236505,41.22165,20.84097,39.63258,0.88132,0.241597,-0.406086
"meditation_experiment_20260516_002946_263",1778884233188,46925,1959,1,0.996094,41.23535,20.84107,39.66474,0.94423,0.183033,-0.273734,1,0.996094,41.20771,20.84169,39.60336,0.958073,0.180925,-0.222177,41.22153,20.84138,39.63405,0.885134,0.244123,-0.396158
"meditation_experiment_20260516_002946_263",1778884233299,47036,1963,1,0.996094,41.23498,20.8417,39.66898,0.990943,0.13425,-0.003069,1,0.996094,41.20915,20.84266,39.60683,0.990343,0.13062,0.046462,41.22207,20.84217,39.63791,0.895583,0.2495,-0.36835
"meditation_experiment_20260516_002946_263",1778884233410,47147,1967,1,0.996094,41.23421,20.84189,39.67268,0.990294,0.138136,0.015381,1,0.996094,41.21032,20.84282,39.60976,0.988766,0.134525,0.065153,41.22227,20.84236,39.64122,0.90521,0.254927,-0.34001
"meditation_experiment_20260516_002946_263",1778884233522,47259,1971,1,0.996094,41.2339,20.84215,39.67457,0.989745,0.142118,-0.014406,1,0.996094,41.21056,20.84314,39.61143,0.98968,0.138653,0.036172,41.22223,20.84265,39.643,0.907744,0.25713,-0.331489
"meditation_experiment_20260516_002946_263",1778884233633,47370,1975,1,0.996094,41.23347,20.8423,39.67461,0.989118,0.140754,-0.042828,1,0.996094,41.20968,20.84364,39.61166,0.990513,0.137183,0.008124,41.22158,20.84297,39.64314,0.90468,0.261555,-0.336367
"meditation_experiment_20260516_002946_263",1778884233744,47481,1979,1,0.996094,41.2329,20.84248,39.67451,0.949119,0.22765,-0.217597,1,0.996094,41.20881,20.84392,39.61168,0.960321,0.224552,-0.165409,41.22086,20.8432,39.6431,0.903155,0.26186,-0.340208
"meditation_experiment_20260516_002946_263",1778884233856,47593,1983,1,0.996094,41.2323,20.84269,39.67482,0.946767,0.237383,-0.217444,1,0.996094,41.2082,20.84436,39.61199,0.958075,0.234039,-0.16528,41.22025,20.84352,39.6434,0.902368,0.266035,-0.339054
"meditation_experiment_20260516_002946_263",1778884233968,47705,1987,1,0.996094,41.23209,20.84296,39.67496,0.946597,0.237527,-0.218028,1,0.996094,41.20811,20.84461,39.61208,0.957931,0.234231,-0.165846,41.2201,20.84379,39.64352,0.90234,0.268818,-0.336928
"meditation_experiment_20260516_002946_263",1778884234079,47816,1991,1,0.996094,41.23211,20.84311,39.67476,0.944545,0.250575,-0.212241,1,0.996094,41.20805,20.84482,39.61192,0.95569,0.247047,-0.160081,41.22008,20.84397,39.64334,0.901338,0.271376,-0.337559
"meditation_experiment_20260516_002946_263",1778884234190,47927,1995,1,0.996094,41.2322,20.8432,39.67467,0.940138,0.284078,-0.188255,1,0.996094,41.20814,20.84494,39.61183,0.950317,0.279943,-0.13613,41.22017,20.84407,39.64325,0.900831,0.273266,-0.337386
"meditation_experiment_20260516_002946_263",1778884234301,48038,1999,1,0.996094,41.23225,20.84327,39.67477,0.938556,0.289373,-0.18809,1,0.996094,41.20819,20.84508,39.61192,0.948793,0.285138,-0.135974,41.22022,20.84417,39.64334,0.900721,0.27426,-0.336874
"meditation_experiment_20260516_002946_263",1778884234413,48150,2003,1,0.996094,41.23208,20.84335,39.675,0.93792,0.288655,-0.192315,1,0.996094,41.20807,20.84523,39.61214,0.948385,0.284451,-0.140193,41.22008,20.84429,39.64357,0.90062,0.275944,-0.335768
"meditation_experiment_20260516_002946_263",1778884234524,48261,2007,1,0.996094,41.2319,20.84361,39.67526,0.908247,0.343818,-0.23849,1,0.996094,41.20792,20.84552,39.61238,0.9217,0.340094,-0.186563,41.21991,20.84456,39.64382,0.900273,0.278145,-0.334878
"meditation_experiment_20260516_002946_263",1778884234636,48373,2011,1,0.996094,41.23154,20.84362,39.67559,0.91005,0.337351,-0.240838,1,0.996094,41.20763,20.84561,39.61269,0.92357,0.333667,-0.188907,41.21959,20.84462,39.64414,0.900444,0.279431,-0.333345
"meditation_experiment_20260516_002946_263",1778884234747,48484,2015,1,0.996094,41.23114,20.84383,39.67585,0.908465,0.341666,-0.240741,1,0.996094,41.20724,20.84582,39.61295,0.922027,0.337959,-0.188818,41.21919,20.84482,39.6444,0.900106,0.28071,-0.333182
"meditation_experiment_20260516_002946_263",1778884234859,48596,2019,1,0.996094,41.23085,20.84402,39.67601,0.908745,0.343394,-0.237199,1,0.996094,41.20696,20.84604,39.61311,0.922144,0.339602,-0.18526,41.2189,20.84503,39.64456,0.899874,0.281969,-0.332746
"meditation_experiment_20260516_002946_263",1778884234970,48707,2023,1,0.996094,41.23084,20.84405,39.67611,0.886243,0.258849,-0.384149,1,0.996094,41.20698,20.84604,39.61319,0.906673,0.25761,-0.334039,41.21891,20.84504,39.64465,0.899872,0.282494,-0.332307
"meditation_experiment_20260516_002946_263",1778884235081,48818,2027,1,0.996094,41.23123,20.84363,39.67641,0.882264,0.250125,-0.398808,1,0.996094,41.20751,20.84575,39.61345,0.903424,0.249002,-0.349034,41.21937,20.84469,39.64493,0.901564,0.279517,-0.330232
"meditation_experiment_20260516_002946_263",1778884235193,48930,2031,1,0.996094,41.23377,20.83993,39.68152,0.906712,0.216357,-0.362026,1,0.996094,41.21263,20.84263,39.61766,0.925718,0.214655,-0.311399,41.2232,20.84128,39.64959,0.924044,0.242295,-0.295698
"meditation_experiment_20260516_002946_263",1778884235303,49040,2035,1,0.996094,41.23371,20.8369,39.70133,0.95081,-0.224183,0.213782,1,0.996094,41.22587,20.83861,39.63449,0.939073,-0.221309,0.262993,41.22979,20.83776,39.66791,0.982123,0.151798,-0.11132
"meditation_experiment_20260516_002946_263",1778884235414,49151,2039,1,0.996094,41.21561,20.84555,39.73071,0.687875,-0.341277,0.640592,1,0.996094,41.23306,20.84393,39.66571,0.657315,-0.331704,0.67669,41.22433,20.84474,39.69821,0.954164,0.16145,0.252003
"meditation_experiment_20260516_002946_263",1778884235526,49263,2043,1,0.996094,41.19092,20.85332,39.74634,0.552913,-0.420018,0.719634,1,0.996094,41.22512,20.85045,39.68843,0.515441,-0.409973,0.752491,41.20802,20.85189,39.71738,0.846292,0.210391,0.489415
"meditation_experiment_20260516_002946_263",1778884235638,49375,2047,1,0.996094,41.16805,20.85628,39.75802,0.594043,-0.543688,0.592887,1,0.996094,41.21187,20.85372,39.70699,0.556641,-0.539604,0.631647,41.18996,20.855,39.73251,0.74801,0.201839,0.632252
"meditation_experiment_20260516_002946_263",1778884235750,49487,2051,1,0.996094,41.15172,20.85593,39.76518,0.577382,-0.604709,0.548595,1,0.996094,41.19901,20.85435,39.7173,0.539423,-0.603516,0.58719,41.17537,20.85514,39.74124,0.704256,0.167208,0.689975
"meditation_experiment_20260516_002946_263",1778884235862,49599,2055,1,0.996094,41.14315,20.85497,39.76936,0.688733,-0.613893,0.385723,1,0.996094,41.1902,20.85427,39.72122,0.657665,-0.619539,0.428544,41.16668,20.85462,39.74529,0.708973,0.142131,0.690765
"meditation_experiment_20260516_002946_263",1778884235973,49710,2059,1,0.996094,41.14297,20.84837,39.77246,0.71212,-0.623861,0.321999,1,0.996094,41.18822,20.85019,39.72265,0.683193,-0.632043,0.365745,41.1656,20.84928,39.74755,0.735483,0.090205,0.671512
"meditation_experiment_20260516_002946_263",1778884236084,49821,2063,1,0.996094,41.14479,20.84795,39.77592,0.705114,-0.617633,0.348344,1,0.996094,41.18933,20.84996,39.72548,0.6753,-0.624659,0.392137,41.16706,20.84895,39.7507,0.743822,0.099836,0.66088
"meditation_experiment_20260516_002946_263",1778884236196,49933,2067,1,0.996094,41.14727,20.84378,39.77826,0.687679,-0.643598,0.335975,1,0.996094,41.19249,20.84538,39.72842,0.65756,-0.650906,0.379389,41.16988,20.84458,39.75334,0.738119,0.061893,0.671825
"meditation_experiment_20260516_002946_263",1778884236307,50044,2071,1,0.996094,41.14771,20.84197,39.77971,0.680023,-0.656145,0.327174,1,0.996094,41.19336,20.84342,39.73026,0.649807,-0.663763,0.370364,41.17054,20.8427,39.75498,0.733381,0.045161,0.678316
"meditation_experiment_20260516_002946_263",1778884236418,50155,2075,1,0.996094,41.14885,20.84056,39.78025,0.670334,-0.673836,0.310802,1,0.996094,41.19432,20.84261,39.73065,0.640044,-0.681989,0.353885,41.17158,20.84158,39.75545,0.735976,0.034743,0.676115
"meditation_experiment_20260516_002946_263",1778884236531,50268,2080,1,0.996094,41.15141,20.83902,39.78007,0.676152,-0.670953,0.304369,1,0.996094,41.19638,20.84101,39.73002,0.646406,-0.679114,0.347799,41.17389,20.84001,39.75505,0.742911,0.030273,0.668705
"meditation_experiment_20260516_002946_263",1778884236645,50382,2088,1,0.996094,41.15359,20.8369,39.78075,0.661545,-0.688955,0.296142,1,0.996094,41.19798,20.83914,39.73018,0.63161,-0.696927,0.339649,41.17579,20.83802,39.75547,0.751317,0.010249,0.659862
"meditation_experiment_20260516_002946_263",1778884236754,50491,2094,1,0.996094,41.15528,20.83525,39.78197,0.661434,-0.692752,0.287403,1,0.996094,41.19947,20.83806,39.73127,0.631576,-0.701152,0.330906,41.17738,20.83665,39.75662,0.753961,-0.001248,0.656918
"meditation_experiment_20260516_002946_263",1778884236866,50603,2101,1,0.996094,41.15543,20.83478,39.78344,0.663191,-0.683107,0.305849,1,0.996094,41.20018,20.83764,39.73323,0.632709,-0.69128,0.349015,41.17781,20.83621,39.75833,0.746534,-0.000411,0.665348
"meditation_experiment_20260516_002946_263",1778884236978,50715,2109,1,0.996094,41.1492,20.83666,39.78699,0.658009,-0.674548,0.334678,1,0.996094,41.19691,20.83983,39.73961,0.625636,-0.683461,0.376111,41.17305,20.83825,39.7633,0.703841,0.020626,0.710058
"meditation_experiment_20260516_002946_263",1778884237090,50827,2117,1,0.996094,41.14376,20.83706,39.78908,0.650642,-0.679688,0.338658,1,0.996094,41.19371,20.84021,39.74406,0.617282,-0.689586,0.378728,41.16873,20.83863,39.76657,0.668451,0.02498,0.743336
"meditation_experiment_20260516_002946_263",1778884237201,50938,2125,1,0.996094,41.14334,20.83657,39.78941,0.666608,-0.680006,0.305329,1,0.996094,41.19283,20.83982,39.7439,0.634737,-0.69098,0.345913,41.16809,20.8382,39.76665,0.676071,0.020036,0.736564
"meditation_experiment_20260516_002946_263",1778884237312,51049,2133,1,0.996094,41.14949,20.84072,39.78661,0.795815,-0.508836,0.328276,1,0.996094,41.19636,20.84371,39.73838,0.769617,-0.518789,0.372219,41.17292,20.84222,39.76249,0.714594,0.052418,0.697573
"meditation_experiment_20260516_002946_263",1778884237424,51161,2141,1,0.996094,41.16298,20.84625,39.78246,0.928586,0.159935,0.334887,1,0.996094,41.20456,20.84893,39.72959,0.90969,0.160314,0.383099,41.18377,20.84759,39.75602,0.779105,0.105047,0.61803
"meditation_experiment_20260516_002946_263",1778884237535,51272,2149,1,0.996094,41.17574,20.84927,39.77742,0.9295,0.154063,0.335105,1,0.996094,41.21231,20.85118,39.72094,0.910157,0.154249,0.384475,41.19403,20.85023,39.74918,0.827254,0.152135,0.540838
"meditation_experiment_20260516_002946_263",1778884237647,51384,2157,1,0.996094,41.18499,20.84908,39.77322,0.912528,0.152826,0.379391,1,0.996094,41.21892,20.85091,39.71511,0.890601,0.152265,0.428538,41.20196,20.84999,39.74417,0.8484,0.172066,0.500611
"meditation_experiment_20260516_002946_263",1778884237758,51495,2165,1,0.996094,41.19464,20.84756,39.76993,0.901521,0.169262,0.39826,1,0.996094,41.22587,20.85157,39.71043,0.878778,0.166488,0.447248,41.21026,20.84956,39.74018,0.859586,0.211166,0.465318
"meditation_experiment_20260516_002946_263",1778884237868,51605,2172,1,0.996094,41.20457,20.84622,39.76474,0.902599,0.137922,0.407791,1,0.996094,41.23233,20.85098,39.70361,0.879523,0.133978,0.456608,41.21845,20.8486,39.73418,0.885085,0.20496,0.417871
"meditation_experiment_20260516_002946_263",1778884237981,51718,2180,1,0.996094,41.21801,20.84717,39.75744,0.949692,0.248492,0.190624,1,0.996094,41.24109,20.85182,39.69438,0.938167,0.246596,0.242969,41.22955,20.84949,39.72591,0.908452,0.229453,0.34938
"meditation_experiment_20260516_002946_263",1778884238092,51829,2187,1,0.996094,41.22855,20.84715,39.75083,0.945954,0.238273,0.219997,1,0.996094,41.2484,20.85073,39.68661,0.932774,0.23609,0.272386,41.23848,20.84894,39.71872,0.924146,0.237924,0.298911
"meditation_experiment_20260516_002946_263",1778884238215,51952,2194,1,0.996094,41.24099,20.84664,39.74221,0.964828,0.260818,0.032879,1,0.996094,41.25624,20.84937,39.6767,0.961478,0.261042,0.086124,41.24862,20.848,39.70946,0.943514,0.238903,0.229582
"meditation_experiment_20260516_002946_263",1778884238327,52064,2200,1,0.996094,41.25108,20.84559,39.73313,0.964529,0.261444,-0.036478,1,0.996094,41.26191,20.84705,39.66671,0.964734,0.262688,0.01686,41.25649,20.84632,39.69992,0.960333,0.227268,0.161588
"meditation_experiment_20260516_002946_263",1778884238439,52176,2206,1,0.996094,41.25979,20.84569,39.72356,0.959559,0.280698,-0.021318,1,0.996094,41.26561,20.84649,39.65651,0.95907,0.281282,0.032647,41.2627,20.84609,39.69004,0.967813,0.236229,0.0868
"meditation_experiment_20260516_002946_263",1778884238549,52286,2212,1,0.996094,41.26601,20.84572,39.71905,0.943143,0.270031,-0.193817,1,0.996094,41.26871,20.84682,39.6518,0.951751,0.272234,-0.141629,41.26736,20.84627,39.68542,0.968647,0.244701,0.042945
"meditation_experiment_20260516_002946_263",1778884238661,52398,2218,1,0.996094,41.2717,20.84436,39.71458,0.947523,0.266623,-0.176389,1,0.996094,41.27065,20.84612,39.6473,0.955686,0.267267,-0.12342,41.27118,20.84524,39.68094,0.971007,0.238888,-0.00882
"meditation_experiment_20260516_002946_263",1778884238786,52523,2224,1,0.996094,41.27957,20.84076,39.70996,0.944425,0.255656,-0.206645,1,0.996094,41.27307,20.84227,39.64298,0.954454,0.255738,-0.153676,41.27632,20.84152,39.67647,0.971418,0.219901,-0.089388
"meditation_experiment_20260516_002946_263",1778884238897,52634,2230,1,0.996094,41.28504,20.83867,39.707,0.90044,0.22331,-0.373284,1,0.996094,41.27391,20.84017,39.64063,0.919161,0.224507,-0.323637,41.27947,20.83942,39.67381,0.965885,0.205737,-0.157287
"meditation_experiment_20260516_002946_263",1778884239023,52760,2237,1,0.996094,41.28583,20.84047,39.70712,0.901938,0.276725,-0.331558,1,0.996094,41.27202,20.84202,39.64125,0.91892,0.277267,-0.280552,41.27892,20.84125,39.67418,0.954608,0.225237,-0.194918
"meditation_experiment_20260516_002946_263",1778884239134,52871,2243,1,0.996094,41.28383,20.84126,39.70823,0.913882,0.270703,-0.302555,1,0.996094,41.26826,20.84325,39.64277,0.929595,0.270044,-0.250858,41.27605,20.84225,39.6755,0.945821,0.240849,-0.217749
"meditation_experiment_20260516_002946_263",1778884239247,52984,2250,1,0.996094,41.28225,20.84239,39.70623,0.884121,0.318974,-0.341446,1,0.996094,41.26345,20.845,39.64165,0.902441,0.31802,-0.290627,41.27285,20.84369,39.67394,0.932138,0.250675,-0.261306
"meditation_experiment_20260516_002946_263",1778884239358,53095,2257,1,0.996094,41.27909,20.84521,39.70551,0.880336,0.334947,-0.335887,1,0.996094,41.25903,20.84838,39.64133,0.898721,0.333238,-0.285048,41.26906,20.8468,39.67342,0.920104,0.279956,-0.273922
"meditation_experiment_20260516_002946_263",1778884239471,53208,2264,1,0.996094,41.27653,20.84701,39.70412,0.896721,0.324386,-0.301108,1,0.996094,41.25689,20.84903,39.63977,0.912955,0.322918,-0.249475,41.26671,20.84802,39.67195,0.917083,0.292744,-0.270666
"meditation_experiment_20260516_002946_263",1778884239582,53319,2271,1,0.996094,41.27417,20.84903,39.70286,0.909158,0.330278,-0.25367,1,0.996094,41.25583,20.85025,39.6381,0.922682,0.328858,-0.201276,41.265,20.84964,39.67048,0.918884,0.301386,-0.254595
"meditation_experiment_20260516_002946_263",1778884239705,53442,2278,1,0.996094,41.27148,20.85012,39.70267,0.942644,0.333564,0.012542,1,0.996094,41.25517,20.85133,39.63737,0.942493,0.327938,0.064526,41.26333,20.85073,39.67002,0.923847,0.309617,-0.225044
"meditation_experiment_20260516_002946_263",1778884239818,53555,2285,1,0.996094,41.26764,20.85248,39.70199,0.943623,0.33095,0.006939,1,0.996094,41.25285,20.85352,39.63633,0.943525,0.325945,0.059336,41.26025,20.853,39.66916,0.927416,0.313518,-0.203975
"meditation_experiment_20260516_002946_263",1778884239930,53667,2292,1,0.996094,41.26384,20.85332,39.70281,0.937829,0.347089,0.00248,1,0.996094,41.2499,20.8543,39.63696,0.937994,0.342243,0.055109,41.25687,20.85381,39.66988,0.923404,0.333207,-0.190519
"meditation_experiment_20260516_002946_263",1778884240039,53776,2298,1,0.996094,41.2626,20.85339,39.70444,0.94418,0.329428,0.001357,1,0.996094,41.24931,20.85409,39.63845,0.944117,0.325137,0.05412,41.25595,20.85374,39.67145,0.926555,0.328592,-0.183094
"meditation_experiment_20260516_002946_263",1778884240155,53892,2304,1,0.996094,41.26291,20.85249,39.708,0.949642,0.309985,0.045709,1,0.996094,41.25037,20.85379,39.64187,0.94733,0.304913,0.097953,41.25664,20.85314,39.67493,0.934498,0.31215,-0.171101
"meditation_experiment_20260516_002946_263",1778884240272,54009,2310,1,0.996094,41.26407,20.85134,39.71237,0.947429,0.317269,0.041451,1,0.996094,41.25209,20.85293,39.64614,0.945392,0.312123,0.093884,41.25808,20.85214,39.67926,0.937572,0.307675,-0.162159
"meditation_experiment_20260516_002946_263",1778884240383,54120,2317,1,0.996094,41.26816,20.84916,39.71628,0.958936,0.214829,-0.185179,1,0.996094,41.25557,20.8513,39.65018,0.968133,0.212909,-0.131862,41.26186,20.85023,39.68323,0.941833,0.289857,-0.170101
"meditation_experiment_20260516_002946_263",1778884240497,54234,2323,1,0.996094,41.27121,20.84555,39.72055,0.960921,0.21509,-0.174264,1,0.996094,41.25909,20.84835,39.65439,0.969631,0.212608,-0.120891,41.26515,20.84695,39.68747,0.94634,0.279917,-0.161519
"meditation_experiment_20260516_002946_263",1778884240622,54359,2329,1,0.996094,41.27394,20.84587,39.72466,0.963901,0.206101,-0.168576,1,0.996094,41.26265,20.84947,39.65839,0.972366,0.203072,-0.115184,41.2683,20.84767,39.69152,0.95087,0.272364,-0.147186
"meditation_experiment_20260516_002946_263",1778884240732,54469,2334,1,0.996094,41.27573,20.8446,39.72842,0.959786,0.219801,-0.17464,1,0.996094,41.26485,20.84884,39.66212,0.968728,0.216432,-0.121344,41.27029,20.84672,39.69527,0.951144,0.275993,-0.138392
"meditation_experiment_20260516_002946_263",1778884240843,54580,2338,1,0.996094,41.27761,20.84368,39.73036,0.956101,0.207228,-0.207189,1,0.996094,41.26682,20.84829,39.66408,0.966755,0.203948,-0.154242,41.27221,20.84599,39.69722,0.954506,0.264843,-0.137026
"meditation_experiment_20260516_002946_263",1778884240954,54691,2342,1,0.996094,41.27832,20.84266,39.73024,0.901283,0.300257,-0.312306,1,0.996094,41.26662,20.84775,39.66415,0.9179,0.298537,-0.261412,41.27247,20.84521,39.69719,0.954306,0.259061,-0.148958
"meditation_experiment_20260516_002946_263",1778884241066,54803,2346,1,0.996094,41.27686,20.84324,39.7276,0.899935,0.306198,-0.310417,1,0.996094,41.26434,20.84839,39.66166,0.916578,0.304263,-0.259438,41.2706,20.84582,39.69463,0.950961,0.26482,-0.159824
"meditation_experiment_20260516_002946_263",1778884241177,54914,2350,1,0.996094,41.2742,20.84448,39.72534,0.906029,0.304403,-0.294025,1,0.996094,41.26199,20.84902,39.6593,0.921693,0.302688,-0.242617,41.26809,20.84675,39.69232,0.949403,0.272118,-0.156797
"meditation_experiment_20260516_002946_263",1778884241288,55025,2354,1,0.996094,41.2725,20.84584,39.72283,0.991712,0.127753,0.013669,1,0.996094,41.2608,20.84987,39.65667,0.990164,0.123127,0.06645,41.26665,20.84785,39.68975,0.949464,0.275041,-0.151229
"meditation_experiment_20260516_002946_263",1778884241400,55137,2358,1,0.996094,41.27435,20.84719,39.72129,0.989247,0.145844,0.010996,1,0.996094,41.2629,20.85071,39.65505,0.98788,0.141468,0.063878,41.26863,20.84895,39.68817,0.946316,0.287231,-0.148274
"meditation_experiment_20260516_002946_263",1778884241512,55249,2362,1,0.996094,41.28122,20.84643,39.71888,0.984971,0.172699,0.002832,1,0.996094,41.26883,20.84918,39.65277,0.984108,0.168615,0.055683,41.27502,20.84781,39.68583,0.937953,0.306028,-0.163069
"meditation_experiment_20260516_002946_263",1778884241623,55360,2366,1,0.996094,41.2906,20.84369,39.71621,0.947413,0.26776,-0.175253,1,0.996094,41.27635,20.84546,39.65044,0.956333,0.265619,-0.121956,41.28348,20.84458,39.68333,0.936015,0.293015,-0.194984
"meditation_experiment_20260516_002946_263",1778884241734,55471,2370,1,0.996094,41.29687,20.84227,39.71478,0.939062,0.288123,-0.187478,1,0.996094,41.28168,20.84371,39.64921,0.948716,0.286184,-0.134304,41.28928,20.84299,39.68199,0.938195,0.274114,-0.211309
"meditation_experiment_20260516_002946_263",1778884241846,55583,2374,1,0.996094,41.29757,20.84214,39.7135,0.940289,0.301144,-0.158648,1,0.996094,41.28153,20.84338,39.64813,0.948519,0.298664,-0.105416,41.28955,20.84276,39.68081,0.937796,0.264429,-0.224982
"meditation_experiment_20260516_002946_263",1778884241957,55694,2378,1,0.996094,41.29523,20.84452,39.71152,0.936927,0.314612,-0.152274,1,0.996094,41.27849,20.84581,39.64633,0.944974,0.311772,-0.099113,41.28686,20.84517,39.67892,0.929694,0.285295,-0.232974
"meditation_experiment_20260516_002946_263",1778884242069,55806,2382,1,0.996094,41.29131,20.84604,39.71001,0.939095,0.308765,-0.15088,1,0.996094,41.27462,20.84737,39.6448,0.947037,0.305901,-0.097712,41.28297,20.8467,39.67741,0.929047,0.288326,-0.23182
"meditation_experiment_20260516_002946_263",1778884242181,55918,2386,1,0.996094,41.28625,20.84741,39.70713,0.8619,0.383179,-0.332119,1,0.996094,41.2687,20.84847,39.64215,0.879555,0.383885,-0.281098,41.27748,20.84794,39.67464,0.924701,0.291416,-0.244959
"meditation_experiment_20260516_002946_263",1778884242292,56029,2390,1,0.996094,41.28284,20.84679,39.70419,0.852948,0.366676,-0.371521,1,0.996094,41.26369,20.84772,39.63966,0.872639,0.367756,-0.321338,41.27327,20.84725,39.67192,0.917407,0.294161,-0.268018
"meditation_experiment_20260516_002946_263",1778884242403,56140,2394,1,0.996094,41.28029,20.85041,39.70278,0.858801,0.386168,-0.336654,1,0.996094,41.26089,20.85192,39.63834,0.87706,0.386136,-0.285771,41.27059,20.85117,39.67056,0.912915,0.308156,-0.267632
"meditation_experiment_20260516_002946_263",1778884242515,56252,2398,1,0.996094,41.27713,20.85111,39.7015,0.848546,0.441848,-0.291103,1,0.996094,41.25738,20.85194,39.63715,0.864787,0.441367,-0.239453,41.26725,20.85153,39.66932,0.91046,0.308463,-0.275523
"meditation_experiment_20260516_002946_263",1778884242626,56363,2402,1,0.996094,41.2734,20.85217,39.69921,0.833816,0.481169,-0.270607,1,0.996094,41.25282,20.85263,39.63512,0.849411,0.480249,-0.218775,41.2631,20.8524,39.66716,0.903021,0.319087,-0.287641
"meditation_experiment_20260516_002946_263",1778884242738,56475,2406,1,0.996094,41.27034,20.85447,39.69791,0.833812,0.482508,-0.268222,1,0.996094,41.24935,20.85477,39.63395,0.849328,0.481478,-0.216382,41.25985,20.85462,39.66593,0.89817,0.327579,-0.293229
"meditation_experiment_20260516_002946_263",1778884242850,56587,2410,1,0.996094,41.26715,20.8553,39.69804,0.842,0.477629,-0.250813,1,0.996094,41.24692,20.85557,39.63383,0.85648,0.476406,-0.198695,41.25704,20.85544,39.66594,0.898147,0.337711,-0.281573
"meditation_experiment_20260516_002946_263",1778884242960,56697,2414,1,0.996094,41.26394,20.8568,39.69958,0.898318,0.438,-0.034376,1,0.996094,41.24557,20.85697,39.63481,0.901557,0.432293,0.017825,41.25475,20.85688,39.66719,0.901109,0.351003,-0.254559
"meditation_experiment_20260516_002946_263",1778884243072,56809,2418,1,0.996094,41.2618,20.85678,39.701,0.894264,0.447222,-0.016875,1,0.996094,41.2454,20.85653,39.63571,0.896351,0.44192,0.035526,41.2536,20.85666,39.66836,0.90497,0.358806,-0.228666
"meditation_experiment_20260516_002946_263",1778884243184,56921,2422,1,0.996094,41.261,20.85738,39.69862,0.898115,0.434145,-0.070058,1,0.996094,41.24441,20.85627,39.63338,0.902351,0.430661,-0.017147,41.2527,20.85682,39.666,0.902349,0.360872,-0.235663
"meditation_experiment_20260516_002946_263",1778884243295,57032,2426,1,0.996094,41.26055,20.85756,39.69792,0.874152,0.483162,-0.04912,1,0.996094,41.24495,20.85596,39.63246,0.877573,0.479429,0.003776,41.25275,20.85676,39.66519,0.901724,0.369906,-0.22375
"meditation_experiment_20260516_002946_263",1778884243406,57143,2430,1,0.996094,41.261,20.85678,39.69815,0.883707,0.464687,0.055934,1,0.996094,41.24721,20.85492,39.63228,0.881717,0.45932,0.107702,41.2541,20.85585,39.66521,0.910306,0.361953,-0.200832
"meditation_experiment_20260516_002946_263",1778884243517,57254,2434,1,0.996094,41.26171,20.8552,39.69958,0.90985,0.410873,0.05793,1,0.996094,41.24957,20.85411,39.63338,0.90716,0.406145,0.110033,41.25564,20.85466,39.66648,0.921444,0.347092,-0.174551
"meditation_experiment_20260516_002946_263",1778884243629,57366,2438,1,0.996094,41.26034,20.85539,39.69938,0.903515,0.427485,0.030298,1,0.996094,41.24868,20.85422,39.63309,0.902156,0.423362,0.082947,41.25451,20.8548,39.66623,0.92076,0.352054,-0.168107
"meditation_experiment_20260516_002946_263",1778884243740,57477,2442,1,0.996094,41.25929,20.85567,39.69953,0.907444,0.419241,0.027997,1,0.996094,41.24793,20.85384,39.63321,0.905875,0.415785,0.080706,41.25361,20.85476,39.66637,0.922595,0.347442,-0.167638
"meditation_experiment_20260516_002946_263",1778884243851,57588,2446,1,0.996094,41.25857,20.85484,39.6997,0.95559,0.259334,-0.13998,1,0.996094,41.24648,20.85299,39.6335,0.961781,0.259861,-0.086318,41.25252,20.85391,39.6666,0.92206,0.343665,-0.178045
"meditation_experiment_20260516_002946_263",1778884243963,57700,2450,1,0.996094,41.25813,20.85442,39.70133,0.95565,0.260223,-0.137902,1,0.996094,41.24586,20.85272,39.63517,0.961772,0.260573,-0.084246,41.252,20.85357,39.66825,0.923261,0.339408,-0.179977
"meditation_experiment_20260516_002946_263",1778884244074,57811,2454,1,0.996094,41.25814,20.85391,39.70395,0.955757,0.263837,-0.130073,1,0.996094,41.24624,20.85262,39.6377,0.96154,0.263831,-0.076381,41.25219,20.85327,39.67083,0.924891,0.338718,-0.172761
"meditation_experiment_20260516_002946_263",1778884244186,57923,2458,1,0.996094,41.25862,20.85359,39.7052,0.955856,0.265616,-0.125648,1,0.996094,41.24674,20.8525,39.63895,0.961451,0.265399,-0.071949,41.25268,20.85305,39.67207,0.925665,0.337232,-0.171519
"meditation_experiment_20260516_002946_263",1778884244297,58034,2462,1,0.996094,41.25935,20.85333,39.70459,0.899074,0.205506,-0.386567,1,0.996094,41.24681,20.85235,39.63846,0.918176,0.208347,-0.336964,41.25308,20.85284,39.67153,0.924102,0.337022,-0.180146
"meditation_experiment_20260516_002946_263",1778884244408,58145,2466,1,0.996094,41.25999,20.85313,39.70362,0.899869,0.208624,-0.383029,1,0.996094,41.24705,20.85228,39.63757,0.918851,0.211289,-0.333273,41.25352,20.85271,39.6706,0.923085,0.33713,-0.185087
"meditation_experiment_20260516_002946_263",1778884244520,58257,2470,1,0.996094,41.26038,20.85256,39.70333,0.991975,0.094202,-0.084332,1,0.996094,41.24783,20.85187,39.63719,0.995089,0.094096,-0.030733,41.2541,20.85222,39.67026,0.926374,0.331261,-0.179157
"meditation_experiment_20260516_002946_263",1778884244631,58368,2474,1,0.996094,41.26004,20.85246,39.70336,0.997821,0.039128,0.053126,1,0.996094,41.24801,20.85179,39.63713,0.99367,0.039136,0.105301,41.25402,20.85212,39.67024,0.926195,0.33575,-0.171567
"meditation_experiment_20260516_002946_263",1778884244743,58480,2478,1,0.996094,41.25991,20.85219,39.70311,0.997825,0.050494,0.042378,1,0.996094,41.24818,20.85135,39.63683,0.994215,0.050496,0.094796,41.25404,20.85176,39.66996,0.928623,0.330529,-0.168555
"meditation_experiment_20260516_002946_263",1778884244854,58591,2482,1,0.996094,41.25967,20.85227,39.70243,0.995509,0.078705,0.052604,1,0.996094,41.24771,20.85146,39.6362,0.991408,0.078274,0.104802,41.25369,20.85186,39.66932,0.926595,0.334796,-0.17127
"meditation_experiment_20260516_002946_263",1778884244965,58702,2486,1,0.996094,41.25978,20.85236,39.70277,0.987816,0.112294,0.107744,1,0.996094,41.24796,20.85144,39.63651,0.981024,0.111184,0.158839,41.25387,20.8519,39.66964,0.92677,0.334949,-0.170019
"meditation_experiment_20260516_002946_263",1778884245077,58814,2490,1,0.996094,41.26023,20.85208,39.70316,0.986524,0.126493,0.103779,1,0.996094,41.24837,20.85137,39.63689,0.979979,0.125007,0.154964,41.2543,20.85172,39.67002,0.926947,0.334784,-0.16938
"meditation_experiment_20260516_002946_263",1778884245188,58925,2494,1,0.996094,41.26064,20.85181,39.70332,0.984509,0.140844,0.104435,1,0.996094,41.24882,20.85112,39.63705,0.977974,0.139113,0.155614,41.25473,20.85146,39.67019,0.92774,0.332817,-0.168915
"meditation_experiment_20260516_002946_263",1778884245300,59037,2498,1,0.996094,41.26096,20.85155,39.70337,0.94527,0.323944,0.039055,1,0.996094,41.24928,20.85109,39.63708,0.94288,0.320301,0.091567,41.25512,20.85132,39.67022,0.928377,0.332617,-0.165777
"meditation_experiment_20260516_002946_263",1778884245411,59148,2502,1,0.996094,41.26139,20.85066,39.70394,0.949808,0.310678,0.036674,1,0.996094,41.25015,20.84991,39.63758,0.94734,0.307527,0.089294,41.25577,20.85028,39.67076,0.933232,0.320835,-0.161687
"meditation_experiment_20260516_002946_263",1778884245523,59260,2506,1,0.996094,41.2617,20.85085,39.70322,0.945878,0.322747,0.033914,1,0.996094,41.25039,20.85008,39.63686,0.943623,0.319504,0.086564,41.25604,20.85047,39.67004,0.931038,0.326726,-0.162535
"meditation_experiment_20260516_002946_263",1778884245634,59371,2510,1,0.996094,41.26188,20.85075,39.70295,0.944628,0.326297,0.034752,1,0.996094,41.25069,20.84988,39.63657,0.942318,0.323105,0.087408,41.25628,20.85031,39.66976,0.931335,0.326448,-0.161389
"meditation_experiment_20260516_002946_263",1778884245745,59482,2514,1,0.996094,41.2622,20.85054,39.70324,0.939098,0.340071,-0.049462,1,0.996094,41.25128,20.84972,39.63682,0.941043,0.338262,0.004129,41.25674,20.85013,39.67003,0.932326,0.32565,-0.157231
"meditation_experiment_20260516_002946_263",1778884245856,59593,2518,1,0.996094,41.26276,20.84976,39.70449,0.939778,0.335234,-0.066594,1,0.996094,41.25225,20.84897,39.638,0.942541,0.333842,-0.012875,41.2575,20.84937,39.67125,0.936751,0.315312,-0.151909
"meditation_experiment_20260516_002946_263",1778884245968,59705,2522,1,0.996094,41.26331,20.8497,39.70638,0.936122,0.346765,-0.058563,1,0.996094,41.25299,20.84931,39.63986,0.938615,0.344933,-0.004861,41.25815,20.84951,39.67312,0.936421,0.318486,-0.147249
"meditation_experiment_20260516_002946_263",1778884246079,59816,2526,1,0.996094,41.26313,20.84975,39.70756,0.934461,0.349045,-0.070358,1,0.996094,41.25278,20.84981,39.64104,0.937683,0.347095,-0.016618,41.25795,20.84978,39.6743,0.935006,0.323528,-0.145238
"meditation_experiment_20260516_002946_263",1778884246191,59928,2530,1,0.996094,41.26305,20.84942,39.70773,0.918571,0.255911,-0.301226,1,0.996094,41.25247,20.84936,39.64125,0.933415,0.257717,-0.249636,41.25776,20.84939,39.67448,0.935377,0.320665,-0.149146
"meditation_experiment_20260516_002946_263",1778884246302,60039,2534,1,0.996094,41.26332,20.84899,39.70737,0.921632,0.243071,-0.302508,1,0.996094,41.2526,20.84879,39.64091,0.936523,0.244874,-0.250919,41.25796,20.84889,39.67414,0.93602,0.31743,-0.152004
"meditation_experiment_20260516_002946_263",1778884246413,60150,2538,1,0.996094,41.26381,20.84855,39.70747,0.917289,0.254436,-0.306339,1,0.996094,41.25316,20.84846,39.641,0.93239,0.256316,-0.254857,41.25848,20.84851,39.67424,0.936655,0.316302,-0.150436
"meditation_experiment_20260516_002946_263",1778884246525,60262,2542,1,0.996094,41.26266,20.8471,39.71223,0.968966,0.146949,-0.198777,1,0.996094,41.25403,20.84822,39.64547,0.978457,0.146434,-0.145535,41.25834,20.84766,39.67885,0.940793,0.318451,-0.116183
"meditation_experiment_20260516_002946_263",1778884246636,60373,2546,1,0.996094,41.25629,20.84894,39.72686,0.960379,-0.189538,0.204322,1,0.996094,41.25782,20.85176,39.65963,0.947979,-0.189593,0.255716,41.25706,20.85035,39.69324,0.942385,0.33265,0.035419
"meditation_experiment_20260516_002946_263",1778884246748,60485,2550,1,0.996094,41.25054,20.84904,39.7361,0.957713,-0.218174,0.187581,1,0.996094,41.25761,20.85212,39.66922,0.945714,-0.2192,0.239953,41.25407,20.85058,39.70266,0.936365,0.331908,0.114274
"meditation_experiment_20260516_002946_263",1778884246859,60596,2554,1,0.996094,41.24754,20.84916,39.73964,0.967843,-0.220432,0.121205,1,0.996094,41.25508,20.85224,39.67282,0.959219,-0.222322,0.174561,41.25131,20.8507,39.70623,0.934831,0.33387,0.120921
"meditation_experiment_20260516_002946_263",1778884246970,60707,2558,1,0.996094,41.24741,20.84851,39.73997,0.997417,-0.061787,-0.036626,1,0.996094,41.25251,20.85178,39.67293,0.997756,-0.064691,0.017258,41.24996,20.85015,39.70645,0.945126,0.314834,0.087279
"meditation_experiment_20260516_002946_263",1778884247082,60819,2562,1,0.996094,41.24756,20.8479,39.7395,0.952206,0.292106,-0.089316,1,0.996094,41.25213,20.85161,39.67244,0.955933,0.291388,-0.035862,41.24985,20.84975,39.70597,0.947571,0.308931,0.081674
"meditation_experiment_20260516_002946_263",1778884247193,60930,2566,1,0.996094,41.24779,20.84727,39.74124,0.949816,0.259533,0.17462,1,0.996094,41.2548,20.8496,39.67433,0.939443,0.256364,0.227432,41.2513,20.84843,39.70778,0.951549,0.287284,0.109644
"meditation_experiment_20260516_002946_263",1778884247304,61041,2570,1,0.996094,41.24598,20.84779,39.74343,0.930287,0.28859,0.226454,1,0.996094,41.25663,20.84948,39.67698,0.916918,0.285745,0.278589,41.2513,20.84863,39.71021,0.941008,0.29896,0.158516
"meditation_experiment_20260516_002946_263",1778884247415,61152,2574,1,0.996094,41.24568,20.84599,39.74445,0.87929,0.219155,0.422873,1,0.996094,41.25936,20.84807,39.67857,0.856357,0.214497,0.469728,41.25252,20.84703,39.71151,0.939044,0.276993,0.203645
"meditation_experiment_20260516_002946_263",1778884247527,61264,2578,1,0.996094,41.24711,20.84501,39.74426,0.882292,0.224943,0.413475,1,0.996094,41.26178,20.84681,39.67858,0.859604,0.220706,0.460835,41.25444,20.84591,39.71142,0.938091,0.270116,0.216848
"meditation_experiment_20260516_002946_263",1778884247638,61375,2582,1,0.996094,41.2485,20.84492,39.74314,0.885541,0.238458,0.398693,1,0.996094,41.26311,20.84617,39.67745,0.863446,0.23465,0.446542,41.2558,20.84554,39.7103,0.939555,0.267243,0.214052
"meditation_experiment_20260516_002946_263",1778884247750,61487,2586,1,0.996094,41.24987,20.84418,39.74238,0.885131,0.245668,0.395209,1,0.996094,41.26408,20.84567,39.6766,0.863295,0.241567,0.443135,41.25697,20.84492,39.70949,0.942016,0.262116,0.209528
"meditation_experiment_20260516_002946_263",1778884247861,61598,2590,1,0.996094,41.25037,20.84369,39.74298,0.880664,0.252005,0.401155,1,0.996094,41.26494,20.84516,39.67728,0.858521,0.247831,0.448912,41.25765,20.84443,39.71014,0.941692,0.259059,0.21472
"meditation_experiment_20260516_002946_263",1778884247972,61709,2594,1,0.996094,41.24931,20.8435,39.74495,0.857928,0.254087,0.446543,1,0.996094,41.26517,20.84528,39.67956,0.833698,0.249237,0.492777,41.25724,20.84439,39.71226,0.935807,0.263494,0.234173
"meditation_experiment_20260516_002946_263",1778884248084,61821,2598,1,0.996094,41.2476,20.84312,39.74666,0.836835,0.184593,0.515397,1,0.996094,41.26468,20.84511,39.68158,0.809485,0.179994,0.558871,41.25614,20.84411,39.71412,0.931306,0.262506,0.252507
"meditation_experiment_20260516_002946_263",1778884248195,61932,2602,1,0.996094,41.24692,20.84253,39.74778,0.832014,0.20463,0.515636,1,0.996094,41.26479,20.84426,39.6829,0.804537,0.199993,0.559217,41.25585,20.8434,39.71534,0.92907,0.260307,0.262812
"meditation_experiment_20260516_002946_263",1778884248307,62044,2606,1,0.996094,41.24736,20.84195,39.74714,0.851748,0.184987,0.490209,1,0.996094,41.26453,20.8439,39.68208,0.825386,0.180692,0.534872,41.25594,20.84292,39.7146,0.93343,0.253368,0.253994
"meditation_experiment_20260516_002946_263",1778884248418,62155,2610,1,0.996094,41.24794,20.84218,39.74587,0.951159,0.063382,0.302125,1,0.996094,41.26429,20.84395,39.68059,0.933558,0.061661,0.353083,41.25612,20.84307,39.71323,0.936227,0.255394,0.241357
"meditation_experiment_20260516_002946_263",1778884248529,62266,2614,1,0.996094,41.24863,20.84204,39.74499,0.958778,0.051917,0.279375,1,0.996094,41.26454,20.84366,39.6796,0.942351,0.050417,0.330807,41.25658,20.84285,39.7123,0.938265,0.25417,0.234642
"meditation_experiment_20260516_002946_263",1778884248641,62378,2618,1,0.996094,41.24997,20.84155,39.74396,0.95976,0.041009,0.277813,1,0.996094,41.26516,20.8429,39.67839,0.943411,0.039749,0.329234,41.25756,20.84222,39.71117,0.942777,0.247468,0.223453
"meditation_experiment_20260516_002946_263",1778884248752,62489,2622,1,0.996094,41.25203,20.84019,39.74225,0.965103,0.043056,0.258306,1,0.996094,41.26602,20.84119,39.67641,0.949786,0.042072,0.310058,41.25903,20.84069,39.70933,0.950559,0.232829,0.205494
"meditation_experiment_20260516_002946_263",1778884248864,62601,2626,1,0.996094,41.254,20.83948,39.74028,0.97959,0.040671,0.196851,1,0.996094,41.26639,20.84056,39.67412,0.967538,0.039715,0.249588,41.26019,20.84002,39.7072,0.956796,0.226051,0.182876
"meditation_experiment_20260516_002946_263",1778884248974,62711,2630,1,0.996094,41.25534,20.83949,39.73906,0.98951,0.043111,0.137878,1,0.996094,41.26691,20.84056,39.67276,0.980625,0.042262,0.191282,41.26113,20.84002,39.70591,0.959287,0.224735,0.171063
"meditation_experiment_20260516_002946_263",1778884249086,62823,2634,1,0.996094,41.25595,20.83864,39.73859,0.988026,0.036914,0.149808,1,0.996094,41.26721,20.83965,39.67223,0.978493,0.036086,0.203101,41.26158,20.83914,39.70541,0.962156,0.21569,0.166534
"meditation_experiment_20260516_002946_263",1778884249197,62934,2638,1,0.996094,41.25674,20.83796,39.73823,0.988558,0.037551,0.14609,1,0.996094,41.26784,20.83875,39.67184,0.979219,0.036903,0.199419,41.26229,20.83836,39.70503,0.964842,0.205664,0.163652
"meditation_experiment_20260516_002946_263",1778884249309,63046,2642,1,0.996094,41.25716,20.83789,39.73817,0.977646,0.038922,0.206626,1,0.996094,41.2682,20.83867,39.67178,0.965083,0.03815,0.259154,41.26268,20.83828,39.70498,0.964638,0.20722,0.162894
"meditation_experiment_20260516_002946_263",1778884249420,63157,2646,1,0.996094,41.25696,20.8386,39.73807,0.968692,-0.016177,0.247737,1,0.996094,41.26807,20.83924,39.67168,0.953956,-0.016593,0.299488,41.26252,20.83892,39.70487,0.96343,0.212494,0.163243
"meditation_experiment_20260516_002946_263",1778884249532,63269,2650,1,0.996094,41.25673,20.83842,39.73802,0.967879,-0.027319,0.249929,1,0.996094,41.26798,20.83901,39.67165,0.95302,-0.027627,0.301644,41.26236,20.83872,39.70483,0.963347,0.211403,0.165138
"meditation_experiment_20260516_002946_263",1778884249643,63380,2654,1,0.996094,41.25641,20.83847,39.73796,0.968666,-0.029666,0.246589,1,0.996094,41.26765,20.83908,39.67159,0.953978,-0.029988,0.298373,41.26203,20.83878,39.70477,0.963473,0.210839,0.165125
"meditation_experiment_20260516_002946_263",1778884249754,63491,2658,1,0.996094,41.25624,20.83888,39.73782,0.970118,-0.032712,0.240418,1,0.996094,41.26747,20.83947,39.67145,0.955749,-0.033005,0.292327,41.26186,20.83917,39.70464,0.962921,0.213674,0.164705
"meditation_experiment_20260516_002946_263",1778884249866,63603,2662,1,0.996094,41.25616,20.83879,39.73782,0.970952,-0.023394,0.238128,1,0.996094,41.26735,20.83943,39.67144,0.956707,-0.023783,0.290081,41.26175,20.83911,39.70463,0.962768,0.214662,0.164311
"meditation_experiment_20260516_002946_263",1778884249977,63714,2666,1,0.996094,41.25627,20.83872,39.73788,0.903229,0.011396,0.429008,1,0.996094,41.26753,20.83934,39.67151,0.87985,0.010722,0.47513,41.2619,20.83903,39.70469,0.962578,0.21474,0.165321
"meditation_experiment_20260516_002946_263",1778884250088,63825,2670,1,0.996094,41.25626,20.83857,39.73819,0.904697,0.01359,0.425838,1,0.996094,41.26763,20.83927,39.67184,0.881445,0.012817,0.472113,41.26195,20.83892,39.70502,0.962242,0.21483,0.167151
"meditation_experiment_20260516_002946_263",1778884250200,63937,2674,1,0.996094,41.25623,20.83865,39.73835,0.909697,0.019186,0.414829,1,0.996094,41.26764,20.83934,39.67202,0.88692,0.018349,0.461559,41.26194,20.83899,39.70518,0.96173,0.216632,0.167771
"meditation_experiment_20260516_002946_263",1778884250311,64048,2678,1,0.996094,41.25618,20.83853,39.73856,0.957444,0.100967,0.270381,1,0.996094,41.26761,20.83928,39.67223,0.941595,0.099663,0.321663,41.26189,20.8389,39.7054,0.961832,0.2159,0.168127
"meditation_experiment_20260516_002946_263",1778884250423,64160,2682,1,0.996094,41.25595,20.83866,39.73864,0.95725,0.100621,0.271199,1,0.996094,41.26744,20.83945,39.67231,0.94136,0.09928,0.322469,41.2617,20.83905,39.70547,0.961435,0.216961,0.16903
"meditation_experiment_20260516_002946_263",1778884250534,64271,2686,1,0.996094,41.25576,20.83897,39.73864,0.958612,0.100641,0.266335,1,0.996094,41.26729,20.83975,39.67233,0.942966,0.09934,0.317721,41.26152,20.83936,39.70549,0.960961,0.218568,0.169653
"meditation_experiment_20260516_002946_263",1778884250645,64382,2690,1,0.996094,41.25567,20.83905,39.73849,0.977959,0.138149,0.156563,1,0.996094,41.26712,20.83982,39.67216,0.968042,0.137424,0.209783,41.26139,20.83943,39.70532,0.961057,0.21914,0.168365
"meditation_experiment_20260516_002946_263",1778884250757,64494,2694,1,0.996094,41.25568,20.83915,39.7382,0.977996,0.142446,0.152424,1,0.996094,41.26701,20.83985,39.67185,0.968291,0.141793,0.205687,41.26134,20.8395,39.70503,0.961298,0.219571,0.166416
"meditation_experiment_20260516_002946_263",1778884250868,64605,2698,1,0.996094,41.25576,20.83929,39.7379,0.976251,0.149485,0.156807,1,0.996094,41.26696,20.84,39.67152,0.966312,0.148774,0.21002,41.26136,20.83965,39.70471,0.961333,0.220817,0.164559
"meditation_experiment_20260516_002946_263",1778884250979,64716,2702,1,0.996094,41.25603,20.8393,39.73756,0.976365,0.150167,0.155441,1,0.996094,41.26702,20.83994,39.67115,0.966494,0.149496,0.208665,41.26153,20.83962,39.70436,0.961682,0.221774,0.161195
"meditation_experiment_20260516_002946_263",1778884251090,64827,2706,1,0.996094,41.2563,20.83975,39.73722,0.976804,0.147321,0.155406,1,0.996094,41.26698,20.84051,39.67076,0.966957,0.146522,0.208628,41.26164,20.84013,39.70399,0.961712,0.224539,0.157138
"meditation_experiment_20260516_002946_263",1778884251202,64939,2710,1,0.996094,41.25645,20.84089,39.73653,0.964526,0.235407,0.119476,1,0.996094,41.26664,20.84169,39.67,0.956518,0.234813,0.173024,41.26155,20.84129,39.70327,0.961566,0.229942,0.15006
"meditation_experiment_20260516_002946_263",1778884251314,65051,2714,1,0.996094,41.25663,20.84138,39.73574,0.960526,0.254798,0.111664,1,0.996094,41.26635,20.84206,39.66913,0.9529,0.2543,0.165268,41.26149,20.84172,39.70243,0.961993,0.232763,0.142796
"meditation_experiment_20260516_002946_263",1778884251425,65162,2718,1,0.996094,41.25648,20.84165,39.73523,0.959848,0.252383,0.122452,1,0.996094,41.26606,20.84231,39.6686,0.951665,0.251729,0.175971,41.26127,20.84198,39.70192,0.962055,0.233785,0.140695
"meditation_experiment_20260516_002946_263",1778884251536,65273,2722,1,0.996094,41.25624,20.84223,39.73457,0.956478,0.256131,0.139808,1,0.996094,41.26576,20.84271,39.66793,0.947358,0.255353,0.193152,41.261,20.84247,39.70125,0.961504,0.237081,0.138934
"meditation_experiment_20260516_002946_263",1778884251648,65385,2726,1,0.996094,41.25622,20.84261,39.73329,0.926952,0.299733,0.225657,1,0.996094,41.26548,20.84286,39.66661,0.913441,0.297567,0.277631,41.26085,20.84273,39.69995,0.961526,0.239549,0.134481
"meditation_experiment_20260516_002946_263",1778884251759,65496,2730,1,0.996094,41.25604,20.84286,39.73231,0.927791,0.29345,0.230414,1,0.996094,41.2653,20.84301,39.66563,0.914027,0.291322,0.282289,41.26067,20.84293,39.69897,0.961037,0.241746,0.134043
"meditation_experiment_20260516_002946_263",1778884251871,65608,2734,1,0.996094,41.25648,20.84318,39.73112,0.928894,0.295225,0.223604,1,0.996094,41.26501,20.84326,39.66435,0.915517,0.293087,0.275551,41.26074,20.84322,39.69773,0.961722,0.244804,0.123136
"meditation_experiment_20260516_002946_263",1778884251982,65719,2738,1,0.996094,41.26114,20.8447,39.71981,0.943787,0.323944,0.065779,1,0.996094,41.25974,20.84558,39.65251,0.939407,0.321349,0.119369,41.26044,20.84514,39.68616,0.964434,0.263802,-0.016623
"meditation_experiment_20260516_002946_263",1778884252094,65831,2742,1,0.996094,41.26494,20.84579,39.70568,0.858383,0.420264,-0.294205,1,0.996094,41.24992,20.848,39.6401,0.874314,0.420355,-0.242645,41.25743,20.8469,39.67289,0.936541,0.284436,-0.204908
"meditation_experiment_20260516_002946_263",1778884252206,65943,2746,1,0.996094,41.26521,20.84672,39.70147,0.881671,0.341493,-0.325636,1,0.996094,41.24619,20.84898,39.63693,0.899257,0.340569,-0.274499,41.2557,20.84785,39.6692,0.919238,0.295061,-0.260654
"meditation_experiment_20260516_002946_263",1778884252317,66054,2750,1,0.996094,41.264,20.84744,39.70305,0.908663,0.345681,-0.234175,1,0.996094,41.24641,20.84912,39.6381,0.921329,0.343769,-0.181591,41.2552,20.84828,39.67057,0.922755,0.299711,-0.242274
"meditation_experiment_20260516_002946_263",1778884252428,66165,2754,1,0.996094,41.26315,20.84806,39.70566,0.916181,0.340803,-0.210867,1,0.996094,41.24747,20.84907,39.6402,0.927282,0.339429,-0.157914,41.25531,20.84856,39.67293,0.927773,0.303288,-0.217382
"meditation_experiment_20260516_002946_263",1778884252540,66277,2758,1,0.996094,41.26295,20.84843,39.70469,0.911779,0.339717,-0.230764,1,0.996094,41.24693,20.8495,39.63932,0.923942,0.338586,-0.178019,41.25494,20.84896,39.672,0.925258,0.307871,-0.221614
"meditation_experiment_20260516_002946_263",1778884252651,66388,2762,1,0.996094,41.26328,20.84836,39.70215,0.907645,0.335954,-0.251626,1,0.996094,41.24611,20.84936,39.63707,0.920944,0.334965,-0.19915,41.2547,20.84886,39.66961,0.921354,0.307149,-0.238257
"meditation_experiment_20260516_002946_263",1778884252763,66500,2766,1,0.996094,41.26382,20.84824,39.70082,0.91164,0.331621,-0.242776,1,0.996094,41.24624,20.84921,39.63584,0.924484,0.330379,-0.190208,41.25503,20.84872,39.66833,0.919928,0.306667,-0.24431
"meditation_experiment_20260516_002946_263",1778884252874,66611,2770,1,0.996094,41.26427,20.84813,39.70055,0.847915,0.307949,-0.431519,1,0.996094,41.2469,20.84906,39.63552,0.870082,0.310151,-0.383098,41.25558,20.8486,39.66804,0.920877,0.306031,-0.241519
"meditation_experiment_20260516_002946_263",1778884252985,66722,2774,1,0.996094,41.26459,20.84811,39.70046,0.849839,0.310323,-0.425998,1,0.996094,41.24729,20.849,39.63541,0.871735,0.31249,-0.377398,41.25594,20.84856,39.66793,0.920711,0.307212,-0.24065
"meditation_experiment_20260516_002946_263",1778884253097,66834,2778,1,0.996094,41.26456,20.84806,39.70054,0.847418,0.317682,-0.425396,1,0.996094,41.24727,20.84903,39.63549,0.869312,0.31987,-0.376803,41.25591,20.84854,39.66801,0.921376,0.305421,-0.240383
"meditation_experiment_20260516_002946_263",1778884253208,66945,2782,1,0.996094,41.26401,20.84817,39.70121,0.86303,0.319363,-0.39139,1,0.996094,41.24709,20.84921,39.63607,0.883276,0.320959,-0.341773,41.25555,20.84869,39.66864,0.922466,0.306556,-0.234691
"meditation_experiment_20260516_002946_263",1778884253319,67056,2786,1,0.996094,41.26341,20.84858,39.70153,0.933705,0.241539,-0.264301,1,0.996094,41.24653,20.84959,39.63637,0.947192,0.240705,-0.211868,41.25497,20.84908,39.66895,0.922016,0.30841,-0.234028
"meditation_experiment_20260516_002946_263",1778884253430,67167,2790,1,0.996094,41.26305,20.84856,39.70209,0.933098,0.247098,-0.261288,1,0.996094,41.2464,20.84961,39.63688,0.946448,0.246234,-0.20882,41.25472,20.84908,39.66948,0.922768,0.308703,-0.230657
"meditation_experiment_20260516_002946_263",1778884253542,67279,2794,1,0.996094,41.26287,20.84781,39.70335,0.97135,0.205068,-0.120107,1,0.996094,41.24713,20.84873,39.63791,0.976931,0.202845,-0.066787,41.255,20.84827,39.67063,0.927601,0.302722,-0.2189
"meditation_experiment_20260516_002946_263",1778884253653,67390,2798,1,0.996094,41.262,20.84596,39.70928,0.991028,0.133379,0.008648,1,0.996094,41.251,20.84653,39.64287,0.989392,0.131519,0.061694,41.2565,20.84625,39.67607,0.944139,0.291421,-0.153866
"meditation_experiment_20260516_002946_263",1778884253764,67501,2802,1,0.996094,41.26009,20.84528,39.71636,0.982795,0.162833,0.087172,1,0.996094,41.25559,20.84509,39.6492,0.976893,0.161411,0.140094,41.25784,20.84519,39.68278,0.957381,0.281432,-0.064938
"meditation_experiment_20260516_002946_263",1778884253876,67613,2806,1,0.996094,41.25764,20.84574,39.72186,0.971662,0.124349,0.201026,1,0.996094,41.25883,20.84493,39.65455,0.959655,0.123581,0.252567,41.25824,20.84533,39.68821,0.959956,0.279819,0.013664
"meditation_experiment_20260516_002946_263",1778884253987,67724,2810,1,0.996094,41.25251,20.84716,39.72839,0.948296,0.167726,0.26945,1,0.996094,41.26138,20.84541,39.66168,0.932362,0.167566,0.320348,41.25695,20.84628,39.69503,0.950415,0.287368,0.118872
"meditation_experiment_20260516_002946_263",1778884254098,67835,2814,1,0.996094,41.24768,20.84892,39.73255,0.888106,0.183751,0.421312,1,0.996094,41.26186,20.84699,39.66677,0.864583,0.182766,0.468074,41.25477,20.84796,39.69966,0.934261,0.300069,0.192653
"meditation_experiment_20260516_002946_263",1778884254210,67947,2818,1,0.996094,41.24419,20.84881,39.73365,0.911951,0.160798,0.377478,1,0.996094,41.26055,20.84787,39.66835,0.890345,0.160046,0.42623,41.25237,20.84834,39.701,0.928676,0.292173,0.228464
"meditation_experiment_20260516_002946_263",1778884254322,68059,2822,1,0.996094,41.24191,20.84966,39.73183,0.917538,0.169625,0.359657,1,0.996094,41.25891,20.84862,39.6667,0.896717,0.16913,0.409015,41.25041,20.84914,39.69926,0.925516,0.295442,0.236927
"meditation_experiment_20260516_002946_263",1778884254432,68169,2826,1,0.996094,41.23966,20.85039,39.73031,0.868425,0.188504,0.45859,1,0.996094,41.25769,20.84883,39.66547,0.842841,0.187325,0.504509,41.24867,20.84961,39.69789,0.921207,0.298986,0.248969
"meditation_experiment_20260516_002946_263",1778884254544,68281,2830,1,0.996094,41.23642,20.85054,39.7321,0.797995,0.187333,0.57281,1,0.996094,41.2574,20.84879,39.66816,0.767358,0.185464,0.613812,41.24691,20.84967,39.70013,0.909697,0.296807,0.290443
"meditation_experiment_20260516_002946_263",1778884254655,68392,2834,1,0.996094,41.23423,20.85056,39.73352,0.798899,0.196642,0.568412,1,0.996094,41.25742,20.84882,39.67035,0.768015,0.194985,0.610028,41.24583,20.84969,39.70193,0.898701,0.298135,0.32164
"meditation_experiment_20260516_002946_263",1778884254767,68504,2838,1,0.996094,41.23367,20.85079,39.73405,0.798803,0.209048,0.564103,1,0.996094,41.25763,20.84878,39.67118,0.767906,0.207571,0.605998,41.24565,20.84978,39.70261,0.894299,0.300928,0.331168
"meditation_experiment_20260516_002946_263",1778884254878,68615,2842,1,0.996094,41.23222,20.85142,39.73625,0.703768,0.258671,0.661665,1,0.996094,41.25743,20.84945,39.67386,0.66934,0.254961,0.697839,41.24483,20.85044,39.70506,0.885525,0.307714,0.348076
"meditation_experiment_20260516_002946_263",1778884254990,68727,2846,1,0.996094,41.23203,20.85152,39.73832,0.708709,0.253815,0.658263,1,0.996094,41.25816,20.8487,39.67635,0.674014,0.251091,0.694737,41.2451,20.85011,39.70734,0.883688,0.300321,0.35903
"meditation_experiment_20260516_002946_263",1778884255101,68838,2850,1,0.996094,41.23219,20.85116,39.74045,0.704105,0.258853,0.661235,1,0.996094,41.25892,20.84864,39.67872,0.669208,0.255864,0.697635,41.24556,20.8499,39.70958,0.879221,0.302193,0.368308
"meditation_experiment_20260516_002946_263",1778884255213,68950,2854,1,0.996094,41.23267,20.85106,39.74168,0.667081,0.302517,0.680798,1,0.996094,41.25932,20.84874,39.6799,0.631781,0.297975,0.715586,41.24599,20.8499,39.71079,0.878066,0.306707,0.367329
"meditation_experiment_20260516_002946_263",1778884255324,69061,2858,1,0.996094,41.23268,20.85149,39.7424,0.671376,0.300893,0.677287,1,0.996094,41.25926,20.84938,39.68059,0.636208,0.296292,0.712356,41.24597,20.85043,39.71149,0.876889,0.311047,0.366492
"meditation_experiment_20260516_002946_263",1778884255435,69172,2862,1,0.996094,41.23258,20.85138,39.7429,0.66542,0.295743,0.685385,1,0.996094,41.25933,20.8494,39.68116,0.630015,0.291043,0.719983,41.24596,20.85039,39.71203,0.874864,0.313846,0.368937
"meditation_experiment_20260516_002946_263",1778884255547,69284,2866,1,0.996094,41.23288,20.85189,39.74171,0.644024,0.413484,0.643634,1,0.996094,41.25908,20.84941,39.67975,0.610034,0.407027,0.679844,41.24598,20.85065,39.71073,0.878581,0.315124,0.358877
"meditation_experiment_20260516_002946_263",1778884255658,69395,2870,1,0.996094,41.23296,20.85235,39.73883,0.647138,0.421707,0.635119,1,0.996094,41.25842,20.84937,39.67658,0.613535,0.415389,0.671585,41.24569,20.85086,39.7077,0.882385,0.319326,0.345584
"meditation_experiment_20260516_002946_263",1778884255770,69507,2874,1,0.996094,41.23221,20.85286,39.73672,0.6419,0.417261,0.643318,1,0.996094,41.25756,20.84971,39.67444,0.608102,0.410916,0.679235,41.24488,20.85129,39.70558,0.881489,0.325212,0.342366
"meditation_experiment_20260516_002946_263",1778884255881,69618,2878,1,0.996094,41.23172,20.85321,39.73463,0.635013,0.410067,0.654678,1,0.996094,41.25694,20.84997,39.6723,0.600979,0.403623,0.689864,41.24433,20.85159,39.70346,0.881621,0.327809,0.339537
"meditation_experiment_20260516_002946_263",1778884255992,69729,2882,1,0.996094,41.23147,20.85345,39.73285,0.63606,0.412664,0.652025,1,0.996094,41.25672,20.85002,39.67054,0.602047,0.406363,0.68732,41.24409,20.85173,39.70169,0.880965,0.330205,0.338919
"meditation_experiment_20260516_002946_263",1778884256103,69840,2886,1,0.996094,41.23063,20.8542,39.7312,0.628694,0.412572,0.659187,1,0.996094,41.25602,20.85027,39.66898,0.594402,0.406444,0.693894,41.24333,20.85224,39.70009,0.879092,0.336709,0.33738
"meditation_experiment_20260516_002946_263",1778884256215,69952,2890,1,0.996094,41.22987,20.85476,39.7301,0.634405,0.407269,0.657011,1,0.996094,41.25531,20.85076,39.66791,0.600098,0.401414,0.691917,41.24258,20.85276,39.69901,0.877367,0.341603,0.336949
"meditation_experiment_20260516_002946_263",1778884256326,70063,2894,1,0.996094,41.22902,20.85459,39.72995,0.61159,0.319731,0.723692,1,0.996094,41.25471,20.85059,39.66786,0.575671,0.314797,0.754656,41.24187,20.85259,39.6989,0.876025,0.341392,0.340636
"meditation_experiment_20260516_002946_263",1778884256438,70175,2898,1,0.996094,41.2286,20.85323,39.73025,0.644036,0.113743,0.756492,1,0.996094,41.25444,20.84896,39.66824,0.607055,0.114221,0.786408,41.24152,20.85109,39.69925,0.878917,0.330869,0.343556
"meditation_experiment_20260516_002946_263",1778884256549,70286,2902,1,0.996094,41.22819,20.85318,39.73061,0.659609,0.139961,0.738463,1,0.996094,41.25414,20.849,39.66864,0.6229,0.139875,0.769695,41.24116,20.85109,39.69962,0.877862,0.331979,0.345181
"meditation_experiment_20260516_002946_263",1778884256661,70398,2906,1,0.996094,41.22795,20.85313,39.73107,0.665054,0.143981,0.732785,1,0.996094,41.25401,20.84904,39.66914,0.628424,0.143791,0.764465,41.24098,20.85109,39.7001,0.877409,0.331073,0.347196
"meditation_experiment_20260516_002946_263",1778884256772,70509,2910,1,0.996094,41.22789,20.85296,39.73187,0.667992,0.141038,0.730682,1,0.996094,41.25414,20.84911,39.67001,0.631355,0.140772,0.76261,41.24102,20.85103,39.70094,0.876167,0.330152,0.351186
"meditation_experiment_20260516_002946_263",1778884256883,70620,2914,1,0.996094,41.22827,20.85266,39.73239,0.669777,0.140603,0.72913,1,0.996094,41.25465,20.84874,39.67058,0.633129,0.140424,0.761202,41.24146,20.8507,39.70148,0.876436,0.327174,0.353296
"meditation_experiment_20260516_002946_263",1778884256994,70731,2918,1,0.996094,41.22869,20.85226,39.73282,0.671261,0.143333,0.727231,1,0.996094,41.25518,20.84839,39.67105,0.634624,0.143081,0.75946,41.24194,20.85032,39.70193,0.876812,0.323492,0.355743
"meditation_experiment_20260516_002946_263",1778884257106,70843,2922,1,0.996094,41.22942,20.85189,39.73276,0.669423,0.152052,0.727154,1,0.996094,41.25565,20.848,39.67088,0.632867,0.151577,0.759279,41.24253,20.84994,39.70182,0.879751,0.318775,0.352735
"meditation_experiment_20260516_002946_263",1778884257218,70955,2926,1,0.996094,41.23053,20.85165,39.73197,0.679868,0.150915,0.717639,1,0.996094,41.25597,20.84783,39.66977,0.643742,0.15042,0.750314,41.24325,20.84974,39.70087,0.884607,0.316636,0.342362
"meditation_experiment_20260516_002946_263",1778884257329,71066,2930,1,0.996094,41.23058,20.85155,39.73191,0.658775,0.152824,0.736655,1,0.996094,41.25609,20.84767,39.66973,0.622257,0.152142,0.767886,41.24333,20.84961,39.70082,0.884576,0.315774,0.343237
"meditation_experiment_20260516_002946_263",1778884257440,71177,2934,1,0.996094,41.23074,20.85134,39.73183,0.8409,0.136488,0.523697,1,0.996094,41.25624,20.84747,39.66965,0.811478,0.138121,0.567826,41.24349,20.84941,39.70074,0.885096,0.314176,0.343363
"meditation_experiment_20260516_002946_263",1778884257552,71289,2938,1,0.996094,41.23126,20.85124,39.73154,0.839154,0.138446,0.525978,1,0.996094,41.25644,20.84733,39.66924,0.809657,0.14003,0.569954,41.24385,20.84929,39.70039,0.887476,0.312029,0.339152
"meditation_experiment_20260516_002946_263",1778884257663,71400,2942,1,0.996094,41.2323,20.85091,39.73095,0.845684,0.142277,0.514369,1,0.996094,41.25686,20.84693,39.6684,0.81675,0.143899,0.558759,41.24458,20.84892,39.69967,0.891712,0.309178,0.330544
"meditation_experiment_20260516_002946_263",1778884257774,71511,2946,1,0.996094,41.23643,20.84973,39.72755,0.974091,0.064764,0.216685,1,0.996094,41.25717,20.84575,39.66364,0.960741,0.068196,0.268934,41.2468,20.84774,39.69559,0.91418,0.294648,0.278313
"meditation_experiment_20260516_002946_263",1778884257886,71623,2950,1,0.996094,41.24117,20.84872,39.72285,0.983685,0.04363,0.17453,1,0.996094,41.25617,20.8453,39.65732,0.97268,0.046429,0.227462,41.24867,20.84701,39.69009,0.937585,0.284668,0.199744
"meditation_experiment_20260516_002946_263",1778884257997,71734,2954,1,0.996094,41.24455,20.84795,39.7186,0.984735,0.04344,0.168553,1,0.996094,41.25474,20.84454,39.65215,0.974068,0.046075,0.221514,41.24965,20.84624,39.68537,0.952252,0.275377,0.13185
"meditation_experiment_20260516_002946_263",1778884258108,71845,2958,1,0.996094,41.24675,20.84758,39.71567,0.99903,-0.036543,0.024581,1,0.996094,41.25366,20.84417,39.6488,0.996336,-0.033904,0.078519,41.2502,20.84588,39.68223,0.959379,0.268858,0.085487
"meditation_experiment_20260516_002946_263",1778884258219,71956,2962,1,0.996094,41.24797,20.84697,39.71358,0.997458,-0.044729,0.055478,1,0.996094,41.25295,20.84363,39.64654,0.993111,-0.042029,0.109381,41.25046,20.8453,39.68006,0.9637,0.260479,0.058603
"meditation_experiment_20260516_002946_263",1778884258331,72068,2966,1,0.996094,41.24908,20.84605,39.71198,0.996867,-0.045694,0.064568,1,0.996094,41.25269,20.84263,39.64485,0.992042,-0.04285,0.11839,41.25089,20.84434,39.67842,0.968598,0.245477,0.039494
"meditation_experiment_20260516_002946_263",1778884258442,72179,2970,1,0.996094,41.24814,20.8463,39.70948,0.99743,-0.044957,0.055798,1,0.996094,41.24991,20.84235,39.64231,0.993104,-0.04165,0.10959,41.24902,20.84433,39.6759,0.974631,0.223469,0.012548
"meditation_experiment_20260516_002946_263",1778884258553,72290,2974,1,0.996094,41.24345,20.84647,39.70457,0.908488,-0.005622,-0.417874,1,0.996094,41.24026,20.84262,39.63744,0.928483,-0.002602,-0.371365,41.24186,20.84455,39.67101,0.977709,0.201815,-0.057928
"meditation_experiment_20260516_002946_263",1778884258665,72402,2978,1,0.996094,41.23458,20.84898,39.69825,0.879008,-0.016622,-0.476518,1,0.996094,41.22535,20.84513,39.63168,0.902238,-0.013796,-0.431019,41.22997,20.84705,39.66497,0.970808,0.190482,-0.145766
"meditation_experiment_20260516_002946_263",1778884258776,72513,2982,1,0.996094,41.22338,20.84614,39.69526,0.898028,-0.091023,-0.430419,1,0.996094,41.21085,20.8421,39.62925,0.919671,-0.08892,-0.38249,41.21712,20.84412,39.66225,0.97464,0.115021,-0.191959
"meditation_experiment_20260516_002946_263",1778884258887,72624,2986,1,0.996094,41.21641,20.83712,39.69141,0.855909,-0.337731,-0.39161,1,0.996094,41.20182,20.8315,39.62593,0.87692,-0.336822,-0.342874,41.20911,20.83431,39.65867,0.976066,-0.000101,-0.217476
"meditation_experiment_20260516_002946_263",1778884258999,72736,2990,1,0.996094,41.20995,20.82991,39.68637,0.78263,-0.554956,-0.281982,1,0.996094,41.19315,20.8241,39.62144,0.800333,-0.553222,-0.231115,41.20155,20.82701,39.65391,0.966651,-0.081323,-0.242843
"meditation_experiment_20260516_002946_263",1778884259110,72847,2994,1,0.996094,41.20412,20.82206,39.68216,0.751285,-0.614037,-0.24193,1,0.996094,41.18602,20.81613,39.6176,0.7682,-0.611159,-0.190666,41.19507,20.8191,39.64988,0.95316,-0.167432,-0.2519
"meditation_experiment_20260516_002946_263",1778884259221,72958,2998,1,0.996094,41.20073,20.81694,39.67505,0.673255,-0.714168,-0.191553,1,0.996094,41.18074,20.81106,39.61103,0.689981,-0.710116,-0.140223,41.19073,20.814,39.64304,0.939787,-0.203211,-0.274784
"meditation_experiment_20260516_002946_263",1778884259333,73070,3002,1,0.996094,41.19841,20.81053,39.66658,0.665033,-0.717788,-0.206186,1,0.996094,41.17578,20.80527,39.6034,0.683199,-0.713516,-0.155357,41.1871,20.8079,39.63499,0.916502,-0.256477,-0.306991
"meditation_experiment_20260516_002946_263",1778884259445,73182,3006,1,0.996094,41.19764,20.80622,39.66045,0.681966,-0.707454,-0.185558,1,0.996094,41.17353,20.80132,39.59779,0.699597,-0.701718,-0.134748,41.18558,20.80377,39.62912,0.90091,-0.288719,-0.324043
"meditation_experiment_20260516_002946_263",1778884259557,73294,3010,1,0.996094,41.19854,20.80363,39.65784,0.700947,-0.697732,-0.147794,1,0.996094,41.17494,20.79831,39.59502,0.716871,-0.690463,-0.096736,41.18674,20.80097,39.62643,0.898861,-0.308221,-0.311527
"meditation_experiment_20260516_002946_263",1778884259668,73405,3014,1,0.996094,41.20106,20.80184,39.65783,0.705249,-0.696186,-0.133973,1,0.996094,41.17861,20.7962,39.59462,0.72029,-0.68873,-0.082668,41.18983,20.79902,39.62622,0.901524,-0.319606,-0.291731
"meditation_experiment_20260516_002946_263",1778884259779,73516,3018,1,0.996094,41.20354,20.80386,39.66302,0.705988,-0.69893,0.114365,1,0.996094,41.18504,20.79796,39.59857,0.710599,-0.68417,0.164201,41.19429,20.80091,39.6308,0.922266,-0.305585,-0.236736
"meditation_experiment_20260516_002946_263",1778884259890,73627,3022,1,0.996094,41.20529,20.81647,39.67184,0.866269,-0.479475,0.14029,1,0.996094,41.1935,20.80915,39.60596,0.863485,-0.466842,0.190922,41.1994,20.81281,39.6389,0.969702,-0.190989,-0.152319
"meditation_experiment_20260516_002946_263",1778884260001,73738,3026,1,0.996094,41.20373,20.8227,39.67895,0.987056,-0.031764,0.157198,1,0.996094,41.19692,20.81413,39.61253,0.977845,-0.024451,0.207898,41.20033,20.81842,39.64574,0.988023,-0.129097,-0.084523
"meditation_experiment_20260516_002946_263",1778884260112,73849,3030,1,0.996094,41.2034,20.82408,39.68316,0.990697,-0.06969,0.116888,1,0.996094,41.19869,20.81504,39.61662,0.983708,-0.061703,0.168852,41.20105,20.81956,39.64989,0.992999,-0.103948,-0.056111
"meditation_experiment_20260516_002946_263",1778884260223,73960,3034,1,0.996094,41.20272,20.82373,39.68546,0.990412,-0.101444,0.093773,1,0.996094,41.19851,20.81524,39.61882,0.984793,-0.093724,0.146286,41.20062,20.81948,39.65214,0.993365,-0.103762,-0.049603
"meditation_experiment_20260516_002946_263",1778884260334,74071,3038,1,0.996094,41.20248,20.82266,39.68676,0.991559,-0.10376,0.077751,1,0.996094,41.19803,20.8146,39.62008,0.986747,-0.09643,0.130507,41.20025,20.81863,39.65342,0.992566,-0.109607,-0.052914
"meditation_experiment_20260516_002946_263",1778884260445,74182,3042,1,0.996094,41.20177,20.82415,39.68701,0.9949,-0.077606,0.064437,1,0.996094,41.19688,20.81637,39.62033,0.990572,-0.070735,0.117322,41.19932,20.82026,39.65367,0.993787,-0.092401,-0.062047
"meditation_experiment_20260516_002946_263",1778884260557,74294,3046,1,0.996094,41.20057,20.82821,39.68652,0.994025,0.064704,-0.087912,1,0.996094,41.19423,20.82162,39.61983,0.996973,0.069856,-0.034135,41.1974,20.82492,39.65318,0.994634,-0.052006,-0.089433
"meditation_experiment_20260516_002946_263",1778884260668,74405,3050,1,0.996094,41.19969,20.83128,39.68635,0.992738,0.047997,-0.110304,1,0.996094,41.19106,20.8261,39.61979,0.997044,0.05202,-0.056543,41.19537,20.82869,39.65307,0.991745,-0.011497,-0.127712
"meditation_experiment_20260516_002946_263",1778884260780,74517,3054,1,0.996094,41.19946,20.83197,39.68737,0.995581,0.032149,-0.088232,1,0.996094,41.18874,20.82799,39.62104,0.998785,0.03517,-0.034539,41.1941,20.82998,39.65421,0.987111,0.00631,-0.159915
"meditation_experiment_20260516_002946_263",1778884260892,74629,3058,1,0.996094,41.20004,20.83128,39.68893,0.995769,0.001258,-0.091888,1,0.996094,41.18769,20.82831,39.62283,0.99926,0.00363,-0.038292,41.19386,20.8298,39.65588,0.982948,0.006229,-0.183777
"meditation_experiment_20260516_002946_263",1778884261003,74740,3062,1,0.996094,41.20061,20.83068,39.69037,0.996124,0.010894,-0.087291,1,0.996094,41.1869,20.82839,39.6245,0.999348,0.012649,-0.033836,41.19376,20.82954,39.65744,0.978968,0.006457,-0.203913
"meditation_experiment_20260516_002946_263",1778884261115,74852,3066,1,0.996094,41.20074,20.83149,39.69128,0.940617,0.052892,-0.335324,1,0.996094,41.18582,20.82967,39.62566,0.957251,0.054615,-0.284055,41.19328,20.83058,39.65847,0.974829,0.018883,-0.222154
"meditation_experiment_20260516_002946_263",1778884261226,74963,3070,1,0.996094,41.20075,20.83121,39.69156,0.94158,0.051269,-0.332866,1,0.996094,41.18495,20.82989,39.62613,0.958127,0.052547,-0.281483,41.19285,20.83055,39.65884,0.971721,0.021475,-0.235154
"meditation_experiment_20260516_002946_263",1778884261337,75074,3074,1,0.996094,41.2006,20.83148,39.69104,0.945265,0.047878,-0.322773,1,0.996094,41.18425,20.83053,39.62575,0.9613,0.048786,-0.271151,41.19243,20.831,39.6584,0.969635,0.026045,-0.243168
"meditation_experiment_20260516_002946_263",1778884261449,75186,3078,1,0.996094,41.20045,20.83172,39.68966,0.945706,0.048417,-0.321396,1,0.996094,41.18373,20.83074,39.62446,0.961671,0.049332,-0.269733,41.19209,20.83123,39.65706,0.968202,0.027705,-0.24863
"meditation_experiment_20260516_002946_263",1778884261561,75298,3082,1,0.996094,41.2005,20.82977,39.68685,0.944957,0.038598,-0.32491,1,0.996094,41.18335,20.82833,39.62177,0.961103,0.039858,-0.2733,41.19193,20.82905,39.65431,0.966917,0.006848,-0.254999
"meditation_experiment_20260516_002946_263",1778884261672,75409,3086,1,0.996094,41.20063,20.82839,39.68267,0.925507,-0.033238,-0.377271,1,0.996094,41.18244,20.82557,39.61792,0.944563,-0.031126,-0.326853,41.19153,20.82698,39.6503,0.962803,-0.014001,-0.26984
"meditation_experiment_20260516_002946_263",1778884261784,75520,3090,1,0.996094,41.20061,20.82829,39.67838,0.907241,-0.119109,-0.403394,1,0.996094,41.1816,20.82491,39.61389,0.927975,-0.117099,-0.353767,41.19111,20.8266,39.64613,0.959301,-0.017768,-0.281827
"meditation_experiment_20260516_002946_263",1778884261895,75632,3094,1,0.996094,41.20064,20.82784,39.67488,0.912556,-0.125524,-0.389213,1,0.996094,41.18126,20.82414,39.61052,0.932616,-0.12315,-0.339208,41.19095,20.82599,39.6427,0.957637,-0.022236,-0.287121
"meditation_experiment_20260516_002946_263",1778884262006,75743,3098,1,0.996094,41.20036,20.82784,39.67235,0.916067,-0.115598,-0.384006,1,0.996094,41.18082,20.82395,39.60805,0.935832,-0.112968,-0.333854,41.19059,20.82589,39.6402,0.95693,-0.023643,-0.289357
"meditation_experiment_20260516_002946_263",1778884262118,75855,3102,1,0.996094,41.19987,20.82726,39.66998,0.913195,-0.118347,-0.389962,1,0.996094,41.17993,20.82341,39.6058,0.933295,-0.11576,-0.339943,41.1899,20.82534,39.63789,0.955035,-0.030237,-0.294949
"meditation_experiment_20260516_002946_263",1778884262229,75966,3106,1,0.996094,41.19988,20.82239,39.66563,0.882321,-0.170762,-0.438578,1,0.996094,41.17778,20.8179,39.60221,0.905338,-0.168145,-0.389989,41.18883,20.82014,39.63392,0.943072,-0.078716,-0.323141
"meditation_experiment_20260516_002946_263",1778884262341,76078,3110,1,0.996094,41.20074,20.81753,39.66019,0.746622,-0.498639,-0.440359,1,0.996094,41.17584,20.81291,39.59782,0.772392,-0.498691,-0.393341,41.18829,20.81522,39.62901,0.924256,-0.128463,-0.359512
"meditation_experiment_20260516_002946_263",1778884262452,76189,3114,1,0.996094,41.20194,20.8136,39.6567,0.656434,-0.680805,-0.324961,1,0.996094,41.17589,20.80937,39.59477,0.679587,-0.679639,-0.276138,41.18891,20.81149,39.62573,0.913923,-0.158719,-0.373569
"meditation_experiment_20260516_002946_263",1778884262563,76300,3118,1,0.996094,41.20254,20.81152,39.65505,0.670095,-0.683816,-0.288737,1,0.996094,41.17653,20.80706,39.59312,0.691937,-0.681152,-0.239281,41.18953,20.80929,39.62409,0.911725,-0.178256,-0.370111
"meditation_experiment_20260516_002946_263",1778884262674,76411,3122,1,0.996094,41.20288,20.81026,39.65335,0.674841,-0.688863,-0.264686,1,0.996094,41.17652,20.8056,39.59159,0.696015,-0.685085,-0.214995,41.1897,20.80793,39.62247,0.908756,-0.185381,-0.373894
"meditation_experiment_20260516_002946_263",1778884262786,76523,3126,1,0.996094,41.20287,20.81045,39.65202,0.670634,-0.700485,-0.244071,1,0.996094,41.17648,20.80555,39.59029,0.691298,-0.695975,-0.194233,41.18967,20.808,39.62115,0.908753,-0.185973,-0.373608
"meditation_experiment_20260516_002946_263",1778884262898,76635,3130,1,0.996094,41.20328,20.81012,39.65159,0.672328,-0.70087,-0.238236,1,0.996094,41.17703,20.80511,39.58981,0.692763,-0.696141,-0.188327,41.19016,20.80762,39.6207,0.909576,-0.186456,-0.371356
"meditation_experiment_20260516_002946_263",1778884263009,76746,3134,1,0.996094,41.20385,20.81036,39.65146,0.672004,-0.700094,-0.241414,1,0.996094,41.17785,20.80526,39.58958,0.692488,-0.695549,-0.191502,41.19085,20.80781,39.62052,0.91123,-0.185572,-0.367727
"meditation_experiment_20260516_002946_263",1778884263120,76857,3138,1,0.996094,41.20422,20.81017,39.65205,0.67479,-0.696778,-0.243228,1,0.996094,41.17848,20.80514,39.59005,0.695158,-0.692395,-0.193253,41.19135,20.80765,39.62104,0.912794,-0.185584,-0.36382
"meditation_experiment_20260516_002946_263",1778884263231,76968,3142,1,0.996094,41.2041,20.81208,39.66354,0.690256,-0.700262,-0.182156,1,0.996094,41.18406,20.80727,39.59945,0.706032,-0.696047,-0.130532,41.19408,20.80967,39.63149,0.94249,-0.180578,-0.281256
"meditation_experiment_20260516_002946_263",1778884263342,77079,3146,1,0.996094,41.19735,20.814,39.69366,0.643517,-0.592177,0.484986,1,0.996094,41.19699,20.80711,39.6267,0.628407,-0.572534,0.526602,41.19717,20.81056,39.66018,0.984041,-0.177474,0.012909
"meditation_experiment_20260516_002946_263",1778884263453,77190,3150,1,0.996094,41.18902,20.81461,39.71604,0.605832,-0.608908,0.512054,1,0.996094,41.20265,20.80738,39.65052,0.584087,-0.592211,0.555094,41.19584,20.811,39.68328,0.960253,-0.173222,0.21888
"meditation_experiment_20260516_002946_263",1778884263565,77302,3154,1,0.996094,41.18319,20.81355,39.73063,0.51543,-0.646549,0.562412,1,0.996094,41.20414,20.8068,39.66701,0.489583,-0.629694,0.603154,41.19366,20.81017,39.69882,0.927606,-0.18402,0.325091
"meditation_experiment_20260516_002946_263",1778884263676,77413,3158,1,0.996094,41.17947,20.81117,39.74049,0.523488,-0.654044,0.546065,1,0.996094,41.20429,20.80507,39.67821,0.49585,-0.639399,0.587623,41.19188,20.80812,39.70935,0.902021,-0.20558,0.379599
"meditation_experiment_20260516_002946_263",1778884263788,77525,3162,1,0.996094,41.17781,20.80863,39.74654,0.541936,-0.653653,0.528245,1,0.996094,41.20481,20.80292,39.68514,0.513513,-0.640829,0.570651,41.19131,20.80577,39.71584,0.88344,-0.227542,0.409584
"meditation_experiment_20260516_002946_263",1778884263899,77636,3166,1,0.996094,41.1775,20.80776,39.74979,0.56745,-0.645996,0.510578,1,0.996094,41.20513,20.80297,39.68859,0.538895,-0.634816,0.553715,41.19131,20.80537,39.71919,0.879777,-0.231294,0.415325
"meditation_experiment_20260516_002946_263",1778884264011,77748,3170,1,0.996094,41.17824,20.80692,39.75161,0.583503,-0.643626,0.495247,1,0.996094,41.20572,20.80333,39.69026,0.555085,-0.633651,0.538857,41.19198,20.80513,39.72093,0.882177,-0.233729,0.40882
"meditation_experiment_20260516_002946_263",1778884264123,77860,3174,1,0.996094,41.17892,20.80552,39.75242,0.582522,-0.644945,0.494686,1,0.996094,41.20603,20.80286,39.69086,0.554008,-0.635232,0.538104,41.19247,20.80419,39.72165,0.884915,-0.238664,0.399956
"meditation_experiment_20260516_002946_263",1778884264234,77971,3178,1,0.996094,41.17966,20.80529,39.753,0.588241,-0.63852,0.496252,1,0.996094,41.20643,20.80289,39.69128,0.559741,-0.628896,0.53961,41.19305,20.80409,39.72214,0.886776,-0.241635,0.394007
"meditation_experiment_20260516_002946_263",1778884264345,78082,3182,1,0.996094,41.1795,20.80542,39.7536,0.511187,-0.614146,0.601259,1,0.996094,41.20639,20.80309,39.69193,0.48018,-0.60078,0.639133,41.19295,20.80426,39.72277,0.8866,-0.239589,0.395648
"meditation_experiment_20260516_002946_263",1778884264457,78194,3186,1,0.996094,41.17945,20.80523,39.75404,0.51066,-0.609874,0.606037,1,0.996094,41.2063,20.80275,39.69236,0.479595,-0.59635,0.643704,41.19288,20.80399,39.7232,0.885817,-0.242996,0.395324
"meditation_experiment_20260516_002946_263",1778884264568,78305,3190,1,0.996094,41.18095,20.80351,39.75214,0.517922,-0.617435,0.592057,1,0.996094,41.20621,20.80061,39.68982,0.488046,-0.603486,0.630568,41.19358,20.80206,39.72098,0.890192,-0.261588,0.373001
"meditation_experiment_20260516_002946_263",1778884264679,78416,3194,1,0.996094,41.18255,20.80308,39.75051,0.529787,-0.603722,0.59569,1,0.996094,41.20665,20.80052,39.68771,0.500172,-0.589809,0.633998,41.1946,20.8018,39.71911,0.897001,-0.263358,0.35501
"meditation_experiment_20260516_002946_263",1778884264791,78528,3198,1,0.996094,41.18306,20.803,39.74984,0.612938,-0.657192,0.438641,1,0.996094,41.20688,20.80033,39.68694,0.587499,-0.64822,0.484413,41.19497,20.80167,39.71839,0.897515,-0.266696,0.3512
"meditation_experiment_20260516_002946_263",1778884264902,78639,3202,1,0.996094,41.18402,20.80274,39.74887,0.650603,-0.671952,0.353832,1,0.996094,41.20723,20.80001,39.68574,0.628226,-0.665877,0.402417,41.19563,20.80137,39.71731,0.900551,-0.26766,0.342587
"meditation_experiment_20260516_002946_263",1778884265013,78750,3206,1,0.996094,41.18464,20.80259,39.74791,0.655641,-0.655693,0.374435,1,0.996094,41.20727,20.79989,39.68456,0.632821,-0.64885,0.422529,41.19595,20.80124,39.71623,0.903479,-0.268392,0.334204
"meditation_experiment_20260516_002946_263",1778884265125,78862,3210,1,0.996094,41.1846,20.80291,39.74784,0.644972,-0.664356,0.37768,1,0.996094,41.20727,20.80014,39.68452,0.622021,-0.657215,0.425628,41.19593,20.80153,39.71618,0.903516,-0.266927,0.335274
"meditation_experiment_20260516_002946_263",1778884265236,78973,3214,1,0.996094,41.18436,20.80305,39.74819,0.644842,-0.665925,0.37513,1,0.996094,41.20723,20.80025,39.68494,0.621907,-0.658923,0.423145,41.19579,20.80165,39.71656,0.903022,-0.264962,0.338152
"meditation_experiment_20260516_002946_263",1778884265347,79084,3218,1,0.996094,41.18399,20.80313,39.74853,0.572755,-0.644188,0.506926,1,0.996094,41.20695,20.80041,39.68531,0.545809,-0.632329,0.549775,41.19547,20.80177,39.71692,0.902832,-0.264107,0.339327
"meditation_experiment_20260516_002946_263",1778884265459,79196,3222,1,0.996094,41.18364,20.80344,39.74898,0.569937,-0.642818,0.511818,1,0.996094,41.20677,20.80084,39.68582,0.542758,-0.630908,0.554409,41.19521,20.80214,39.7174,0.902818,-0.261574,0.34132
"meditation_experiment_20260516_002946_263",1778884265570,79307,3226,1,0.996094,41.18327,20.8038,39.74936,0.571205,-0.646025,0.506336,1,0.996094,41.20653,20.80132,39.68623,0.54408,-0.634365,0.549144,41.1949,20.80256,39.71779,0.9031,-0.258536,0.342884
"meditation_experiment_20260516_002946_263",1778884265681,79418,3230,1,0.996094,41.18297,20.80412,39.74944,0.567203,-0.649533,0.506347,1,0.996094,41.20623,20.80169,39.68631,0.540085,-0.637802,0.549105,41.1946,20.8029,39.71788,0.903597,-0.257005,0.342728
"meditation_experiment_20260516_002946_263",1778884265793,79530,3234,1,0.996094,41.18253,20.80432,39.74961,0.559765,-0.646404,0.518483,1,0.996094,41.20588,20.80197,39.68652,0.532281,-0.634318,0.56064,41.19421,20.80315,39.71806,0.903636,-0.255107,0.344038
"meditation_experiment_20260516_002946_263",1778884265905,79642,3238,1,0.996094,41.1824,20.80472,39.74974,0.558429,-0.638602,0.529476,1,0.996094,41.20586,20.80239,39.68668,0.530594,-0.626318,0.571136,41.19413,20.80355,39.71821,0.903682,-0.252897,0.345546
"meditation_experiment_20260516_002946_263",1778884266016,79753,3242,1,0.996094,41.18233,20.8049,39.74982,0.562164,-0.648326,0.513465,1,0.996094,41.20592,20.8026,39.68681,0.534684,-0.636507,0.555853,41.19413,20.80375,39.71832,0.903796,-0.249894,0.347427
"meditation_experiment_20260516_002946_263",1778884266127,79864,3246,1,0.996094,41.18251,20.80499,39.74997,0.560675,-0.64782,0.515725,1,0.996094,41.20613,20.80264,39.68698,0.53314,-0.635909,0.558016,41.19432,20.80381,39.71847,0.903629,-0.249611,0.348065
"meditation_experiment_20260516_002946_263",1778884266239,79976,3250,1,0.996094,41.18261,20.80479,39.75018,0.554821,-0.648997,0.520554,1,0.996094,41.20624,20.80248,39.68719,0.527171,-0.63687,0.562572,41.19442,20.80363,39.71869,0.90357,-0.249747,0.34812
"meditation_experiment_20260516_002946_263",1778884266350,80087,3254,1,0.996094,41.18266,20.80486,39.75045,0.558889,-0.646082,0.519829,1,0.996094,41.20642,20.80262,39.68751,0.531147,-0.634154,0.561901,41.19454,20.80374,39.71898,0.903136,-0.248814,0.349912
"meditation_experiment_20260516_002946_263",1778884266462,80199,3258,1,0.996094,41.18274,20.80488,39.75051,0.559037,-0.650574,0.514034,1,0.996094,41.20654,20.80259,39.68759,0.531456,-0.638753,0.556371,41.19464,20.80373,39.71905,0.902824,-0.249033,0.350561
"meditation_experiment_20260516_002946_263",1778884266573,80310,3262,1,0.996094,41.18274,20.80511,39.75053,0.561739,-0.650826,0.51076,1,0.996094,41.2065,20.80286,39.68758,0.534242,-0.639144,0.553246,41.19462,20.80398,39.71906,0.903806,-0.246314,0.34995
"meditation_experiment_20260516_002946_263",1778884266684,80421,3266,1,0.996094,41.18071,20.80672,39.75318,0.526064,-0.585588,0.61672,1,0.996094,41.20649,20.80346,39.69108,0.49528,-0.571606,0.65419,41.1936,20.80509,39.72213,0.893355,-0.234779,0.38314
"meditation_experiment_20260516_002946_263",1778884266795,80532,3270,1,0.996094,41.17713,20.80821,39.75637,0.509216,-0.579337,0.63645,1,0.996094,41.20628,20.80354,39.69587,0.476809,-0.565182,0.673219,41.19171,20.80587,39.72612,0.871306,-0.22293,0.437183
"meditation_experiment_20260516_002946_263",1778884266907,80644,3274,1,0.996094,41.17477,20.80956,39.75824,0.538245,-0.597783,0.594094,1,0.996094,41.20578,20.80433,39.69872,0.506053,-0.585365,0.63345,41.19027,20.80695,39.72848,0.858623,-0.213363,0.466093
"meditation_experiment_20260516_002946_263",1778884267018,80755,3278,1,0.996094,41.17273,20.8105,39.75955,0.539928,-0.597077,0.593277,1,0.996094,41.20492,20.80487,39.7007,0.507336,-0.584987,0.632772,41.18883,20.80769,39.73012,0.84996,-0.206839,0.484547
"meditation_experiment_20260516_002946_263",1778884267130,80867,3282,1,0.996094,41.17139,20.81146,39.7602,0.551107,-0.595853,0.584158,1,0.996094,41.20432,20.80563,39.70177,0.518486,-0.584396,0.624223,41.18786,20.80854,39.73099,0.844602,-0.201192,0.496154
"meditation_experiment_20260516_002946_263",1778884267241,80978,3286,1,0.996094,41.1717,20.81062,39.75943,0.556463,-0.616828,0.556662,1,0.996094,41.2038,20.80495,39.70053,0.524905,-0.605785,0.597913,41.18775,20.80779,39.72998,0.849556,-0.211151,0.483395
"meditation_experiment_20260516_002946_263",1778884267352,81089,3290,1,0.996094,41.17634,20.80747,39.75397,0.613793,-0.654439,0.441552,1,0.996094,41.20387,20.80302,39.6927,0.587282,-0.646131,0.487457,41.19011,20.80524,39.72334,0.877382,-0.245727,0.412092
"meditation_experiment_20260516_002946_263",1778884267463,81200,3294,1,0.996094,41.1815,20.80387,39.74721,0.620481,-0.669504,0.408371,1,0.996094,41.20298,20.80103,39.68348,0.597052,-0.660496,0.455273,41.19224,20.80245,39.71534,0.907183,-0.275519,0.317976
"meditation_experiment_20260516_002946_263",1778884267575,81312,3298,1,0.996094,41.18461,20.80269,39.74328,0.636392,-0.639666,0.431084,1,0.996094,41.20297,20.80064,39.67855,0.613263,-0.629528,0.477077,41.19379,20.80167,39.71091,0.919761,-0.284959,0.269886
"meditation_experiment_20260516_002946_263",1778884267687,81424,3302,1,0.996094,41.18515,20.8026,39.7421,0.605437,-0.624426,0.493497,1,0.996094,41.20354,20.8005,39.67738,0.580552,-0.612218,0.536794,41.19434,20.80155,39.70974,0.919971,-0.283523,0.270681
"meditation_experiment_20260516_002946_263",1778884267798,81535,3306,1,0.996094,41.18518,20.80263,39.74227,0.592611,-0.62681,0.505886,1,0.996094,41.20411,20.80031,39.67771,0.567295,-0.614143,0.548639,41.19464,20.80147,39.70999,0.91764,-0.282908,0.279105
"meditation_experiment_20260516_002946_263",1778884267909,81646,3310,1,0.996094,41.1846,20.80268,39.74252,0.593102,-0.626041,0.506264,1,0.996094,41.20411,20.80017,39.67814,0.567558,-0.613497,0.54909,41.19436,20.80143,39.71033,0.914996,-0.282316,0.288236
"meditation_experiment_20260516_002946_263",1778884268020,81757,3314,1,0.996094,41.18424,20.80333,39.74232,0.601292,-0.626191,0.496319,1,0.996094,41.20382,20.80075,39.67797,0.575965,-0.614032,0.539657,41.19403,20.80204,39.71014,0.91575,-0.278297,0.289745
"meditation_experiment_20260516_002946_263",1778884268132,81869,3318,1,0.996094,41.18389,20.8038,39.74234,0.600395,-0.625714,0.498004,1,0.996094,41.20348,20.80127,39.67799,0.575008,-0.613523,0.541254,41.19369,20.80253,39.71016,0.917029,-0.273887,0.289904
"meditation_experiment_20260516_002946_263",1778884268232,81969,3322,1,0.996094,41.18333,20.80399,39.7427,0.597619,-0.625863,0.501145,1,0.996094,41.20304,20.80154,39.67838,0.572076,-0.613634,0.544227,41.19319,20.80276,39.71054,0.917099,-0.272015,0.29144
"meditation_experiment_20260516_002946_263",1778884268354,82091,3327,1,0.996094,41.18289,20.80435,39.7431,0.584714,-0.623247,0.519301,1,0.996094,41.20276,20.80206,39.67882,0.558624,-0.6105,0.561453,41.19283,20.80321,39.71096,0.917458,-0.268845,0.293245
"meditation_experiment_20260516_002946_263",1778884268466,82203,3331,1,0.996094,41.18262,20.80451,39.7435,0.58296,-0.624337,0.519962,1,0.996094,41.20259,20.80234,39.67926,0.556786,-0.61163,0.562048,41.1926,20.80342,39.71138,0.917712,-0.266769,0.294344
"meditation_experiment_20260516_002946_263",1778884268577,82314,3335,1,0.996094,41.18273,20.80489,39.74356,0.583558,-0.635946,0.505007,1,0.996094,41.20276,20.80278,39.67933,0.557773,-0.623581,0.547756,41.19275,20.80383,39.71144,0.918122,-0.264547,0.295071
"meditation_experiment_20260516_002946_263",1778884268689,82426,3339,1,0.996094,41.18273,20.80484,39.7436,0.590548,-0.630995,0.503088,1,0.996094,41.20279,20.80273,39.67937,0.564747,-0.618848,0.545975,41.19276,20.80379,39.71148,0.918041,-0.264371,0.295482
"meditation_experiment_20260516_002946_263",1778884268800,82537,3343,1,0.996094,41.1828,20.8049,39.74351,0.588577,-0.633688,0.502013,1,0.996094,41.20287,20.80274,39.67929,0.562843,-0.621486,0.544944,41.19284,20.80382,39.7114,0.9179,-0.264691,0.295633
"meditation_experiment_20260516_002946_263",1778884268911,82648,3347,1,0.996094,41.18272,20.805,39.74344,0.71245,-0.658818,0.241608,1,0.996094,41.20284,20.8028,39.67924,0.695391,-0.656225,0.292917,41.19278,20.8039,39.71134,0.917839,-0.263796,0.296621
"meditation_experiment_20260516_002946_263",1778884269023,82760,3351,1,0.996094,41.18279,20.80528,39.74317,0.690601,-0.687711,0.223884,1,0.996094,41.20281,20.80306,39.67894,0.674027,-0.685459,0.275379,41.1928,20.80417,39.71105,0.91851,-0.262869,0.295364
"meditation_experiment_20260516_002946_263",1778884269134,82871,3355,1,0.996094,41.18249,20.8053,39.74296,0.662151,-0.678627,0.317839,1,0.996094,41.20254,20.803,39.67875,0.642151,-0.672766,0.367462,41.19252,20.80415,39.71085,0.918597,-0.261574,0.296242
"meditation_experiment_20260516_002946_263",1778884269245,82982,3359,1,0.996094,41.18227,20.80553,39.74288,0.668748,-0.670515,0.321225,1,0.996094,41.20239,20.80324,39.67868,0.648621,-0.664683,0.370794,41.19233,20.80438,39.71078,0.918628,-0.26025,0.297309
"meditation_experiment_20260516_002946_263",1778884269357,83094,3363,1,0.996094,41.18203,20.80575,39.74275,0.663633,-0.67818,0.315694,1,0.996094,41.20223,20.80344,39.67858,0.643653,-0.672471,0.365369,41.19213,20.8046,39.71067,0.918625,-0.258854,0.298536
"meditation_experiment_20260516_002946_263",1778884269469,83206,3367,1,0.996094,41.18206,20.8059,39.74263,0.664061,-0.675767,0.319941,1,0.996094,41.20234,20.80351,39.67849,0.643939,-0.669919,0.369528,41.1922,20.80471,39.71056,0.918518,-0.257597,0.299947
"meditation_experiment_20260516_002946_263",1778884269580,83317,3371,1,0.996094,41.18192,20.8061,39.74273,0.661775,-0.550782,0.508619,1,0.996094,41.20244,20.80361,39.67867,0.635194,-0.540298,0.551912,41.19218,20.80486,39.7107,0.917748,-0.255693,0.303909
"meditation_experiment_20260516_002946_263",1778884269691,83428,3375,1,0.996094,41.18167,20.80636,39.74294,0.563602,-0.626996,0.5378,1,0.996094,41.20248,20.80387,39.67897,0.536798,-0.613644,0.579042,41.19207,20.80512,39.71095,0.916782,-0.254126,0.30811
"meditation_experiment_20260516_002946_263",1778884269803,83540,3379,1,0.996094,41.18174,20.80626,39.743,0.578699,-0.631777,0.515719,1,0.996094,41.20266,20.80379,39.67906,0.552333,-0.619242,0.558094,41.1922,20.80503,39.71103,0.916529,-0.25309,0.309708
"meditation_experiment_20260516_002946_263",1778884269914,83651,3383,1,0.996094,41.18195,20.80621,39.74286,0.578521,-0.637447,0.508896,1,0.996094,41.20278,20.8037,39.67889,0.552408,-0.62499,0.551573,41.19236,20.80495,39.71087,0.916697,-0.253999,0.308467
"meditation_experiment_20260516_002946_263",1778884270026,83763,3387,1,0.996094,41.18206,20.80626,39.74284,0.578297,-0.632699,0.515039,1,0.996094,41.20288,20.80374,39.67887,0.552021,-0.6201,0.557449,41.19247,20.805,39.71085,0.916875,-0.253467,0.308374
"meditation_experiment_20260516_002946_263",1778884270137,83874,3391,1,0.996094,41.18206,20.80616,39.74297,0.583296,-0.627678,0.515545,1,0.996094,41.20293,20.80362,39.67902,0.556943,-0.615204,0.557977,41.19249,20.80489,39.711,0.916703,-0.25314,0.309153
"meditation_experiment_20260516_002946_263",1778884270248,83985,3395,1,0.996094,41.1822,20.80617,39.743,0.581468,-0.631281,0.513206,1,0.996094,41.20304,20.80368,39.67904,0.555194,-0.618824,0.555713,41.19262,20.80492,39.71102,0.916862,-0.253232,0.308606
"meditation_experiment_20260516_002946_263",1778884270360,84097,3399,1,0.996094,41.1823,20.80603,39.74303,0.580342,-0.627007,0.519678,1,0.996094,41.20314,20.80349,39.67907,0.553905,-0.614377,0.561899,41.19272,20.80476,39.71105,0.916781,-0.253409,0.308702
"meditation_experiment_20260516_002946_263",1778884270471,84208,3403,1,0.996094,41.18248,20.80595,39.74309,0.584948,-0.627175,0.514284,1,0.996094,41.20336,20.80347,39.67914,0.558595,-0.614798,0.556772,41.19292,20.80471,39.71111,0.916423,-0.254225,0.309093
"meditation_experiment_20260516_002946_263",1778884270582,84319,3407,1,0.996094,41.18239,20.80592,39.74316,0.581996,-0.628876,0.515554,1,0.996094,41.20332,20.80344,39.67923,0.555608,-0.616422,0.557964,41.19285,20.80468,39.71119,0.916175,-0.254352,0.309724
"meditation_experiment_20260516_002946_263",1778884270694,84431,3411,1,0.996094,41.18259,20.80599,39.74322,0.587313,-0.62908,0.509237,1,0.996094,41.20357,20.80346,39.67931,0.561064,-0.616865,0.551982,41.19308,20.80473,39.71126,0.915876,-0.254398,0.310568
"meditation_experiment_20260516_002946_263",1778884270805,84542,3415,1,0.996094,41.18262,20.80576,39.7432,0.655648,-0.537254,0.530552,1,0.996094,41.20359,20.80326,39.67928,0.6282,-0.526478,0.572876,41.19311,20.80451,39.71124,0.915682,-0.255189,0.310493
"meditation_experiment_20260516_002946_263",1778884270916,84653,3419,1,0.996094,41.18258,20.80578,39.74315,0.671642,-0.518503,0.529199,1,0.996094,41.20363,20.80328,39.67926,0.644099,-0.508211,0.571715,41.1931,20.80453,39.7112,0.915329,-0.255103,0.311601
"meditation_experiment_20260516_002946_263",1778884271028,84765,3423,1,0.996094,41.18235,20.80569,39.74328,0.658523,-0.529881,0.534392,1,0.996094,41.20356,20.80315,39.67944,0.630851,-0.519198,0.576594,41.19296,20.80442,39.71136,0.914452,-0.255354,0.313962
"meditation_experiment_20260516_002946_263",1778884271139,84876,3427,1,0.996094,41.18219,20.80563,39.7436,0.530967,-0.5541,0.64113,1,0.996094,41.20367,20.803,39.67985,0.501441,-0.539013,0.676773,41.19293,20.80431,39.71172,0.912671,-0.256467,0.318208
"meditation_experiment_20260516_002946_263",1778884271250,84987,3431,1,0.996094,41.18221,20.8055,39.74397,0.518701,-0.555436,0.649954,1,0.996094,41.20385,20.80282,39.68027,0.489079,-0.539986,0.684995,41.19303,20.80416,39.71212,0.911759,-0.25687,0.32049
"meditation_experiment_20260516_002946_263",1778884271362,85099,3435,1,0.996094,41.1824,20.80556,39.74398,0.574204,-0.639275,0.511486,1,0.996094,41.20394,20.80296,39.68026,0.547745,-0.626881,0.554072,41.19316,20.80426,39.71212,0.912316,-0.256914,0.318865
"meditation_experiment_20260516_002946_263",1778884271474,85211,3439,1,0.996094,41.18248,20.80557,39.74405,0.55605,-0.648632,0.519698,1,0.996094,41.20399,20.80296,39.68031,0.529524,-0.635619,0.561776,41.19324,20.80426,39.71218,0.912383,-0.257157,0.318478
"meditation_experiment_20260516_002946_263",1778884271585,85322,3443,1,0.996094,41.18253,20.8056,39.74398,0.558982,-0.653045,0.510952,1,0.996094,41.20401,20.80296,39.68024,0.5327,-0.640255,0.553447,41.19327,20.80428,39.71211,0.912617,-0.256787,0.318106
"meditation_experiment_20260516_002946_263",1778884271696,85433,3447,1,0.996094,41.18233,20.80581,39.74385,0.570651,-0.649873,0.502019,1,0.996094,41.20377,20.80321,39.68009,0.54454,-0.63755,0.544982,41.19305,20.80451,39.71197,0.913375,-0.254773,0.317547
"meditation_experiment_20260516_002946_263",1778884271807,85544,3451,1,0.996094,41.18199,20.80589,39.7436,0.563594,-0.647737,0.512638,1,0.996094,41.20343,20.80326,39.67984,0.53724,-0.635016,0.555093,41.19271,20.80457,39.71172,0.913604,-0.253678,0.317765
"meditation_experiment_20260516_002946_263",1778884271919,85656,3455,1,0.996094,41.18189,20.80602,39.74328,0.553124,-0.653457,0.516768,1,0.996094,41.20329,20.8034,39.67951,0.526761,-0.640389,0.55895,41.19259,20.80471,39.71139,0.913953,-0.253289,0.317072
"meditation_experiment_20260516_002946_263",1778884272030,85767,3459,1,0.996094,41.18193,20.8061,39.74316,0.553424,-0.653371,0.516555,1,0.996094,41.2033,20.80339,39.67938,0.527104,-0.640264,0.55877,41.19262,20.80474,39.71127,0.914202,-0.252438,0.317032
"meditation_experiment_20260516_002946_263",1778884272142,85879,3463,1,0.996094,41.18213,20.80611,39.74309,0.547892,-0.658985,0.515319,1,0.996094,41.2035,20.80342,39.67932,0.521646,-0.645782,0.557541,41.19281,20.80477,39.7112,0.914126,-0.2527,0.317045
"meditation_experiment_20260516_002946_263",1778884272253,85990,3467,1,0.996094,41.18221,20.80595,39.74302,0.551113,-0.657879,0.513293,1,0.996094,41.20359,20.80322,39.67925,0.524895,-0.644784,0.555642,41.1929,20.80458,39.71114,0.913767,-0.253571,0.317383
"meditation_experiment_20260516_002946_263",1778884272364,86101,3471,1,0.996094,41.18198,20.80602,39.7437,0.467414,-0.596307,0.652642,1,0.996094,41.20412,20.80315,39.68019,0.438365,-0.579415,0.687106,41.19305,20.80458,39.71195,0.910186,-0.252036,0.328694
"meditation_experiment_20260516_002946_263",1778884272476,86213,3475,1,0.996094,41.17763,20.80732,39.74989,0.521367,-0.604656,0.602136,1,0.996094,41.20448,20.80268,39.68833,0.490849,-0.590397,0.640702,41.19106,20.805,39.71911,0.882123,-0.243435,0.403234
"meditation_experiment_20260516_002946_263",1778884272587,86324,3479,1,0.996094,41.17045,20.80884,39.75733,0.443357,-0.519477,0.730464,1,0.996094,41.20386,20.8027,39.69921,0.407578,-0.50383,0.7616,41.18716,20.80577,39.72827,0.832783,-0.230957,0.503122
"meditation_experiment_20260516_002946_263",1778884272699,86436,3483,1,0.996094,41.16171,20.81023,39.76331,0.412161,-0.549205,0.726978,1,0.996094,41.20047,20.80334,39.70871,0.374152,-0.534262,0.758007,41.18109,20.80679,39.73601,0.780005,-0.228484,0.58257
"meditation_experiment_20260516_002946_263",1778884272810,86547,3487,1,0.996094,41.14899,20.81162,39.7648,0.439862,-0.568216,0.695451,1,0.996094,41.19056,20.8046,39.71232,0.401029,-0.555359,0.728528,41.16978,20.80811,39.73856,0.74382,-0.244701,0.621975
"meditation_experiment_20260516_002946_263",1778884272922,86659,3491,1,0.996094,41.13261,20.8203,39.7542,0.508947,-0.580681,0.63544,1,0.996094,41.17166,20.81405,39.69971,0.472468,-0.569685,0.672483,41.15214,20.81717,39.72696,0.773722,-0.248082,0.582933
"meditation_experiment_20260516_002946_263",1778884273033,86770,3495,1,0.996094,41.12124,20.84298,39.72516,0.846222,-0.244604,0.473368,1,0.996094,41.14577,20.83888,39.66261,0.82003,-0.23943,0.519832,41.1335,20.84093,39.69389,0.9246,-0.095485,0.368777
"meditation_experiment_20260516_002946_263",1778884273144,86881,3499,1,0.996094,41.10584,20.86397,39.69269,0.914844,0.349028,-0.203078,1,0.996094,41.11454,20.85839,39.62617,0.921016,0.358594,-0.15212,41.11019,20.86118,39.65944,0.987242,0.104208,0.120387
"meditation_experiment_20260516_002946_263",1778884273255,86992,3503,1,0.996094,41.09292,20.87313,39.67145,0.962614,0.205062,-0.176989,1,0.996094,41.09249,20.86517,39.60461,0.969168,0.212813,-0.124192,41.0927,20.86915,39.63803,0.972475,0.230552,-0.033728
"meditation_experiment_20260516_002946_263",1778884273367,87104,3507,1,0.996094,41.08356,20.87759,39.66295,0.989343,0.140931,-0.036598,1,0.996094,41.08035,20.86821,39.59637,0.98884,0.148009,0.016994,41.08195,20.8729,39.62966,0.950754,0.297284,-0.087684
"meditation_experiment_20260516_002946_263",1778884273478,87215,3511,1,0.996094,41.07824,20.88027,39.66239,0.985358,0.170361,-0.006832,1,0.996094,41.07593,20.87089,39.59577,0.983074,0.177168,0.046674,41.07708,20.87558,39.62908,0.937414,0.338853,-0.080208
"meditation_experiment_20260516_002946_263",1778884273589,87326,3515,1,0.996094,41.07839,20.87914,39.66844,0.978553,0.202872,0.035753,1,0.996094,41.0795,20.87178,39.60153,0.974036,0.208023,0.089337,41.07895,20.87546,39.63499,0.934962,0.353979,-0.023353
"meditation_experiment_20260516_002946_263",1778884273700,87437,3519,1,0.996094,41.08164,20.87087,39.68222,0.987416,0.107994,0.115531,1,0.996094,41.09029,20.86717,39.61557,0.979365,0.110849,0.168988,41.08596,20.86902,39.6489,0.951461,0.288401,0.107457
"meditation_experiment_20260516_002946_263",1778884273812,87549,3523,1,0.996094,41.08239,20.85815,39.70286,0.852232,-0.011706,0.523033,1,0.996094,41.10469,20.8569,39.63936,0.82356,-0.010556,0.567132,41.09354,20.85752,39.67111,0.933766,0.149697,0.325073
"meditation_experiment_20260516_002946_263",1778884273924,87661,3527,1,0.996094,41.08175,20.8462,39.7205,0.612936,-0.43152,0.661891,1,0.996094,41.11592,20.84493,39.66251,0.576558,-0.424107,0.698365,41.09884,20.84556,39.69151,0.861445,0.028549,0.507049
"meditation_experiment_20260516_002946_263",1778884274035,87772,3531,1,0.996094,41.0844,20.8346,39.73309,0.585134,-0.444408,0.678322,1,0.996094,41.12512,20.8311,39.6796,0.546611,-0.437104,0.714252,41.10476,20.83285,39.70635,0.791082,-0.074047,0.607212
"meditation_experiment_20260516_002946_263",1778884274146,87884,3535,1,0.996094,41.09009,20.82504,39.739,0.407139,-0.665586,0.625487,1,0.996094,41.13275,20.8189,39.68728,0.368888,-0.65392,0.660538,41.11142,20.82197,39.71314,0.752163,-0.159724,0.639327
"meditation_experiment_20260516_002946_263",1778884274258,87995,3539,1,0.996094,41.09715,20.82028,39.74009,0.465417,-0.630886,0.620781,1,0.996094,41.13882,20.81282,39.68775,0.428239,-0.619767,0.657648,41.11799,20.81655,39.71392,0.752693,-0.198604,0.627703
"meditation_experiment_20260516_002946_263",1778884274369,88106,3543,1,0.996094,41.10256,20.8188,39.73923,0.536297,-0.612227,0.581003,1,0.996094,41.14301,20.81112,39.68597,0.50111,-0.602938,0.62077,41.12279,20.81496,39.7126,0.764144,-0.208504,0.610418
"meditation_experiment_20260516_002946_263",1778884274480,88217,3547,1,0.996094,41.10574,20.8178,39.7385,0.576915,-0.631361,0.518221,1,0.996094,41.14538,20.80992,39.68467,0.544179,-0.624082,0.560706,41.12556,20.81386,39.71159,0.771077,-0.214976,0.599354
"meditation_experiment_20260516_002946_263",1778884274593,88330,3551,1,0.996094,41.10741,20.81747,39.73827,0.572415,-0.63054,0.524176,1,0.996094,41.14667,20.80961,39.68416,0.539603,-0.622828,0.566493,41.12704,20.81355,39.71122,0.77492,-0.216848,0.593697
"meditation_experiment_20260516_002946_263",1778884274704,88441,3555,1,0.996094,41.10791,20.81789,39.73822,0.561615,-0.609862,0.559158,1,0.996094,41.14689,20.81013,39.68389,0.527817,-0.600913,0.600261,41.1274,20.81401,39.71106,0.778644,-0.215277,0.589381
"meditation_experiment_20260516_002946_263",1778884274815,88552,3559,1,0.996094,41.11406,20.817,39.73251,0.545642,-0.590999,0.594134,1,0.996094,41.14853,20.8101,39.6751,0.512392,-0.579334,0.633898,41.13129,20.81355,39.70381,0.822987,-0.226029,0.521156
"meditation_experiment_20260516_002946_263",1778884274926,88663,3563,1,0.996094,41.12046,20.81516,39.72496,0.789274,-0.539412,0.293397,1,0.996094,41.14846,20.80986,39.66398,0.770051,-0.537423,0.343799,41.13446,20.81251,39.69447,0.871445,-0.250198,0.421883
"meditation_experiment_20260516_002946_263",1778884275037,88774,3567,1,0.996094,41.12207,20.81431,39.7217,0.727365,-0.52937,0.436701,1,0.996094,41.14853,20.80874,39.66005,0.702325,-0.522122,0.483868,41.1353,20.81153,39.69087,0.879757,-0.255979,0.400628
"meditation_experiment_20260516_002946_263",1778884275149,88886,3571,1,0.996094,41.12217,20.81385,39.71941,0.70713,-0.520406,0.478691,1,0.996094,41.14847,20.80788,39.65773,0.680609,-0.511615,0.524425,41.13532,20.81087,39.68857,0.878657,-0.260748,0.399967
"meditation_experiment_20260516_002946_263",1778884275260,88997,3575,1,0.996094,41.1226,20.81397,39.71791,0.577538,-0.592717,0.56137,1,0.996094,41.14886,20.80776,39.65623,0.548498,-0.579478,0.60279,41.13573,20.81087,39.68707,0.878406,-0.261133,0.400266
"meditation_experiment_20260516_002946_263",1778884275372,89109,3579,1,0.996094,41.12277,20.81409,39.71661,0.580273,-0.58881,0.56266,1,0.996094,41.14903,20.80764,39.65496,0.551242,-0.575495,0.604101,41.1359,20.81087,39.68578,0.878369,-0.25943,0.401452
"meditation_experiment_20260516_002946_263",1778884275483,89220,3583,1,0.996094,41.12319,20.81436,39.71549,0.582991,-0.591477,0.557025,1,0.996094,41.14933,20.80769,39.65382,0.554242,-0.578162,0.598786,41.13626,20.81102,39.68465,0.879242,-0.257953,0.400492
"meditation_experiment_20260516_002946_263",1778884275595,89332,3587,1,0.996094,41.12324,20.81451,39.71501,0.579333,-0.598016,0.553851,1,0.996094,41.14937,20.80776,39.65334,0.550723,-0.58464,0.595735,41.13631,20.81114,39.68418,0.879519,-0.256502,0.400816
"meditation_experiment_20260516_002946_263",1778884275706,89443,3591,1,0.996094,41.12353,20.81464,39.71499,0.584564,-0.601206,0.544827,1,0.996094,41.14971,20.80796,39.65334,0.556164,-0.588177,0.587137,41.13662,20.8113,39.68417,0.879711,-0.255191,0.401231
"meditation_experiment_20260516_002946_263",1778884275817,89554,3595,1,0.996094,41.12413,20.81476,39.71485,0.584669,-0.602898,0.542841,1,0.996094,41.14988,20.80812,39.65301,0.556503,-0.58977,0.585214,41.13701,20.81144,39.68393,0.882724,-0.254623,0.394925
"meditation_experiment_20260516_002946_263",1778884275929,89666,3599,1,0.996094,41.12577,20.81538,39.71365,0.860989,-0.394042,0.321604,1,0.996094,41.1503,20.80919,39.65126,0.842407,-0.389591,0.37225,41.13803,20.81228,39.68245,0.892415,-0.24996,0.375655
"meditation_experiment_20260516_002946_263",1778884276040,89777,3603,1,0.996094,41.12636,20.81543,39.71321,0.946835,-0.232662,0.2222,1,0.996094,41.15037,20.80948,39.6506,0.93389,-0.229438,0.27424,41.13837,20.81246,39.68191,0.895876,-0.249976,0.367312
"meditation_experiment_20260516_002946_263",1778884276151,89888,3607,1,0.996094,41.12617,20.8154,39.71346,0.943716,-0.22719,0.240385,1,0.996094,41.15027,20.80941,39.65089,0.929807,-0.22369,0.292269,41.13822,20.8124,39.68217,0.895013,-0.25086,0.368811
"meditation_experiment_20260516_002946_263",1778884276262,89999,3611,1,0.996094,41.12626,20.81628,39.7131,0.944448,-0.223003,0.241428,1,0.996094,41.15004,20.81029,39.65041,0.930493,-0.219406,0.293333,41.13815,20.81328,39.68176,0.899101,-0.242808,0.364228
"meditation_experiment_20260516_002946_263",1778884276374,90111,3615,1,0.996094,41.13318,20.82703,39.69804,0.981298,-0.150313,0.120249,1,0.996094,41.14787,20.82119,39.6326,0.973899,-0.14629,0.173552,41.14053,20.82411,39.66532,0.959905,-0.160525,0.229815
"meditation_experiment_20260516_002946_263",1778884276484,90221,3619,1,0.996094,41.13823,20.83769,39.67707,0.993223,-0.116205,-0.002146,1,0.996094,41.13908,20.83189,39.61002,0.99241,-0.111534,0.051793,41.13866,20.83479,39.64354,0.99822,-0.056975,0.017613
"meditation_experiment_20260516_002946_263",1778884276596,90333,3623,1,0.996094,41.13803,20.84278,39.66397,0.991752,-0.014585,-0.127338,1,0.996094,41.13166,20.83683,39.59722,0.997234,-0.009801,-0.073684,41.13485,20.83981,39.6306,0.9955,-0.003762,-0.094686
"meditation_experiment_20260516_002946_263",1778884276707,90444,3627,1,0.996094,41.13541,20.84568,39.65978,0.998461,-0.054733,0.008906,1,0.996094,41.12763,20.83898,39.59325,0.996867,-0.048933,0.062139,41.13152,20.84233,39.62651,0.992725,0.02203,-0.118373
"meditation_experiment_20260516_002946_263",1778884276818,90555,3631,1,0.996094,41.13141,20.84964,39.65832,0.983488,0.077452,-0.16356,1,0.996094,41.12331,20.84318,39.59181,0.990473,0.082684,-0.110124,41.12737,20.84641,39.62506,0.990421,0.056309,-0.126076
"meditation_experiment_20260516_002946_263",1778884276930,90667,3635,1,0.996094,41.12661,20.85273,39.65828,0.978949,0.092219,-0.182085,1,0.996094,41.11827,20.8468,39.59175,0.98691,0.097103,-0.128765,41.12244,20.84977,39.62501,0.987973,0.08181,-0.131211
"meditation_experiment_20260516_002946_263",1778884277042,90779,3639,1,0.996094,41.12086,20.8558,39.66036,0.982439,0.080121,-0.168509,1,0.996094,41.11357,20.84971,39.59372,0.989698,0.085143,-0.115106,41.11721,20.85275,39.62704,0.98713,0.108048,-0.117899
"meditation_experiment_20260516_002946_263",1778884277153,90890,3643,1,0.996094,41.11403,20.85839,39.66426,0.984472,0.088641,-0.151523,1,0.996094,41.10851,20.85274,39.59741,0.990798,0.093364,-0.097989,41.11127,20.85557,39.63084,0.987117,0.130567,-0.09248
"meditation_experiment_20260516_002946_263",1778884277264,91001,3647,1,0.996094,41.10682,20.86185,39.6692,0.974749,0.182317,0.128942,1,0.996094,41.10328,20.85703,39.60215,0.966106,0.184022,0.181041,41.10505,20.85944,39.63568,0.984182,0.165282,-0.06378
"meditation_experiment_20260516_002946_263",1778884277377,91114,3651,1,0.996094,41.10168,20.86531,39.67486,0.918627,0.351607,0.180271,1,0.996094,41.10037,20.86144,39.60767,0.907633,0.350088,0.231604,41.10103,20.86337,39.64127,0.977891,0.206809,-0.030982
"meditation_experiment_20260516_002946_263",1778884277487,91224,3655,1,0.996094,41.1001,20.86617,39.68127,0.920066,0.336662,0.200345,1,0.996094,41.10119,20.86392,39.614,0.908178,0.334431,0.251732,41.10065,20.86505,39.64763,0.972157,0.234199,0.007871
"meditation_experiment_20260516_002946_263",1778884277599,91336,3659,1,0.996094,41.10099,20.86312,39.6878,0.940092,0.283477,0.189389,1,0.996094,41.10423,20.86276,39.62056,0.928792,0.28114,0.241467,41.10261,20.86294,39.65418,0.974556,0.219429,0.045728
"meditation_experiment_20260516_002946_263",1778884277710,91447,3663,1,0.996094,41.10196,20.85394,39.69564,0.96366,0.204547,0.171814,1,0.996094,41.10806,20.8543,39.6286,0.953068,0.203056,0.224565,41.10501,20.85412,39.66212,0.985703,0.142124,0.090505
"meditation_experiment_20260516_002946_263",1778884277821,91558,3667,1,0.996094,41.10144,20.84513,39.70561,0.907321,-0.098134,0.408825,1,0.996094,41.11224,20.84519,39.63917,0.884895,-0.096693,0.455645,41.10684,20.84516,39.67239,0.986359,0.037183,0.160356
"meditation_experiment_20260516_002946_263",1778884277932,91669,3671,1,0.996094,41.1006,20.83553,39.71627,0.78191,-0.515781,0.350123,1,0.996094,41.11632,20.83562,39.65082,0.761541,-0.51072,0.399025,41.10846,20.83557,39.68354,0.970799,-0.056445,0.233159
"meditation_experiment_20260516_002946_263",1778884278043,91780,3675,1,0.996094,41.09985,20.82734,39.7244,0.725966,-0.575165,0.37704,1,0.996094,41.11906,20.82692,39.65988,0.703665,-0.569344,0.425092,41.10946,20.82713,39.69214,0.949148,-0.136948,0.283485
"meditation_experiment_20260516_002946_263",1778884278156,91893,3679,1,0.996094,41.10054,20.82462,39.72908,0.644163,-0.682249,0.345817,1,0.996094,41.12107,20.82371,39.66498,0.622501,-0.675992,0.39437,41.11081,20.82416,39.69703,0.939049,-0.162482,0.302965
"meditation_experiment_20260516_002946_263",1778884278267,92004,3683,1,0.996094,41.10181,20.82474,39.73055,0.678794,-0.650085,0.34151,1,0.996094,41.12234,20.82429,39.66644,0.657198,-0.644798,0.390291,41.11208,20.82451,39.69849,0.940415,-0.155963,0.302151
"meditation_experiment_20260516_002946_263",1778884278378,92115,3687,1,0.996094,41.10299,20.82463,39.7301,0.678604,-0.657265,0.327871,1,0.996094,41.123,20.82429,39.66583,0.657634,-0.652219,0.376999,41.11299,20.82446,39.69796,0.942668,-0.157308,0.294333
"meditation_experiment_20260516_002946_263",1778884278490,92227,3691,1,0.996094,41.10383,20.82486,39.72929,0.682683,-0.654733,0.324451,1,0.996094,41.12352,20.82444,39.66491,0.661999,-0.64969,0.373712,41.11367,20.82465,39.6971,0.944377,-0.155387,0.289838
"meditation_experiment_20260516_002946_263",1778884278600,92337,3695,1,0.996094,41.10454,20.82491,39.72851,0.684362,-0.650104,0.330173,1,0.996094,41.12426,20.82445,39.66415,0.663486,-0.644915,0.379304,41.1144,20.82468,39.69633,0.944499,-0.153545,0.290424
"meditation_experiment_20260516_002946_263",1778884278712,92449,3699,1,0.996094,41.10455,20.82553,39.72749,0.561879,-0.645423,0.517418,1,0.996094,41.12439,20.82487,39.66317,0.535624,-0.632897,0.55906,41.11447,20.8252,39.69533,0.944446,-0.149307,0.292797
"meditation_experiment_20260516_002946_263",1778884278824,92561,3703,1,0.996094,41.10483,20.82564,39.72666,0.56305,-0.651446,0.508521,1,0.996094,41.12468,20.82483,39.66234,0.537069,-0.639047,0.550615,41.11475,20.82524,39.6945,0.944457,-0.148275,0.293285
"meditation_experiment_20260516_002946_263",1778884278935,92672,3707,1,0.996094,41.10551,20.82576,39.72586,0.563235,-0.649475,0.510832,1,0.996094,41.12531,20.82484,39.66153,0.537242,-0.636968,0.55285,41.11541,20.8253,39.6937,0.944538,-0.148753,0.292782
"meditation_experiment_20260516_002946_263",1778884279047,92784,3711,1,0.996094,41.10608,20.82572,39.7254,0.566377,-0.651142,0.505204,1,0.996094,41.12584,20.82475,39.66106,0.540545,-0.638783,0.547511,41.11596,20.82524,39.69323,0.944711,-0.148513,0.292344
"meditation_experiment_20260516_002946_263",1778884279158,92895,3715,1,0.996094,41.10664,20.82576,39.72502,0.575493,-0.644716,0.503139,1,0.996094,41.12634,20.82477,39.66066,0.549663,-0.632599,0.545609,41.11649,20.82526,39.69284,0.945151,-0.147055,0.291658
"meditation_experiment_20260516_002946_263",1778884279269,93006,3719,1,0.996094,41.10697,20.82557,39.72483,0.562924,-0.650876,0.509388,1,0.996094,41.12672,20.82451,39.66049,0.537036,-0.638306,0.551505,41.11685,20.82504,39.69266,0.94453,-0.149386,0.292484
"meditation_experiment_20260516_002946_263",1778884279380,93117,3723,1,0.996094,41.10716,20.82542,39.72509,0.612004,-0.596507,0.51926,1,0.996094,41.12719,20.8243,39.66084,0.585261,-0.585111,0.561351,41.11718,20.82486,39.69297,0.943156,-0.15003,0.296559
"meditation_experiment_20260516_002946_263",1778884279492,93229,3727,1,0.996094,41.10738,20.82544,39.72539,0.639227,-0.556389,0.530867,1,0.996094,41.12759,20.82434,39.66119,0.611808,-0.545665,0.572661,41.11749,20.82489,39.69329,0.942416,-0.149506,0.299165
"meditation_experiment_20260516_002946_263",1778884279603,93340,3731,1,0.996094,41.10787,20.8252,39.72556,0.640517,-0.569106,0.515613,1,0.996094,41.12811,20.82413,39.66137,0.613556,-0.558633,0.558103,41.11798,20.82467,39.69346,0.942049,-0.151136,0.299501
"meditation_experiment_20260516_002946_263",1778884279715,93452,3735,1,0.996094,41.10857,20.82505,39.72555,0.640398,-0.571929,0.512629,1,0.996094,41.12881,20.82392,39.66136,0.613546,-0.561467,0.555263,41.11869,20.82448,39.69345,0.941703,-0.152944,0.299672
"meditation_experiment_20260516_002946_263",1778884279826,93563,3739,1,0.996094,41.10877,20.82493,39.72596,0.637417,-0.568789,0.519787,1,0.996094,41.12952,20.8236,39.66193,0.610214,-0.558215,0.56217,41.11914,20.82427,39.69395,0.939001,-0.154043,0.307488
"meditation_experiment_20260516_002946_263",1778884279937,93674,3743,1,0.996094,41.10706,20.82456,39.72874,0.580968,-0.616653,0.53124,1,0.996094,41.13008,20.82224,39.66553,0.553121,-0.604745,0.57301,41.11857,20.8234,39.69714,0.925686,-0.159306,0.343114
"meditation_experiment_20260516_002946_263",1778884280049,93786,3747,1,0.996094,41.10532,20.82452,39.73139,0.588846,-0.61239,0.527484,1,0.996094,41.13068,20.82131,39.66912,0.560283,-0.60119,0.569783,41.118,20.82291,39.70025,0.910795,-0.16288,0.37937
"meditation_experiment_20260516_002946_263",1778884280161,93898,3751,1,0.996094,41.10426,20.82479,39.73322,0.59188,-0.600421,0.537747,1,0.996094,41.13117,20.82082,39.67165,0.562562,-0.589321,0.579849,41.11771,20.82281,39.70243,0.900217,-0.162784,0.403869
"meditation_experiment_20260516_002946_263",1778884280272,94009,3755,1,0.996094,41.1045,20.82476,39.73387,0.606672,-0.605487,0.515107,1,0.996094,41.1317,20.82076,39.67242,0.577897,-0.595278,0.558282,41.1181,20.82276,39.70315,0.898341,-0.162427,0.408168
"meditation_experiment_20260516_002946_263",1778884280383,94120,3759,1,0.996094,41.10486,20.82445,39.73384,0.611747,-0.609686,0.504032,1,0.996094,41.13196,20.82042,39.67236,0.583357,-0.599774,0.547692,41.11841,20.82243,39.7031,0.89831,-0.165966,0.40681
"meditation_experiment_20260516_002946_263",1778884280494,94231,3763,1,0.996094,41.10569,20.8244,39.73346,0.612283,-0.608247,0.505119,1,0.996094,41.13254,20.82038,39.67186,0.583961,-0.598225,0.548741,41.11911,20.82239,39.70266,0.899902,-0.166603,0.403014
"meditation_experiment_20260516_002946_263",1778884280606,94343,3767,1,0.996094,41.10599,20.82423,39.73318,0.602407,-0.596466,0.53041,1,0.996094,41.13272,20.82019,39.67153,0.573376,-0.58565,0.572935,41.11935,20.82221,39.70235,0.900584,-0.166798,0.401406
"meditation_experiment_20260516_002946_263",1778884280717,94454,3771,1,0.996094,41.10633,20.82377,39.73284,0.597287,-0.597136,0.535423,1,0.996094,41.13297,20.81972,39.67115,0.568166,-0.586055,0.577692,41.11965,20.82175,39.702,0.900679,-0.169487,0.400066
"meditation_experiment_20260516_002946_263",1778884280829,94566,3775,1,0.996094,41.10668,20.82372,39.73262,0.594396,-0.596166,0.539703,1,0.996094,41.13322,20.81966,39.67089,0.565194,-0.584902,0.581761,41.11995,20.82169,39.70175,0.901133,-0.170378,0.398662
"meditation_experiment_20260516_002946_263",1778884280940,94677,3779,1,0.996094,41.10679,20.82397,39.73257,0.593142,-0.602837,0.533639,1,0.996094,41.13335,20.81989,39.67085,0.56412,-0.591653,0.575947,41.12007,20.82193,39.70171,0.901344,-0.168106,0.399149
"meditation_experiment_20260516_002946_263",1778884281051,94788,3783,1,0.996094,41.10688,20.82386,39.73264,0.593645,-0.596656,0.539989,1,0.996094,41.13339,20.8198,39.6709,0.56445,-0.585355,0.582028,41.12014,20.82183,39.70177,0.901663,-0.168616,0.398213
"meditation_experiment_20260516_002946_263",1778884281163,94900,3787,1,0.996094,41.10669,20.82384,39.73281,0.590943,-0.601355,0.537735,1,0.996094,41.13324,20.81985,39.67108,0.561786,-0.590081,0.579828,41.11997,20.82185,39.70195,0.901415,-0.168937,0.398636
"meditation_experiment_20260516_002946_263",1778884281274,95011,3791,1,0.996094,41.10656,20.82427,39.73284,0.593905,-0.600364,0.535574,1,0.996094,41.1332,20.82031,39.67115,0.564759,-0.589249,0.577783,41.11988,20.82229,39.702,0.901404,-0.166004,0.399892
"meditation_experiment_20260516_002946_263",1778884281386,95123,3795,1,0.996094,41.10654,20.82439,39.73251,0.475379,-0.572133,0.66834,1,0.996094,41.13305,20.82041,39.67076,0.443736,-0.556257,0.702621,41.1198,20.8224,39.70164,0.902442,-0.164694,0.398089
"meditation_experiment_20260516_002946_263",1778884281497,95234,3799,1,0.996094,41.10654,20.82434,39.73221,0.485446,-0.567372,0.665155,1,0.996094,41.13293,20.82038,39.67041,0.453791,-0.551779,0.699724,41.11973,20.82236,39.70131,0.903193,-0.165179,0.39618
"meditation_experiment_20260516_002946_263",1778884281608,95345,3803,1,0.996094,41.1065,20.82444,39.7321,0.484469,-0.562022,0.670389,1,0.996094,41.13293,20.82046,39.67031,0.452689,-0.546381,0.704656,41.11972,20.82245,39.70121,0.903016,-0.164361,0.396923
"meditation_experiment_20260516_002946_263",1778884281720,95457,3807,1,0.996094,41.10652,20.82451,39.73206,0.621741,-0.57756,0.529021,1,0.996094,41.13298,20.82053,39.67029,0.592809,-0.567145,0.571774,41.11975,20.82252,39.70117,0.90306,-0.163229,0.397289
"meditation_experiment_20260516_002946_263",1778884281831,95568,3811,1,0.996094,41.10691,20.82432,39.7317,0.658857,-0.571999,0.488594,1,0.996094,41.13313,20.82025,39.66983,0.631333,-0.563071,0.533263,41.12002,20.82228,39.70077,0.904173,-0.16496,0.39403
"meditation_experiment_20260516_002946_263",1778884281942,95679,3815,1,0.996094,41.10712,20.82414,39.73149,0.694195,-0.549202,0.465265,1,0.996094,41.1331,20.82015,39.66951,0.667604,-0.541433,0.511033,41.12011,20.82214,39.7005,0.905516,-0.166353,0.390343
"meditation_experiment_20260516_002946_263",1778884282054,95791,3819,1,0.996094,41.10703,20.82436,39.7313,0.688652,-0.558957,0.461872,1,0.996094,41.13292,20.82049,39.66928,0.662157,-0.551183,0.507686,41.11998,20.82242,39.70029,0.906477,-0.165079,0.388649
"meditation_experiment_20260516_002946_263",1778884282166,95903,3823,1,0.996094,41.10699,20.82452,39.7314,0.680739,-0.563561,0.467968,1,0.996094,41.1329,20.82063,39.6694,0.654012,-0.55549,0.513516,41.11994,20.82257,39.7004,0.906353,-0.164849,0.389037
"meditation_experiment_20260516_002946_263",1778884282277,96014,3827,1,0.996094,41.10684,20.82458,39.7314,0.596777,-0.601341,0.531269,1,0.996094,41.13277,20.82071,39.6694,0.56802,-0.590152,0.57365,41.11981,20.82265,39.70041,0.906368,-0.164018,0.389353
"meditation_experiment_20260516_002946_263",1778884282388,96125,3831,1,0.996094,41.10662,20.82471,39.73143,0.597767,-0.602205,0.529174,1,0.996094,41.13263,20.82087,39.66945,0.569032,-0.591121,0.571645,41.11963,20.82279,39.70044,0.906124,-0.163275,0.390232
"meditation_experiment_20260516_002946_263",1778884282500,96237,3835,1,0.996094,41.10652,20.82473,39.73152,0.603481,-0.602154,0.522706,1,0.996094,41.13257,20.82093,39.66956,0.574896,-0.591365,0.565493,41.11954,20.82283,39.70054,0.905865,-0.163194,0.390867
"meditation_experiment_20260516_002946_263",1778884282611,96348,3839,1,0.996094,41.10661,20.82475,39.73132,0.604575,-0.595651,0.528856,1,0.996094,41.13263,20.82094,39.66935,0.575813,-0.584754,0.571403,41.11962,20.82284,39.70034,0.906166,-0.162175,0.390592
"meditation_experiment_20260516_002946_263",1778884282722,96459,3843,1,0.996094,41.10683,20.82477,39.73124,0.603391,-0.59525,0.530657,1,0.996094,41.13278,20.82094,39.66924,0.574613,-0.584257,0.573118,41.1198,20.82285,39.70024,0.906619,-0.162276,0.389499
"meditation_experiment_20260516_002946_263",1778884282833,96570,3847,1,0.996094,41.1069,20.82455,39.73112,0.697832,-0.664803,0.266584,1,0.996094,41.13282,20.82075,39.66911,0.678238,-0.662953,0.316995,41.11986,20.82265,39.70012,0.906672,-0.163428,0.388893
"meditation_experiment_20260516_002946_263",1778884282945,96682,3851,1,0.996094,41.10796,20.82398,39.73038,0.695288,-0.6657,0.270958,1,0.996094,41.13317,20.82035,39.66808,0.675699,-0.663436,0.321377,41.12057,20.82217,39.69923,0.910365,-0.167959,0.378187
"meditation_experiment_20260516_002946_263",1778884283056,96793,3855,1,0.996094,41.10973,20.82253,39.72869,0.697577,-0.668557,0.257719,1,0.996094,41.13356,20.81886,39.66584,0.678999,-0.666167,0.308516,41.12164,20.8207,39.69726,0.916248,-0.180133,0.357828
"meditation_experiment_20260516_002946_263",1778884283168,96905,3859,1,0.996094,41.11152,20.82031,39.72703,0.69369,-0.669447,0.265772,1,0.996094,41.13386,20.81669,39.66364,0.675306,-0.666133,0.316591,41.12269,20.8185,39.69534,0.920061,-0.201749,0.335834
"meditation_experiment_20260516_002946_263",1778884283279,97016,3863,1,0.996094,41.11297,20.81831,39.72624,0.691674,-0.665156,0.281344,1,0.996094,41.13458,20.81494,39.66257,0.672893,-0.66109,0.331926,41.12378,20.81663,39.6944,0.920647,-0.217659,0.324089
"meditation_experiment_20260516_002946_263",1778884283391,97128,3867,1,0.996094,41.1149,20.81706,39.72625,0.679631,-0.675721,0.285487,1,0.996094,41.1374,20.8138,39.6629,0.660231,-0.67179,0.335849,41.12615,20.81544,39.69457,0.912454,-0.233474,0.336034
"meditation_experiment_20260516_002946_263",1778884283502,97239,3871,1,0.996094,41.12208,20.81648,39.7244,0.669453,-0.679561,0.300049,1,0.996094,41.14783,20.81424,39.66225,0.647835,-0.676824,0.349598,41.13496,20.81536,39.69333,0.892336,-0.245986,0.378456
"meditation_experiment_20260516_002946_263",1778884283613,97350,3875,1,0.996094,41.13524,20.81783,39.72469,0.442456,-0.580485,0.683571,1,0.996094,41.16804,20.81565,39.66594,0.407208,-0.566755,0.71622,41.15164,20.81674,39.69532,0.839055,-0.259647,0.478091
"meditation_experiment_20260516_002946_263",1778884283725,97462,3879,1,0.996094,41.1395,20.82132,39.73431,0.231224,-0.590658,0.773084,1,0.996094,41.18802,20.81939,39.68769,0.187912,-0.57724,0.794659,41.16376,20.82036,39.711,0.664309,-0.256456,0.702085
"meditation_experiment_20260516_002946_263",1778884283837,97574,3883,1,0.996094,41.14641,20.84293,39.7359,-0.121345,-0.341022,0.932191,1,0.996094,41.20607,20.83791,39.70512,-0.165234,-0.327422,0.930319,41.17624,20.84042,39.72051,0.454087,-0.056526,0.889162
"meditation_experiment_20260516_002946_263",1778884283949,97686,3887,1,0.996094,41.15428,20.86904,39.72411,-0.159469,-0.351196,0.922622,1,0.996094,41.21923,20.86266,39.70762,-0.208037,-0.33915,0.917441,41.18676,20.86585,39.71586,0.258378,0.177824,0.949536
"meditation_experiment_20260516_002946_263",1778884284062,97799,3891,1,0.996094,41.15817,20.8834,39.70502,-0.252452,-0.376756,0.891248,1,0.996094,41.22533,20.87884,39.70493,-0.302672,-0.367983,0.879192,41.19175,20.88112,39.70497,0.019322,0.265304,0.963971
"meditation_experiment_20260516_002946_263",1778884284173,97910,3895,1,0.996094,41.16816,20.88975,39.68828,-0.201498,-0.452954,0.868465,1,0.996094,41.23473,20.88804,39.69815,-0.253962,-0.449432,0.856454,41.20145,20.8889,39.69321,-0.133182,0.287254,0.94855
"meditation_experiment_20260516_002946_263",1778884284285,98022,3899,1,0.996094,41.17947,20.8977,39.68243,-0.120408,-0.480976,0.868426,1,0.996094,41.24546,20.89796,39.69576,-0.173681,-0.48184,0.858874,41.21247,20.89783,39.6891,-0.189346,0.311203,0.93129
"meditation_experiment_20260516_002946_263",1778884284397,98134,3903,1,0.996094,41.1881,20.89921,39.68531,0.056606,-0.482666,0.873974,1,0.996094,41.25396,20.90091,39.69912,0.003945,-0.489196,0.872165,41.22103,20.90006,39.69221,-0.203454,0.293423,0.934082
"meditation_experiment_20260516_002946_263",1778884284508,98245,3907,1,0.996094,41.19479,20.8987,39.69854,0.154886,-0.478245,0.86446,1,0.996094,41.261,20.90054,39.71058,0.103512,-0.48675,0.867387,41.2279,20.89962,39.70456,-0.179009,0.287435,0.940924
"meditation_experiment_20260516_002946_263",1778884284620,98357,3911,1,0.996094,41.20323,20.89658,39.72268,0.207285,-0.508523,0.835726,1,0.996094,41.27022,20.89822,39.72904,0.155824,-0.516693,0.841872,41.23672,20.8974,39.72586,-0.097715,0.262512,0.959968
"meditation_experiment_20260516_002946_263",1778884284730,98467,3915,1,0.996094,41.21891,20.89104,39.75601,0.305691,-0.523464,0.795323,1,0.996094,41.28605,20.89368,39.75197,0.254883,-0.531612,0.807728,41.25248,20.89235,39.75399,0.050398,0.213461,0.975651
"meditation_experiment_20260516_002946_263",1778884284842,98579,3919,1,0.996094,41.24325,20.88516,39.79363,0.672418,-0.04945,0.738518,1,0.996094,41.30835,20.88776,39.77667,0.635665,-0.052765,0.77016,41.2758,20.88646,39.78515,0.242461,0.164186,0.956167
"meditation_experiment_20260516_002946_263",1778884284953,98690,3923,1,0.996094,41.271,20.88162,39.83064,0.76481,-0.105453,0.635567,1,0.996094,41.33146,20.88189,39.80104,0.731743,-0.107886,0.672988,41.30123,20.88176,39.81583,0.436068,0.120394,0.891824
"meditation_experiment_20260516_002946_263",1778884285064,98801,3927,1,0.996094,41.29655,20.88643,39.86261,0.827022,-0.143194,0.543627,1,0.996094,41.34931,20.88629,39.8208,0.797167,-0.145314,0.58601,41.32293,20.88636,39.84171,0.61965,0.070285,0.781725
"meditation_experiment_20260516_002946_263",1778884285174,98911,3931,1,0.996094,41.309,20.90917,39.88166,0.924673,-0.160962,0.345065,1,0.996094,41.3515,20.90851,39.82947,0.905018,-0.162992,0.392907,41.33025,20.90884,39.85556,0.775461,0.007144,0.631356
"meditation_experiment_20260516_002946_263",1778884285285,99022,3935,1,0.996094,41.31186,20.93086,39.9015,0.910274,-0.192768,0.366391,1,0.996094,41.34287,20.92575,39.84198,0.889381,-0.189518,0.416035,41.32737,20.9283,39.87174,0.883728,-0.053603,0.464922
"meditation_experiment_20260516_002946_263",1778884285395,99132,3939,1,0.996094,41.31355,20.95652,39.92065,0.858719,-0.498425,0.119059,1,0.996094,41.33097,20.94658,39.85639,0.851918,-0.494632,0.171975,41.32226,20.95155,39.88852,0.951272,-0.132591,0.278392
"meditation_experiment_20260516_002946_263",1778884285506,99243,3943,1,0.996094,41.32032,20.97555,39.93668,0.837619,-0.529429,0.134531,1,0.996094,41.32663,20.96254,39.87094,0.83356,-0.519597,0.187609,41.32348,20.96905,39.90381,0.965814,-0.220456,0.136395
"meditation_experiment_20260516_002946_263",1778884285618,99355,3947,1,0.996094,41.33096,20.99084,39.94548,0.846435,-0.525209,0.087772,1,0.996094,41.33286,20.97914,39.87921,0.844983,-0.515849,0.141084,41.33191,20.98499,39.91235,0.957925,-0.276683,0.076333
"meditation_experiment_20260516_002946_263",1778884285729,99466,3951,1,0.996094,41.34404,21.00363,39.94704,0.916001,-0.400908,0.014675,1,0.996094,41.34446,20.99112,39.88091,0.917589,-0.391677,0.067964,41.34425,20.99738,39.91397,0.961322,-0.269433,0.057156
"meditation_experiment_20260516_002946_263",1778884285840,99577,3955,1,0.996094,41.35607,21.00468,39.94796,0.961147,-0.274806,0.026045,1,0.996094,41.35794,20.99383,39.88155,0.960593,-0.266344,0.079515,41.357,20.99925,39.91475,0.961398,-0.265984,0.070471
"meditation_experiment_20260516_002946_263",1778884285952,99689,3959,1,0.996094,41.37436,20.9996,39.95432,0.964945,-0.262374,0.006426,1,0.996094,41.37576,20.98882,39.88788,0.965319,-0.254107,0.059914,41.37506,20.99421,39.9211,0.965092,-0.254566,0.061599
"meditation_experiment_20260516_002946_263",1778884286063,99800,3963,1,0.996094,41.40584,20.98829,39.96946,0.970197,-0.24228,0.00426,1,0.996094,41.4069,20.97619,39.90325,0.970796,-0.232898,0.057563,41.40637,20.98224,39.93635,0.975016,-0.215217,0.055007
"meditation_experiment_20260516_002946_263",1778884286174,99911,3967,1,0.996094,41.41686,20.96177,39.99367,0.946757,-0.320685,0.028528,1,0.996094,41.41777,20.94852,39.92767,0.947097,-0.310383,0.081673,41.41732,20.95515,39.96067,0.96252,-0.263048,0.066047
"meditation_experiment_20260516_002946_263",1778884286287,100024,3971,1,0.996094,41.41008,20.94494,40.02026,0.711274,-0.701197,0.049117,1,0.996094,41.40955,20.93192,39.95422,0.713818,-0.692795,0.102464,41.40981,20.93843,39.98724,0.954864,-0.292785,0.050127
"meditation_experiment_20260516_002946_263",1778884286398,100135,3975,1,0.996094,41.37636,20.92784,40.0508,0.676064,-0.735548,0.043676,1,0.996094,41.37529,20.91635,39.98449,0.678566,-0.728081,0.097192,41.37583,20.92209,40.01765,0.934936,-0.351837,0.045897
"meditation_experiment_20260516_002946_263",1778884286510,100247,3979,1,0.996094,41.31635,20.9203,40.09138,0.693265,-0.718451,0.056678,1,0.996094,41.31443,20.90797,40.02523,0.695902,-0.709659,0.110018,41.3154,20.91413,40.05831,0.927427,-0.371602,0.042316
"meditation_experiment_20260516_002946_263",1778884286621,100358,3983,1,0.996094,41.25219,20.91536,40.13972,0.660527,-0.737108,0.142744,1,0.996094,41.24749,20.90324,40.07367,0.661431,-0.724177,0.195135,41.24984,20.9093,40.1067,0.930399,-0.366546,0.000937
"meditation_experiment_20260516_002946_263",1778884286732,100469,3987,1,0.996094,41.20584,20.9075,40.18185,0.66197,-0.739576,0.121755,1,0.996094,41.20055,20.89808,40.11541,0.662794,-0.728202,0.174434,41.20319,20.90279,40.14863,0.927847,-0.372366,-0.021051
"meditation_experiment_20260516_002946_263",1778884286844,100581,3991,1,0.996094,41.1841,20.89885,40.21211,0.698764,-0.705573,0.117882,1,0.996094,41.17883,20.89135,40.14542,0.698489,-0.694992,0.170587,41.18146,20.8951,40.17877,0.934429,-0.354518,-0.034057
"meditation_experiment_20260516_002946_263",1778884286955,100692,3995,1,0.996094,41.17502,20.85304,40.23108,0.731494,-0.6716,0.117773,1,0.996094,41.17024,20.84665,40.16423,0.730118,-0.661705,0.170511,41.17263,20.84985,40.19766,0.951698,-0.304567,-0.038858
"meditation_experiment_20260516_002946_263",1778884287066,100803,3999,1,0.996094,41.16419,20.77764,40.23414,0.732721,-0.667923,0.130381,1,0.996094,41.16113,20.77236,40.1671,0.729723,-0.658758,0.183147,41.16265,20.775,40.20062,0.956913,-0.289619,-0.020964
"meditation_experiment_20260516_002946_263",1778884287177,100914,4003,1,0.996094,41.14446,20.70861,40.22789,0.736706,-0.659876,0.147747,1,0.996094,41.14492,20.70423,40.16072,0.731322,-0.651869,0.200588,41.14469,20.70642,40.1943,0.963522,-0.266548,0.024029
"meditation_experiment_20260516_002946_263",1778884287289,101026,4007,1,0.996094,41.11708,20.63513,40.21988,0.751441,-0.643804,0.144406,1,0.996094,41.11891,20.63058,40.15274,0.745634,-0.63644,0.19742,41.118,20.63285,40.18631,0.967501,-0.249136,0.04328
"meditation_experiment_20260516_002946_263",1778884287400,101137,4011,1,0.996094,41.09147,20.57709,40.22118,0.777296,-0.612284,0.144637,1,0.996094,41.096,20.57391,40.15409,0.769888,-0.606763,0.197767,41.09374,20.5755,40.18763,0.977127,-0.198855,0.075367
"meditation_experiment_20260516_002946_263",1778884287511,101248,4015,1,0.996094,41.07924,20.54879,40.23114,0.780103,-0.613787,0.121263,1,0.996094,41.08344,20.5436,40.16415,0.77455,-0.6079,0.174729,41.08134,20.54619,40.19765,0.977366,-0.197252,0.076464
"meditation_experiment_20260516_002946_263",1778884287622,101359,4019,1,0.996094,41.09243,20.53671,40.25252,0.810995,-0.578912,0.084546,1,0.996094,41.09433,20.53087,40.18548,0.807797,-0.573023,0.138237,41.09338,20.53379,40.219,0.987711,-0.150798,0.041069
"meditation_experiment_20260516_002946_263",1778884287734,101471,4023,1,0.996094,41.11729,20.56489,40.26812,0.798027,-0.597096,0.081421,1,0.996094,41.11909,20.55926,40.20107,0.79499,-0.591378,0.135142,41.11819,20.56207,40.2346,0.989154,-0.141777,0.038394
"meditation_experiment_20260516_002946_263",1778884287845,101582,4027,1,0.996094,41.11754,20.57423,40.27902,0.774938,-0.623602,0.102922,1,0.996094,41.12193,20.56803,40.21214,0.770515,-0.617893,0.156572,41.11973,20.57113,40.24558,0.986404,-0.144599,0.078094
"meditation_experiment_20260516_002946_263",1778884287956,101693,4031,1,0.996094,41.10714,20.56999,40.27938,0.723171,-0.631994,0.278581,1,0.996094,41.11387,20.56501,40.21259,0.710642,-0.62174,0.329284,41.11051,20.5675,40.24599,0.981644,-0.155462,0.110482
"meditation_experiment_20260516_002946_263",1778884288067,101804,4035,1,0.996094,41.08564,20.56495,40.2696,0.745544,-0.60242,0.28505,1,0.996094,41.09323,20.55985,40.20291,0.732275,-0.592527,0.335686,41.08943,20.5624,40.23626,0.98262,-0.139496,0.122471
"meditation_experiment_20260516_002946_263",1778884288179,101916,4039,1,0.996094,41.05727,20.55495,40.257,0.769317,-0.570777,0.286994,1,0.996094,41.06604,20.55086,40.19038,0.755024,-0.562101,0.337611,41.06165,20.5529,40.22369,0.985252,-0.103819,0.136014
"meditation_experiment_20260516_002946_263",1778884288290,102027,4043,1,0.996094,41.03414,20.54574,40.24317,0.779796,-0.563169,0.273421,1,0.996094,41.0441,20.5425,40.17667,0.765338,-0.55589,0.324414,41.03912,20.54412,40.20992,0.985724,-0.07404,0.151218
"meditation_experiment_20260516_002946_263",1778884288401,102138,4047,1,0.996094,41.01995,20.5417,40.22979,0.777365,-0.554818,0.296446,1,0.996094,41.03139,20.53761,40.16358,0.761815,-0.546987,0.347051,41.02567,20.53966,40.19669,0.983731,-0.048183,0.173065
"meditation_experiment_20260516_002946_263",1778884288513,102250,4051,1,0.996094,41.00987,20.53544,40.21671,0.805332,-0.592658,0.013998,1,0.996094,41.0195,20.53024,40.1503,0.802834,-0.592348,0.067691,41.01469,20.53284,40.18351,0.986451,-0.069684,0.148521
"meditation_experiment_20260516_002946_263",1778884288624,102361,4055,1,0.996094,40.9966,20.52754,40.20541,0.872259,-0.480606,-0.090461,1,0.996094,41.00217,20.52232,40.13852,0.875976,-0.480913,-0.037261,40.99939,20.52493,40.17196,0.990441,-0.104055,0.090548
"meditation_experiment_20260516_002946_263",1778884288735,102472,4059,1,0.996094,40.97395,20.52387,40.19605,0.9642,-0.232647,-0.127258,1,0.996094,40.97475,20.51846,40.12896,0.97039,-0.229931,-0.074,40.97435,20.52117,40.1625,0.993877,-0.108566,0.020552
"meditation_experiment_20260516_002946_263",1778884288847,102584,4063,1,0.996094,40.94473,20.52095,40.18985,0.979685,-0.190338,-0.06316,1,0.996094,40.94307,20.51542,40.12278,0.982472,-0.186179,-0.009266,40.9439,20.51818,40.15632,0.996166,-0.085694,-0.017618
"meditation_experiment_20260516_002946_263",1778884288958,102695,4067,1,0.996094,40.9206,20.51625,40.18691,0.981211,-0.180764,-0.067451,1,0.996094,40.91842,20.51134,40.11981,0.984113,-0.17703,-0.013524,40.91951,20.5138,40.15336,0.998496,-0.046474,-0.029107
"meditation_experiment_20260516_002946_263",1778884289070,102807,4071,1,0.996094,40.90697,20.51547,40.18717,0.919346,-0.376445,0.11442,1,0.996094,40.90627,20.50941,40.12013,0.91413,-0.369222,0.167456,40.90662,20.51244,40.15365,0.999946,-0.000743,-0.010348
"meditation_experiment_20260516_002946_263",1778884289181,102918,4075,1,0.996094,40.89896,20.51051,40.18799,0.89035,-0.440746,0.1141,1,0.996094,40.90011,20.50503,40.12091,0.885123,-0.434215,0.167377,40.89953,20.50777,40.15445,0.999701,-0.016011,0.018498
"meditation_experiment_20260516_002946_263",1778884289292,103029,4079,1,0.996094,40.89812,20.50411,40.19206,0.750018,-0.580621,0.316785,1,0.996094,40.90236,20.49917,40.12506,0.736504,-0.568839,0.36604,40.90024,20.50164,40.15856,0.997017,-0.039876,0.066087
"meditation_experiment_20260516_002946_263",1778884289404,103141,4083,1,0.996094,40.90172,20.49724,40.19359,0.743948,-0.573582,0.342849,1,0.996094,40.90863,20.49265,40.12679,0.728412,-0.562192,0.391608,40.90518,20.49494,40.16019,0.992976,-0.051893,0.106333
"meditation_experiment_20260516_002946_263",1778884289515,103252,4087,1,0.996094,40.90585,20.49399,40.19547,0.757014,-0.558211,0.339604,1,0.996094,40.91396,20.48798,40.12891,0.741538,-0.546777,0.388788,40.9099,20.49098,40.16219,0.988027,-0.085911,0.128148
"meditation_experiment_20260516_002946_263",1778884289626,103363,4091,1,0.996094,40.90971,20.49297,40.19639,0.775948,-0.539444,0.326963,1,0.996094,40.91836,20.4868,40.12992,0.760675,-0.528703,0.376625,40.91404,20.48988,40.16315,0.986991,-0.085284,0.136292
"meditation_experiment_20260516_002946_263",1778884289738,103475,4095,1,0.996094,40.91176,20.49179,40.1963,0.776599,-0.542445,0.320386,1,0.996094,40.92062,20.48598,40.12983,0.761413,-0.532141,0.370239,40.91619,20.48889,40.16306,0.9861,-0.090524,0.139325
"meditation_experiment_20260516_002946_263",1778884289849,103586,4099,1,0.996094,40.91428,20.49166,40.19688,0.781081,-0.534713,0.322482,1,0.996094,40.92272,20.48555,40.13037,0.765987,-0.524113,0.372248,40.9185,20.48861,40.16363,0.986515,-0.094164,0.13387
"meditation_experiment_20260516_002946_263",1778884289961,103698,4103,1,0.996094,40.91608,20.49056,40.1986,0.775546,-0.545283,0.318113,1,0.996094,40.92453,20.48457,40.13209,0.760651,-0.534777,0.368001,40.9203,20.48756,40.16534,0.985674,-0.101819,0.134463
"meditation_experiment_20260516_002946_263",1778884290072,103809,4107,1,0.996094,40.91743,20.48958,40.20124,0.768742,-0.546697,0.331902,1,0.996094,40.92635,20.48382,40.13477,0.753114,-0.536047,0.38141,40.92189,20.4867,40.168,0.984396,-0.105023,0.141191
"meditation_experiment_20260516_002946_263",1778884290184,103921,4111,1,0.996094,40.91872,20.48967,40.20412,0.76644,-0.546245,0.337914,1,0.996094,40.92778,20.48394,40.13767,0.75053,-0.535485,0.387247,40.92325,20.48681,40.1709,0.983812,-0.107381,0.143467
"meditation_experiment_20260516_002946_263",1778884290295,104032,4115,1,0.996094,40.92004,20.48928,40.20713,0.777871,-0.539731,0.321881,1,0.996094,40.929,20.48387,40.14063,0.762437,-0.529673,0.371667,40.92452,20.48657,40.17388,0.984143,-0.107138,0.141368
"meditation_experiment_20260516_002946_263",1778884290406,104143,4119,1,0.996094,40.92034,20.4887,40.21047,0.77087,-0.542768,0.33341,1,0.996094,40.92958,20.48365,40.14399,0.75481,-0.53263,0.382842,40.92496,20.48618,40.17723,0.982942,-0.112777,0.145281
"meditation_experiment_20260516_002946_263",1778884290517,104254,4123,1,0.996094,40.91951,20.48823,40.21326,0.767876,-0.552438,0.324314,1,0.996094,40.92899,20.48344,40.14679,0.752064,-0.542685,0.374022,40.92425,20.48583,40.18002,0.98218,-0.115288,0.148427
"meditation_experiment_20260516_002946_263",1778884290629,104366,4127,1,0.996094,40.91849,20.48808,40.21504,0.774743,-0.537323,0.333254,1,0.996094,40.92785,20.48353,40.14854,0.758448,-0.527571,0.382657,40.92317,20.4858,40.18179,0.982881,-0.112322,0.146044
"meditation_experiment_20260516_002946_263",1778884290741,104478,4131,1,0.996094,40.91678,20.48812,40.21596,0.772647,-0.533832,0.34357,1,0.996094,40.92585,20.48362,40.14941,0.756005,-0.523755,0.392603,40.92132,20.48587,40.18269,0.98375,-0.110414,0.141577
"meditation_experiment_20260516_002946_263",1778884290852,104589,4135,1,0.996094,40.91442,20.48783,40.21701,0.772674,-0.533306,0.344325,1,0.996094,40.92348,20.48347,40.15045,0.755958,-0.523285,0.393319,40.91895,20.48565,40.18373,0.984178,-0.107105,0.141144
"meditation_experiment_20260516_002946_263",1778884290963,104700,4139,1,0.996094,40.91259,20.48744,40.21788,0.767799,-0.535653,0.351514,1,0.996094,40.92161,20.48294,40.15132,0.750898,-0.525291,0.400277,40.9171,20.48519,40.1846,0.984424,-0.105584,0.140576
"meditation_experiment_20260516_002946_263",1778884291074,104811,4143,1,0.996094,40.91108,20.48702,40.21936,0.769842,-0.539622,0.340811,1,0.996094,40.92004,20.48254,40.1528,0.753374,-0.529523,0.389915,40.91556,20.48478,40.18608,0.984778,-0.10354,0.139614
"meditation_experiment_20260516_002946_263",1778884291186,104923,4147,1,0.996094,40.91012,20.48669,40.22123,0.775049,-0.531762,0.341361,1,0.996094,40.91913,20.48238,40.15466,0.758434,-0.521857,0.39044,40.91463,20.48454,40.18795,0.984876,-0.102121,0.139966
"meditation_experiment_20260516_002946_263",1778884291297,105034,4151,1,0.996094,40.90991,20.48656,40.22303,0.7731,-0.532986,0.343865,1,0.996094,40.91887,20.48241,40.15644,0.756362,-0.523065,0.392836,40.91439,20.48449,40.18973,0.985072,-0.101649,0.138929
"meditation_experiment_20260516_002946_263",1778884291409,105146,4155,1,0.996094,40.90987,20.48629,40.22492,0.768205,-0.546989,0.332662,1,0.996094,40.91884,20.48228,40.15833,0.751936,-0.537299,0.381972,40.91436,20.48429,40.19163,0.984721,-0.105064,0.138872
"meditation_experiment_20260516_002946_263",1778884291520,105257,4159,1,0.996094,40.90992,20.4862,40.22705,0.769737,-0.542238,0.336873,1,0.996094,40.91903,20.48245,40.16046,0.753142,-0.532684,0.386038,40.91447,20.48433,40.19376,0.984631,-0.103794,0.140462
"meditation_experiment_20260516_002946_263",1778884291632,105369,4163,1,0.996094,40.91018,20.48555,40.22867,0.768277,-0.545721,0.334574,1,0.996094,40.91943,20.48213,40.16208,0.751635,-0.536424,0.38379,40.9148,20.48384,40.19537,0.984057,-0.10681,0.142212
"meditation_experiment_20260516_002946_263",1778884291743,105480,4167,1,0.996094,40.90982,20.48509,40.22895,0.765898,-0.54674,0.338343,1,0.996094,40.91901,20.48175,40.16235,0.74912,-0.537331,0.38742,40.91441,20.48342,40.19565,0.98405,-0.108208,0.141196
"meditation_experiment_20260516_002946_263",1778884291855,105592,4171,1,0.996094,40.90958,20.48466,40.22783,0.780855,-0.527995,0.333896,1,0.996094,40.9185,20.4813,40.16119,0.764207,-0.518866,0.383101,40.91404,20.48298,40.19451,0.985504,-0.100238,0.136875
"meditation_experiment_20260516_002946_263",1778884291966,105703,4175,1,0.996094,40.90942,20.48362,40.22612,0.782977,-0.524546,0.334364,1,0.996094,40.9182,20.48021,40.15947,0.766345,-0.515374,0.383544,40.91381,20.48191,40.1928,0.986196,-0.096175,0.134789
"meditation_experiment_20260516_002946_263",1778884292077,105814,4179,1,0.996094,40.90928,20.48262,40.22359,0.808719,-0.508462,0.295702,1,0.996094,40.91787,20.47929,40.15691,0.793534,-0.50057,0.346026,40.91357,20.48096,40.19025,0.987567,-0.086048,0.131559
"meditation_experiment_20260516_002946_263",1778884292188,105925,4183,1,0.996094,40.90877,20.48168,40.22025,0.880763,-0.403444,0.247971,1,0.996094,40.91739,20.47864,40.15356,0.867141,-0.397936,0.299522,40.91308,20.48016,40.1869,0.989101,-0.067223,0.131
"meditation_experiment_20260516_002946_263",1778884292299,106036,4187,1,0.996094,40.90854,20.48017,40.21428,0.965914,-0.237777,0.102338,1,0.996094,40.91648,20.47699,40.14751,0.959349,-0.235173,0.156022,40.91251,20.47858,40.18089,0.991882,-0.042201,0.119952
"meditation_experiment_20260516_002946_263",1778884292411,106148,4191,1,0.996094,40.90809,20.47811,40.20603,0.966842,-0.237433,0.094037,1,0.996094,40.91448,20.47432,40.13913,0.960898,-0.234189,0.147752,40.91129,20.47622,40.17258,0.994913,-0.028391,0.096658
"meditation_experiment_20260516_002946_263",1778884292523,106260,4195,1,0.996094,40.90639,20.47552,40.1967,0.958825,-0.264541,0.103308,1,0.996094,40.91095,20.4708,40.12971,0.952757,-0.260088,0.15687,40.90867,20.47316,40.16321,0.997199,-0.026774,0.069843
"meditation_experiment_20260516_002946_263",1778884292634,106371,4199,1,0.996094,40.90437,20.47716,40.1869,0.97031,-0.225695,0.086952,1,0.996094,40.9071,20.47228,40.11982,0.965077,-0.221067,0.140554,40.90574,20.47472,40.15336,0.999143,0.011057,0.039882
"meditation_experiment_20260516_002946_263",1778884292745,106482,4203,1,0.996094,40.9024,20.48034,40.17794,0.998219,0.053693,0.026013,1,0.996094,40.90359,20.47549,40.11081,0.995144,0.057495,0.079897,40.903,20.47792,40.14437,0.998162,0.059129,0.013301
"meditation_experiment_20260516_002946_263",1778884292856,106593,4207,1,0.996094,40.90231,20.48306,40.17068,0.997992,0.043601,0.045943,1,0.996094,40.90265,20.47791,40.10356,0.993885,0.04757,0.099649,40.90248,20.48049,40.13712,0.995412,0.095658,-0.002315
"meditation_experiment_20260516_002946_263",1778884292968,106705,4211,1,0.996094,40.90359,20.48652,40.16459,0.998162,0.03915,0.046261,1,0.996094,40.90356,20.48118,40.09748,0.994053,0.043275,0.099935,40.90357,20.48385,40.13103,0.99102,0.133256,-0.01107
"meditation_experiment_20260516_002946_263",1778884293080,106817,4215,1,0.996094,40.90667,20.49038,40.15942,0.997169,0.066801,0.034527,1,0.996094,40.90605,20.48526,40.0923,0.99359,0.070638,0.088263,40.90636,20.48782,40.12587,0.983918,0.177183,-0.022632
"meditation_experiment_20260516_002946_263",1778884293191,106928,4219,1,0.996094,40.9096,20.49238,40.15591,0.974939,0.217578,0.046416,1,0.996094,40.90918,20.48788,40.08875,0.970334,0.220085,0.10007,40.90939,20.49013,40.12233,0.976356,0.215204,-0.020423
"meditation_experiment_20260516_002946_263",1778884293303,107040,4223,1,0.996094,40.91157,20.49447,40.15375,0.977832,0.201149,0.058174,1,0.996094,40.91186,20.49064,40.08654,0.972727,0.203226,0.111808,40.91172,20.49256,40.12014,0.965525,0.260093,-0.010683
"meditation_experiment_20260516_002946_263",1778884293414,107151,4227,1,0.996094,40.91375,20.49669,40.15159,0.972203,0.221544,0.075758,1,0.996094,40.91419,20.49319,40.08437,0.9662,0.223062,0.129233,40.91397,20.49493,40.11798,0.949688,0.313035,-0.010108
"meditation_experiment_20260516_002946_263",1778884293526,107263,4231,1,0.996094,40.9171,20.49703,40.15049,0.956166,0.283217,0.074401,1,0.996094,40.91736,20.49388,40.08324,0.950243,0.284052,0.127883,40.91723,20.49545,40.11686,0.944413,0.328556,-0.01165
"meditation_experiment_20260516_002946_263",1778884293637,107374,4235,1,0.996094,40.92039,20.49583,40.15054,0.965697,0.247152,0.079653,1,0.996094,40.92069,20.493,40.08329,0.959593,0.247921,0.133104,40.92054,20.49442,40.11691,0.948797,0.315757,-0.009008
"meditation_experiment_20260516_002946_263",1778884293748,107485,4239,1,0.996094,40.92251,20.49458,40.15074,0.965059,0.25103,0.075138,1,0.996094,40.92276,20.49178,40.08348,0.959193,0.251797,0.128638,40.92264,20.49318,40.11712,0.949477,0.313693,-0.009571
"meditation_experiment_20260516_002946_263",1778884293860,107597,4243,1,0.996094,40.92385,20.49359,40.15162,0.961398,0.264742,0.075016,1,0.996094,40.92407,20.49102,40.08435,0.955575,0.265251,0.128524,40.92396,20.49231,40.11799,0.947555,0.31946,-0.009178
"meditation_experiment_20260516_002946_263",1778884293971,107708,4247,1,0.996094,40.92435,20.49309,40.15319,0.963744,0.255998,0.075253,1,0.996094,40.92473,20.49038,40.08593,0.957875,0.256699,0.128766,40.92454,20.49173,40.11956,0.949127,0.31481,-0.007299
"meditation_experiment_20260516_002946_263",1778884294082,107819,4251,1,0.996094,40.92333,20.49327,40.15455,0.968108,0.250173,-0.01343,1,0.996094,40.92358,20.4904,40.08729,0.966822,0.252197,0.040651,40.92345,20.49184,40.12092,0.950633,0.310166,-0.009746
"meditation_experiment_20260516_002946_263",1778884294193,107930,4255,1,0.996094,40.92082,20.49391,40.15549,0.967544,0.251985,-0.019031,1,0.996094,40.92069,20.49108,40.08823,0.966573,0.253982,0.035059,40.92076,20.49249,40.12186,0.948802,0.315511,-0.0151
"meditation_experiment_20260516_002946_263",1778884294305,108042,4259,1,0.996094,40.91817,20.4944,40.15621,0.964744,0.263151,-0.004623,1,0.996094,40.91786,20.49156,40.08895,0.96301,0.264894,0.049429,40.91801,20.49298,40.12258,0.946319,0.322733,-0.018006
"meditation_experiment_20260516_002946_263",1778884294416,108153,4263,1,0.996094,40.91391,20.49568,40.15614,0.961569,0.274305,0.011943,1,0.996094,40.91384,20.49214,40.08892,0.958798,0.276342,0.0659,40.91388,20.49391,40.12253,0.94762,0.318908,-0.017727
"meditation_experiment_20260516_002946_263",1778884294527,108264,4267,1,0.996094,40.90877,20.49603,40.15578,0.948548,0.291387,0.123898,1,0.996094,40.90898,20.49239,40.08856,0.940047,0.291737,0.17664,40.90887,20.49421,40.12217,0.945521,0.325232,-0.014621
"meditation_experiment_20260516_002946_263",1778884294639,108376,4271,1,0.996094,40.90431,20.49527,40.155,0.945726,0.296062,0.133975,1,0.996094,40.90472,20.49208,40.08776,0.936805,0.295933,0.1866,40.90451,20.49368,40.12138,0.941421,0.33708,-0.010243
"meditation_experiment_20260516_002946_263",1778884294750,108487,4275,1,0.996094,40.90119,20.49474,40.15396,0.94748,0.290683,0.133362,1,0.996094,40.90181,20.49162,40.08672,0.938587,0.290601,0.186028,40.9015,20.49318,40.12034,0.940696,0.339179,-0.00704
"meditation_experiment_20260516_002946_263",1778884294862,108599,4279,1,0.996094,40.8993,20.49442,40.15304,0.946034,0.292819,0.13884,1,0.996094,40.89998,20.49125,40.0858,0.936855,0.292685,0.19141,40.89964,20.49283,40.11942,0.940771,0.338979,-0.006502
"meditation_experiment_20260516_002946_263",1778884294973,108710,4283,1,0.996094,40.89951,20.4941,40.1528,0.946274,0.296022,0.130141,1,0.996094,40.89993,20.49096,40.08556,0.937554,0.295913,0.182836,40.89972,20.49253,40.11918,0.93877,0.344394,-0.010148
"meditation_experiment_20260516_002946_263",1778884295084,108821,4287,1,0.996094,40.90145,20.49436,40.15345,0.947392,0.291919,0.131268,1,0.996094,40.90175,20.49113,40.08621,0.938606,0.291875,0.183925,40.9016,20.49274,40.11983,0.938565,0.344881,-0.012379
"meditation_experiment_20260516_002946_263",1778884295196,108933,4291,1,0.996094,40.90413,20.49372,40.15537,0.937117,0.348627,0.01647,1,0.996094,40.90436,20.49073,40.08812,0.934106,0.349978,0.070432,40.90425,20.49223,40.12175,0.940324,0.340073,-0.011888
"meditation_experiment_20260516_002946_263",1778884295308,109045,4295,1,0.996094,40.9064,20.49368,40.15676,0.938019,0.34588,0.022089,1,0.996094,40.90664,20.49064,40.08952,0.934716,0.347171,0.076018,40.90652,20.49216,40.12314,0.941655,0.336368,-0.011921
"meditation_experiment_20260516_002946_263",1778884295418,109155,4299,1,0.996094,40.90755,20.49326,40.15799,0.939975,0.34024,0.026155,1,0.996094,40.90795,20.49022,40.09074,0.936457,0.341524,0.080065,40.90775,20.49174,40.12437,0.943798,0.330391,-0.009322
"meditation_experiment_20260516_002946_263",1778884295530,109267,4303,1,0.996094,40.90824,20.4922,40.15804,0.936431,0.350336,0.019013,1,0.996094,40.90875,20.48923,40.09079,0.933266,0.351695,0.07297,40.9085,20.49071,40.12442,0.943471,0.331368,-0.00756
"meditation_experiment_20260516_002946_263",1778884295641,109378,4307,1,0.996094,40.90869,20.49195,40.15728,0.94071,0.297326,0.163286,1,0.996094,40.90922,20.48873,40.09005,0.930352,0.296759,0.215361,40.90895,20.49034,40.12366,0.944097,0.329563,-0.00836
"meditation_experiment_20260516_002946_263",1778884295753,109490,4311,1,0.996094,40.90853,20.49196,40.15592,0.944789,0.248207,0.213935,1,0.996094,40.90907,20.48853,40.0887,0.931939,0.247684,0.264843,40.90879,20.49024,40.12231,0.944797,0.327527,-0.009156
"meditation_experiment_20260516_002946_263",1778884295864,109601,4315,1,0.996094,40.90813,20.49154,40.15451,0.945449,0.248764,0.210342,1,0.996094,40.90847,20.48817,40.08728,0.932798,0.2482,0.261315,40.9083,20.48986,40.12089,0.942834,0.333054,-0.011797
"meditation_experiment_20260516_002946_263",1778884295976,109713,4319,1,0.996094,40.90779,20.49154,40.15353,0.946854,0.239241,0.215015,1,0.996094,40.908,20.48831,40.08629,0.934011,0.238624,0.26586,40.90789,20.48993,40.11991,0.942939,0.332708,-0.013101
"meditation_experiment_20260516_002946_263",1778884296087,109824,4323,1,0.996094,40.90733,20.49114,40.15278,0.952722,0.235871,0.191536,1,0.996094,40.9074,20.48788,40.08555,0.940997,0.235591,0.242943,40.90736,20.48951,40.11916,0.944228,0.328955,-0.014954
"meditation_experiment_20260516_002946_263",1778884296198,109935,4327,1,0.996094,40.90688,20.49121,40.15206,0.965771,0.259303,0.007006,1,0.996094,40.9067,20.48789,40.08482,0.963335,0.261276,0.060996,40.90678,20.48955,40.11844,0.942615,0.333343,-0.018977
"meditation_experiment_20260516_002946_263",1778884296310,110047,4331,1,0.996094,40.9068,20.49133,40.15193,0.968441,0.248683,0.016701,1,0.996094,40.90647,20.4879,40.0847,0.965507,0.250616,0.070633,40.90663,20.48961,40.11831,0.941785,0.335511,-0.021757
"meditation_experiment_20260516_002946_263",1778884296420,110158,4335,1,0.996094,40.9071,20.49122,40.1527,0.96624,0.255446,0.033577,1,0.996094,40.90673,20.48787,40.08546,0.962439,0.257046,0.087399,40.90691,20.48954,40.11908,0.942125,0.334547,-0.02187
"meditation_experiment_20260516_002946_263",1778884296532,110269,4339,1,0.996094,40.90733,20.49145,40.15385,0.93985,0.335572,0.06383,1,0.996094,40.90715,20.48824,40.08661,0.934456,0.336175,0.11738,40.90724,20.48985,40.12023,0.942049,0.334968,-0.018469
"meditation_experiment_20260516_002946_263",1778884296644,110381,4343,1,0.996094,40.9072,20.49158,40.15566,0.931274,0.330959,0.152301,1,0.996094,40.9073,20.48834,40.08842,0.921519,0.330113,0.204521,40.90725,20.48996,40.12204,0.942488,0.333914,-0.014797
"meditation_experiment_20260516_002946_263",1778884296755,110492,4347,1,0.996094,40.90728,20.49155,40.15768,0.927451,0.338948,0.157953,1,0.996094,40.90761,20.48867,40.09043,0.917496,0.337716,0.210118,40.90745,20.49011,40.12405,0.941024,0.338197,-0.009874
"meditation_experiment_20260516_002946_263",1778884296866,110603,4351,1,0.996094,40.90742,20.49126,40.15936,0.931005,0.329659,0.1567,1,0.996094,40.9081,20.48857,40.09211,0.921104,0.328492,0.208953,40.90776,20.48992,40.12574,0.940532,0.33968,-0.00412
"meditation_experiment_20260516_002946_263",1778884296977,110714,4355,1,0.996094,40.90808,20.491,40.16006,0.932969,0.326429,0.151701,1,0.996094,40.90893,20.48838,40.09281,0.923298,0.325379,0.20408,40.90851,20.48969,40.12643,0.942059,0.335444,-0.001191
"meditation_experiment_20260516_002946_263",1778884297089,110826,4359,1,0.996094,40.90853,20.49052,40.15994,0.928893,0.307417,0.206524,1,0.996094,40.9094,20.48783,40.09268,0.916583,0.30572,0.257705,40.90897,20.48918,40.12631,0.944251,0.329227,-0.000821
"meditation_experiment_20260516_002946_263",1778884297200,110937,4363,1,0.996094,40.90854,20.49072,40.15915,0.92263,0.323023,0.210738,1,0.996094,40.90952,20.48784,40.0919,0.910099,0.321214,0.261803,40.90903,20.48928,40.12553,0.94379,0.330544,-0.000403
"meditation_experiment_20260516_002946_263",1778884297311,111048,4367,1,0.996094,40.90849,20.49055,40.15831,0.921069,0.324923,0.214609,1,0.996094,40.90949,20.48769,40.09106,0.908369,0.323007,0.265579,40.90899,20.48912,40.12469,0.943326,0.331869,-0.000098
"meditation_experiment_20260516_002946_263",1778884297423,111160,4371,1,0.996094,40.90887,20.49048,40.15703,0.937854,0.327661,0.114318,1,0.996094,40.9099,20.48761,40.08978,0.929923,0.327478,0.167338,40.90939,20.48905,40.12341,0.942615,0.333882,0.000188
"meditation_experiment_20260516_002946_263",1778884297534,111271,4375,1,0.996094,40.90973,20.49012,40.15562,0.941472,0.315565,0.118532,1,0.996094,40.91071,20.4871,40.08838,0.933302,0.315505,0.171478,40.91022,20.48861,40.122,0.943211,0.332192,-0.00109
"meditation_experiment_20260516_002946_263",1778884297646,111383,4379,1,0.996094,40.91095,20.48992,40.15422,0.940054,0.318305,0.122394,1,0.996094,40.91193,20.48672,40.08699,0.93165,0.318294,0.175263,40.91144,20.48832,40.1206,0.943831,0.330424,-0.001948
"meditation_experiment_20260516_002946_263",1778884297757,111494,4383,1,0.996094,40.91233,20.48964,40.15302,0.951941,0.299068,0.066087,1,0.996094,40.91333,20.48624,40.0858,0.946314,0.300275,0.119688,40.91283,20.48794,40.11941,0.943552,0.331215,-0.002636
"meditation_experiment_20260516_002946_263",1778884297869,111606,4387,1,0.996094,40.91373,20.48946,40.15208,0.958935,0.283373,0.012018,1,0.996094,40.91476,20.48603,40.08486,0.956092,0.285537,0.066006,40.91425,20.48774,40.11847,0.944186,0.329405,-0.002478
"meditation_experiment_20260516_002946_263",1778884297980,111717,4391,1,0.996094,40.9155,20.48911,40.15084,0.958082,0.285994,0.016918,1,0.996094,40.91634,20.48565,40.08362,0.954988,0.288053,0.070878,40.91592,20.48738,40.11723,0.945058,0.326864,-0.00512
"meditation_experiment_20260516_002946_263",1778884298091,111828,4395,1,0.996094,40.91764,20.48858,40.14959,0.953826,0.285481,0.093362,1,0.996094,40.91832,20.4851,40.08237,0.946842,0.286343,0.146622,40.91798,20.48684,40.11598,0.944902,0.32727,-0.007378
"meditation_experiment_20260516_002946_263",1778884298203,111940,4399,1,0.996094,40.91945,20.48845,40.14859,0.956267,0.273729,0.103083,1,0.996094,40.92043,20.48494,40.08138,0.948774,0.274624,0.156238,40.91994,20.48669,40.11498,0.945978,0.324217,-0.003084
"meditation_experiment_20260516_002946_263",1778884298314,112051,4403,1,0.996094,40.92071,20.48856,40.14779,0.954913,0.276235,0.108795,1,0.996094,40.92205,20.48471,40.08059,0.947035,0.277349,0.161875,40.92138,20.48663,40.11419,0.947277,0.320415,0.0005
"meditation_experiment_20260516_002946_263",1778884298425,112162,4407,1,0.996094,40.92149,20.48886,40.14693,0.934374,0.292589,0.203315,1,0.996094,40.92298,20.48481,40.07976,0.921834,0.292275,0.254554,40.92223,20.48683,40.11335,0.946159,0.323698,0.001443
"meditation_experiment_20260516_002946_263",1778884298536,112273,4411,1,0.996094,40.92197,20.48898,40.14651,0.940288,0.282016,0.190593,1,0.996094,40.92326,20.48497,40.07933,0.928374,0.281962,0.242115,40.92262,20.48697,40.11292,0.946805,0.321807,-0.001157
"meditation_experiment_20260516_002946_263",1778884298648,112385,4415,1,0.996094,40.92206,20.48837,40.14632,0.942179,0.279739,0.184513,1,0.996094,40.92304,20.48444,40.07912,0.930601,0.27968,0.23614,40.92255,20.4864,40.11272,0.9473,0.320311,-0.004857
"meditation_experiment_20260516_002946_263",1778884298760,112497,4419,1,0.996094,40.92218,20.48766,40.14572,0.939906,0.286647,0.185502,1,0.996094,40.92315,20.48361,40.07853,0.928261,0.286568,0.237087,40.92266,20.48564,40.11212,0.947021,0.321121,-0.005789
"meditation_experiment_20260516_002946_263",1778884298871,112608,4423,1,0.996094,40.9225,20.48769,40.14503,0.950509,0.307999,0.040864,1,0.996094,40.92311,20.48348,40.07785,0.945991,0.31008,0.094615,40.92281,20.48559,40.11144,0.948687,0.316024,-0.011076
"meditation_experiment_20260516_002946_263",1778884298983,112720,4427,1,0.996094,40.9235,20.48704,40.14568,0.927667,0.321619,-0.189723,1,0.996094,40.9233,20.48341,40.07846,0.935035,0.327051,-0.136918,40.9234,20.48522,40.11207,0.950898,0.30889,-0.019491
"meditation_experiment_20260516_002946_263",1778884299093,112830,4431,1,0.996094,40.92511,20.48604,40.14737,0.933157,0.260685,-0.24751,1,0.996094,40.92401,20.48345,40.08011,0.944009,0.265563,-0.195764,40.92456,20.48475,40.11374,0.95364,0.299716,-0.027212
"meditation_experiment_20260516_002946_263",1778884299205,112942,4435,1,0.996094,40.92695,20.48443,40.14953,0.929177,0.269417,-0.253072,1,0.996094,40.92503,20.48263,40.08226,0.940504,0.273704,-0.201343,40.92599,20.48353,40.11589,0.957765,0.285414,-0.034989
"meditation_experiment_20260516_002946_263",1778884299317,113054,4439,1,0.996094,40.92802,20.48376,40.15195,0.939447,0.254466,-0.229538,1,0.996094,40.92549,20.4824,40.08469,0.9498,0.257815,-0.177231,40.92675,20.48308,40.11832,0.96128,0.272407,-0.041661
"meditation_experiment_20260516_002946_263",1778884299428,113165,4443,1,0.996094,40.92789,20.48442,40.1547,0.982153,0.146474,-0.117988,1,0.996094,40.92496,20.48285,40.08746,0.986892,0.148093,-0.064127,40.92642,20.48364,40.12108,0.959093,0.278948,-0.048265
"meditation_experiment_20260516_002946_263",1778884299539,113276,4447,1,0.996094,40.92646,20.48552,40.15809,0.982228,0.154428,-0.106682,1,0.996094,40.92382,20.48387,40.09085,0.986337,0.156071,-0.052755,40.92514,20.48469,40.12447,0.956898,0.286979,-0.044613
"meditation_experiment_20260516_002946_263",1778884299650,113387,4451,1,0.996094,40.92392,20.48652,40.15992,0.983069,0.154807,-0.098036,1,0.996094,40.92147,20.48526,40.09266,0.98676,0.156092,-0.044058,40.9227,20.48589,40.12629,0.954279,0.296198,-0.040226
"meditation_experiment_20260516_002946_263",1778884299762,113499,4455,1,0.996094,40.92188,20.48587,40.15882,0.9764,0.215456,-0.0149,1,0.996094,40.91872,20.48491,40.09158,0.975715,0.215518,0.039142,40.9203,20.48539,40.1252,0.950906,0.305574,-0.049015
"meditation_experiment_20260516_002946_263",1778884299873,113610,4459,1,0.996094,40.92051,20.48594,40.15522,0.976286,0.216431,0.004967,1,0.996094,40.91674,20.48528,40.08802,0.974634,0.215924,0.058874,40.91862,20.48561,40.12162,0.945639,0.320338,-0.056134
"meditation_experiment_20260516_002946_263",1778884299985,113722,4463,1,0.996094,40.91942,20.48533,40.15037,0.972778,0.23161,0.00776,1,0.996094,40.91597,20.48398,40.08316,0.970861,0.231576,0.061657,40.91769,20.48465,40.11676,0.939002,0.339494,-0.054946
"meditation_experiment_20260516_002946_263",1778884300096,113833,4467,1,0.996094,40.91911,20.48365,40.14442,0.971475,0.235488,0.027965,1,0.996094,40.91592,20.48227,40.07719,0.968491,0.235256,0.081727,40.91751,20.48296,40.1108,0.930469,0.362715,-0.051633
"meditation_experiment_20260516_002946_263",1778884300207,113944,4471,1,0.996094,40.91887,20.48215,40.13891,0.965545,0.230744,0.120334,1,0.996094,40.91649,20.47982,40.07168,0.95764,0.23027,0.172919,40.91768,20.48099,40.10529,0.926212,0.374219,-0.045735
"meditation_experiment_20260516_002946_263",1778884300319,114056,4475,1,0.996094,40.91899,20.48007,40.13436,0.968386,0.217696,0.121806,1,0.996094,40.91701,20.47722,40.06713,0.960287,0.217801,0.174392,40.918,20.47865,40.10075,0.927775,0.370651,-0.043033
"meditation_experiment_20260516_002946_263",1778884300430,114167,4479,1,0.996094,40.91877,20.47805,40.13105,0.972376,0.205274,0.111126,1,0.996094,40.9167,20.47496,40.06384,0.964776,0.205795,0.163877,40.91774,20.47651,40.09745,0.932045,0.35952,-0.045144
"meditation_experiment_20260516_002946_263",1778884300542,114279,4483,1,0.996094,40.9179,20.47737,40.12906,0.970302,0.216607,0.107681,1,0.996094,40.91571,20.47396,40.06186,0.962833,0.217277,0.16045,40.91681,20.47566,40.09546,0.933749,0.354638,-0.048413
"meditation_experiment_20260516_002946_263",1778884300653,114390,4487,1,0.996094,40.91664,20.47723,40.12865,0.968574,0.225783,0.104337,1,0.996094,40.91471,20.47369,40.06145,0.961234,0.226546,0.157183,40.91568,20.47546,40.09505,0.933204,0.356457,-0.045471
"meditation_experiment_20260516_002946_263",1778884300765,114502,4491,1,0.996094,40.91639,20.47737,40.12926,0.945797,0.260861,0.193441,1,0.996094,40.9148,20.47371,40.06206,0.934091,0.260209,0.24447,40.91559,20.47554,40.09566,0.932061,0.359905,-0.041612
"meditation_experiment_20260516_002946_263",1778884300876,114613,4495,1,0.996094,40.91778,20.47736,40.13011,0.948071,0.253549,0.192028,1,0.996094,40.91613,20.4737,40.06291,0.936427,0.253013,0.243085,40.91695,20.47553,40.09651,0.932529,0.358588,-0.042474
"meditation_experiment_20260516_002946_263",1778884300987,114724,4499,1,0.996094,40.91983,20.47707,40.131,0.948334,0.250804,0.194319,1,0.996094,40.91813,20.47345,40.0638,0.936593,0.250232,0.245313,40.91898,20.47526,40.0974,0.935364,0.35111,-0.042619
"meditation_experiment_20260516_002946_263",1778884301099,114836,4503,1,0.996094,40.9216,20.47667,40.13169,0.948861,0.249702,0.193162,1,0.996094,40.92019,20.47306,40.06448,0.937147,0.249203,0.244241,40.9209,20.47486,40.09808,0.936814,0.347718,-0.038354
"meditation_experiment_20260516_002946_263",1778884301210,114947,4507,1,0.996094,40.92311,20.47691,40.13211,0.961994,0.269687,0.042856,1,0.996094,40.92193,20.47325,40.06491,0.957684,0.27115,0.096533,40.92252,20.47508,40.09851,0.936494,0.348893,-0.035405
"meditation_experiment_20260516_002946_263",1778884301321,115058,4511,1,0.996094,40.92458,20.47677,40.13191,0.962668,0.266716,0.046184,1,0.996094,40.92342,20.47311,40.0647,0.95819,0.268153,0.09983,40.924,20.47494,40.09831,0.938271,0.344124,-0.035025
"meditation_experiment_20260516_002946_263",1778884301433,115170,4515,1,0.996094,40.92599,20.47644,40.13128,0.961268,0.272438,0.04173,1,0.996094,40.92472,20.47288,40.06407,0.957039,0.27381,0.095416,40.92536,20.47466,40.09768,0.938629,0.343045,-0.03599
"meditation_experiment_20260516_002946_263",1778884301544,115281,4519,1,0.996094,40.92728,20.47615,40.13036,0.962391,0.268287,0.042726,1,0.996094,40.92607,20.47257,40.06316,0.958108,0.269694,0.096407,40.92668,20.47436,40.09676,0.93917,0.341651,-0.035128
"meditation_experiment_20260516_002946_263",1778884301655,115392,4523,1,0.996094,40.92847,20.47553,40.1298,0.961615,0.26986,0.049714,1,0.996094,40.92741,20.47184,40.0626,0.95694,0.271272,0.103331,40.92794,20.47369,40.0962,0.941069,0.336559,-0.033432
"meditation_experiment_20260516_002946_263",1778884301767,115504,4527,1,0.996094,40.92936,20.47495,40.1292,0.958956,0.277861,0.056546,1,0.996094,40.92831,20.47117,40.062,0.953905,0.279188,0.110088,40.92884,20.47306,40.0956,0.94241,0.33279,-0.033384
"meditation_experiment_20260516_002946_263",1778884301878,115615,4531,1,0.996094,40.92982,20.4743,40.12858,0.955606,0.285644,0.07228,1,0.996094,40.92881,20.4704,40.06138,0.949725,0.286772,0.125634,40.92931,20.47235,40.09498,0.943175,0.330611,-0.033434
"meditation_experiment_20260516_002946_263",1778884301990,115727,4535,1,0.996094,40.93002,20.47442,40.12773,0.958173,0.279492,0.061555,1,0.996094,40.92899,20.47015,40.06055,0.952763,0.281096,0.115011,40.92951,20.47228,40.09414,0.943842,0.328493,-0.035432
"meditation_experiment_20260516_002946_263",1778884302101,115838,4539,1,0.996094,40.93007,20.47446,40.12744,0.957269,0.282831,0.060356,1,0.996094,40.92883,20.47012,40.06028,0.951917,0.284435,0.113802,40.92945,20.47229,40.09386,0.944812,0.325338,-0.038556
"meditation_experiment_20260516_002946_263",1778884302212,115949,4543,1,0.996094,40.92987,20.47443,40.12714,0.941322,0.324803,0.091736,1,0.996094,40.92867,20.47015,40.05997,0.934391,0.325508,0.144769,40.92927,20.47229,40.09356,0.943501,0.329195,-0.03792
"meditation_experiment_20260516_002946_263",1778884302323,116060,4547,1,0.996094,40.92994,20.47438,40.12677,0.931851,0.336558,0.135584,1,0.996094,40.92891,20.47001,40.05961,0.92276,0.336474,0.187881,40.92942,20.4722,40.09319,0.942735,0.33159,-0.036039
"meditation_experiment_20260516_002946_263",1778884302436,116173,4551,1,0.996094,40.93063,20.4744,40.12636,0.87259,0.335902,0.354624,1,0.996094,40.92956,20.46992,40.0592,0.854154,0.332042,0.400212,40.9301,20.47216,40.09278,0.943279,0.329928,-0.03705
"meditation_experiment_20260516_002946_263",1778884302546,116283,4555,1,0.996094,40.93156,20.47406,40.12669,0.882417,0.289438,0.370899,1,0.996094,40.9308,20.46965,40.05952,0.863109,0.286411,0.415947,40.93118,20.47185,40.0931,0.944139,0.327958,-0.032343
"meditation_experiment_20260516_002946_263",1778884302658,116395,4559,1,0.996094,40.93271,20.474,40.12716,0.880924,0.283432,0.378998,1,0.996094,40.93234,20.46971,40.05998,0.861241,0.280418,0.423828,40.93253,20.47185,40.09357,0.944629,0.327095,-0.026159
"meditation_experiment_20260516_002946_263",1778884302769,116506,4563,1,0.996094,40.93382,20.47407,40.12676,0.881895,0.284946,0.375589,1,0.996094,40.93367,20.46978,40.05958,0.862295,0.281989,0.42063,40.93374,20.47192,40.09317,0.945631,0.324446,-0.022745
"meditation_experiment_20260516_002946_263",1778884302881,116618,4567,1,0.996094,40.93465,20.47413,40.1257,0.877305,0.285468,0.385802,1,0.996094,40.93466,20.46945,40.05855,0.857248,0.282659,0.430384,40.93465,20.47179,40.09213,0.946777,0.321118,-0.022307
"meditation_experiment_20260516_002946_263",1778884302993,116730,4571,1,0.996094,40.93501,20.47373,40.12381,0.881517,0.289337,0.373112,1,0.996094,40.93488,20.46892,40.05666,0.861928,0.286701,0.41819,40.93494,20.47132,40.09023,0.946091,0.322949,-0.024834
"meditation_experiment_20260516_002946_263",1778884303104,116841,4575,1,0.996094,40.93502,20.47282,40.12109,0.950269,0.282505,0.131074,1,0.996094,40.93444,20.46763,40.05397,0.941165,0.283811,0.183467,40.93473,20.47022,40.08753,0.945697,0.323351,-0.033188
"meditation_experiment_20260516_002946_263",1778884303215,116952,4579,1,0.996094,40.93494,20.47188,40.11788,0.952357,0.278124,0.12515,1,0.996094,40.93324,20.46608,40.05083,0.943521,0.279784,0.17745,40.93409,20.46898,40.08436,0.946444,0.318719,-0.051592
"meditation_experiment_20260516_002946_263",1778884303326,117063,4583,1,0.996094,40.93533,20.47041,40.11569,0.952838,0.282668,-0.11045,1,0.996094,40.9317,20.4645,40.04873,0.956098,0.287527,-0.056622,40.93351,20.46745,40.08221,0.947186,0.310869,-0.078733
"meditation_experiment_20260516_002946_263",1778884303438,117175,4587,1,0.996094,40.93803,20.47035,40.11476,0.950676,0.286293,-0.119376,1,0.996094,40.93088,20.46471,40.04807,0.954688,0.290298,-0.065558,40.93445,20.46753,40.08141,0.942414,0.309354,-0.127104
"meditation_experiment_20260516_002946_263",1778884303549,117286,4591,1,0.996094,40.94263,20.47129,40.1155,0.940429,0.287298,-0.181805,1,0.996094,40.93083,20.46677,40.04938,0.948252,0.290424,-0.128347,40.93673,20.46903,40.08244,0.933286,0.306289,-0.187522
"meditation_experiment_20260516_002946_263",1778884303661,117398,4595,1,0.996094,40.94577,20.472,40.11859,0.898612,0.22623,-0.375921,1,0.996094,40.93014,20.46859,40.0532,0.917007,0.230434,-0.325575,40.93796,20.47029,40.0859,0.924731,0.298129,-0.236628
"meditation_experiment_20260516_002946_263",1778884303772,117509,4599,1,0.996094,40.94648,20.47371,40.12264,0.917346,0.233268,-0.322587,1,0.996094,40.92922,20.47028,40.05767,0.933097,0.236498,-0.270921,40.93785,20.472,40.09015,0.91708,0.302635,-0.259569
"meditation_experiment_20260516_002946_263",1778884303884,117621,4603,1,0.996094,40.94691,20.4743,40.12464,0.914855,0.234388,-0.328792,1,0.996094,40.92797,20.47076,40.06014,0.931002,0.237467,-0.27721,40.93744,20.47253,40.09239,0.909618,0.303541,-0.283652
"meditation_experiment_20260516_002946_263",1778884303995,117732,4607,1,0.996094,40.94695,20.47455,40.1255,0.864911,0.213594,-0.45421,1,0.996094,40.92648,20.47059,40.0615,0.887533,0.218301,-0.405747,40.93671,20.47257,40.0935,0.90213,0.302868,-0.307298
"meditation_experiment_20260516_002946_263",1778884304107,117844,4611,1,0.996094,40.94619,20.47424,40.12637,0.874526,0.219848,-0.432286,1,0.996094,40.92465,20.47033,40.06272,0.896138,0.224068,-0.383055,40.93542,20.47228,40.09454,0.896747,0.303486,-0.32209
"meditation_experiment_20260516_002946_263",1778884304218,117955,4615,1,0.996094,40.94506,20.47379,40.12761,0.875472,0.227794,-0.426214,1,0.996094,40.9236,20.46999,40.06393,0.896788,0.231903,-0.37682,40.93433,20.47189,40.09577,0.895421,0.309309,-0.320233
"meditation_experiment_20260516_002946_263",1778884304329,118066,4619,1,0.996094,40.94437,20.47389,40.1294,0.928464,0.254618,-0.270417,1,0.996094,40.92379,20.47028,40.06541,0.941604,0.256582,-0.218053,40.93408,20.47208,40.09741,0.899257,0.311665,-0.306923
"meditation_experiment_20260516_002946_263",1778884304441,118178,4623,1,0.996094,40.94389,20.47376,40.1307,0.923631,0.276212,-0.26573,1,0.996094,40.92398,20.47061,40.06647,0.936645,0.277853,-0.213295,40.93394,20.47219,40.09858,0.902619,0.313221,-0.29525
"meditation_experiment_20260516_002946_263",1778884304552,118289,4627,1,0.996094,40.94384,20.47379,40.13129,0.925778,0.276631,-0.257702,1,0.996094,40.92459,20.47098,40.06684,0.938405,0.278043,-0.205157,40.93422,20.47238,40.09906,0.904452,0.318285,-0.28401
"meditation_experiment_20260516_002946_263",1778884304663,118400,4631,1,0.996094,40.94415,20.47387,40.13092,0.969343,0.216031,-0.117068,1,0.996094,40.92534,20.47124,40.06633,0.974307,0.215888,-0.064172,40.93475,20.47255,40.09863,0.904832,0.323586,-0.276716
"meditation_experiment_20260516_002946_263",1778884304775,118512,4635,1,0.996094,40.94466,20.47367,40.12992,0.964012,0.221268,-0.147383,1,0.996094,40.92607,20.4711,40.06527,0.970605,0.221421,-0.094338,40.93537,20.47239,40.0976,0.905812,0.323713,-0.273341
"meditation_experiment_20260516_002946_263",1778884304886,118623,4639,1,0.996094,40.94482,20.47383,40.12892,0.963986,0.221831,-0.146705,1,0.996094,40.92627,20.47121,40.06426,0.970534,0.222022,-0.093657,40.93555,20.47252,40.09659,0.905935,0.323714,-0.27293
"meditation_experiment_20260516_002946_263",1778884304997,118734,4643,1,0.996094,40.94496,20.47404,40.12818,0.963539,0.225225,-0.144455,1,0.996094,40.92645,20.47134,40.06351,0.969962,0.225428,-0.091408,40.93571,20.47269,40.09585,0.90414,0.32906,-0.272491
"meditation_experiment_20260516_002946_263",1778884305109,118846,4647,1,0.996094,40.945,20.4743,40.12788,0.951276,0.269572,-0.149682,1,0.996094,40.92664,20.47158,40.06318,0.958136,0.269519,-0.096614,40.93582,20.47294,40.09553,0.903628,0.332201,-0.27037
"meditation_experiment_20260516_002946_263",1778884305220,118957,4651,1,0.996094,40.94485,20.4743,40.1277,0.953915,0.262082,-0.14615,1,0.996094,40.92672,20.47154,40.06293,0.960538,0.262121,-0.093056,40.93578,20.47292,40.09531,0.904132,0.333305,-0.267307
"meditation_experiment_20260516_002946_263",1778884305332,119069,4655,1,0.996094,40.94468,20.47408,40.12715,0.949616,0.275978,-0.148548,1,0.996094,40.92675,20.47152,40.06231,0.956455,0.275842,-0.095427,40.93571,20.4728,40.09473,0.904214,0.336246,-0.263318
"meditation_experiment_20260516_002946_263",1778884305443,119180,4659,1,0.996094,40.9446,20.47376,40.12611,0.920616,0.339452,-0.192974,1,0.996094,40.92686,20.47112,40.06123,0.930034,0.339797,-0.13991,40.93573,20.47244,40.09367,0.905148,0.335459,-0.261103
"meditation_experiment_20260516_002946_263",1778884305554,119291,4663,1,0.996094,40.94437,20.47365,40.12478,0.917826,0.339805,-0.205252,1,0.996094,40.92664,20.47084,40.0599,0.927838,0.340499,-0.152242,40.9355,20.47224,40.09234,0.905832,0.333007,-0.261868
"meditation_experiment_20260516_002946_263",1778884305666,119403,4667,1,0.996094,40.94396,20.4734,40.12377,0.922788,0.331756,-0.195959,1,0.996094,40.92616,20.47061,40.05891,0.932293,0.332277,-0.142909,40.93506,20.47201,40.09134,0.905538,0.332948,-0.262958
"meditation_experiment_20260516_002946_263",1778884305777,119514,4671,1,0.996094,40.94335,20.47318,40.12287,0.92008,0.336886,-0.199903,1,0.996094,40.92561,20.47035,40.05799,0.929796,0.337504,-0.146866,40.93447,20.47177,40.09043,0.904635,0.336055,-0.262112
"meditation_experiment_20260516_002946_263",1778884305889,119626,4675,1,0.996094,40.94255,20.47359,40.12208,0.921486,0.336649,-0.193733,1,0.996094,40.92495,20.47051,40.05718,0.930806,0.337368,-0.140654,40.93375,20.47205,40.08963,0.904413,0.337401,-0.261146
"meditation_experiment_20260516_002946_263",1778884306000,119737,4679,1,0.996094,40.94153,20.47377,40.12165,0.926288,0.347562,-0.145574,1,0.996094,40.92413,20.47056,40.0567,0.933127,0.347467,-0.092415,40.93283,20.47217,40.08917,0.904693,0.338273,-0.25904
"meditation_experiment_20260516_002946_263",1778884306112,119849,4683,1,0.996094,40.94076,20.47372,40.12168,0.949507,0.308427,-0.057523,1,0.996094,40.92371,20.47055,40.05664,0.951625,0.307223,-0.004823,40.93224,20.47214,40.08916,0.904389,0.342979,-0.253863
"meditation_experiment_20260516_002946_263",1778884306223,119960,4687,1,0.996094,40.94037,20.47365,40.12208,0.949565,0.307187,-0.062957,1,0.996094,40.9236,20.47052,40.05696,0.951939,0.30612,-0.010151,40.93198,20.47208,40.08952,0.905282,0.34365,-0.249739
"meditation_experiment_20260516_002946_263",1778884306334,120071,4691,1,0.996094,40.93989,20.47344,40.12253,0.949422,0.306788,-0.066922,1,0.996094,40.92311,20.47042,40.05741,0.952023,0.305705,-0.014075,40.9315,20.47193,40.08997,0.906223,0.34147,-0.249316
"meditation_experiment_20260516_002946_263",1778884306445,120182,4695,1,0.996094,40.93894,20.47343,40.12357,0.945063,0.318408,-0.073971,1,0.996094,40.92217,20.47051,40.05844,0.948108,0.317251,-0.021059,40.93056,20.47197,40.09101,0.90567,0.343448,-0.248606
"meditation_experiment_20260516_002946_263",1778884306556,120293,4699,1,0.996094,40.93792,20.47341,40.12482,0.945041,0.311352,-0.099787,1,0.996094,40.92115,20.47068,40.05968,0.949409,0.310554,-0.046687,40.92953,20.47205,40.09225,0.905559,0.344431,-0.247649
"meditation_experiment_20260516_002946_263",1778884306667,120404,4703,1,0.996094,40.93644,20.47343,40.12604,0.944243,0.307154,-0.118587,1,0.996094,40.91979,20.47071,40.06087,0.94955,0.306725,-0.065383,40.92812,20.47207,40.09346,0.906517,0.343082,-0.246011
"meditation_experiment_20260516_002946_263",1778884306779,120516,4707,1,0.996094,40.93475,20.4735,40.12739,0.942446,0.313869,-0.115253,1,0.996094,40.91827,20.47079,40.06218,0.947606,0.31336,-0.062039,40.92651,20.47214,40.09478,0.906441,0.34512,-0.243429
"meditation_experiment_20260516_002946_263",1778884306891,120628,4711,1,0.996094,40.93275,20.4735,40.12828,0.939581,0.326604,-0.10256,1,0.996094,40.91635,20.47079,40.06305,0.944149,0.325796,-0.049394,40.92455,20.47215,40.09566,0.905397,0.348764,-0.242116
"meditation_experiment_20260516_002946_263",1778884307002,120739,4715,1,0.996094,40.93037,20.47397,40.12896,0.947893,0.318081,0.017967,1,0.996094,40.91421,20.47097,40.06368,0.946318,0.315612,0.069801,40.92229,20.47247,40.09632,0.904064,0.353611,-0.240059
"meditation_experiment_20260516_002946_263",1778884307114,120851,4719,1,0.996094,40.92786,20.47425,40.12975,0.949064,0.314923,0.010147,1,0.996094,40.91238,20.47108,40.06431,0.947741,0.312909,0.062257,40.92012,20.47266,40.09703,0.904536,0.358178,-0.23135
"meditation_experiment_20260516_002946_263",1778884307225,120962,4723,1,0.996094,40.9256,20.47434,40.12996,0.945974,0.323465,0.022438,1,0.996094,40.91095,20.47091,40.06435,0.943969,0.321513,0.074509,40.91827,20.47263,40.09715,0.904381,0.365055,-0.220975
"meditation_experiment_20260516_002946_263",1778884307336,121073,4727,1,0.996094,40.92408,20.47478,40.12957,0.942709,0.332382,0.028695,1,0.996094,40.9102,20.47082,40.06382,0.940248,0.330766,0.080792,40.91714,20.4728,40.09669,0.903802,0.371098,-0.21314
"meditation_experiment_20260516_002946_263",1778884307448,121185,4731,1,0.996094,40.92307,20.47495,40.12862,0.936948,0.348281,0.028782,1,0.996094,40.91009,20.47053,40.06271,0.934361,0.346993,0.08103,40.91658,20.47274,40.09566,0.904028,0.376055,-0.203262
"meditation_experiment_20260516_002946_263",1778884307559,121296,4735,1,0.996094,40.92301,20.47475,40.12682,0.93643,0.349973,0.024872,1,0.996094,40.91078,20.47008,40.06079,0.933889,0.349105,0.077309,40.9169,20.47241,40.09381,0.903307,0.38244,-0.194362
"meditation_experiment_20260516_002946_263",1778884307670,121407,4739,1,0.996094,40.92376,20.47441,40.12461,0.936299,0.350739,0.018074,1,0.996094,40.91217,20.46944,40.05849,0.933943,0.350358,0.070709,40.91796,20.47193,40.09155,0.903628,0.385207,-0.187275
"meditation_experiment_20260516_002946_263",1778884307782,121519,4743,1,0.996094,40.92474,20.47444,40.12262,0.919626,0.381045,0.09536,1,0.996094,40.91417,20.4692,40.05634,0.913589,0.379236,0.146751,40.91945,20.47182,40.08948,0.903731,0.390697,-0.175005
"meditation_experiment_20260516_002946_263",1778884307893,121630,4747,1,0.996094,40.92642,20.47401,40.12016,0.923989,0.370932,0.09302,1,0.996094,40.91611,20.4688,40.05384,0.917974,0.369375,0.14452,40.92126,20.4714,40.087,0.903749,0.392296,-0.171297
"meditation_experiment_20260516_002946_263",1778884308005,121742,4751,1,0.996094,40.92825,20.47375,40.1173,0.922109,0.377855,0.083307,1,0.996094,40.91792,20.46837,40.051,0.916534,0.376488,0.134989,40.92308,20.47106,40.08415,0.903517,0.392221,-0.172684
"meditation_experiment_20260516_002946_263",1778884308116,121853,4755,1,0.996094,40.92939,20.47354,40.11464,0.925398,0.369111,0.085995,1,0.996094,40.91917,20.46796,40.04834,0.919589,0.367989,0.137626,40.92428,20.47075,40.08149,0.904796,0.389445,-0.172271
"meditation_experiment_20260516_002946_263",1778884308227,121964,4759,1,0.996094,40.93041,20.47324,40.11292,0.931134,0.362542,0.039413,1,0.996094,40.92031,20.46754,40.04661,0.927436,0.362511,0.091916,40.92536,20.47039,40.07976,0.905208,0.388929,-0.171271
"meditation_experiment_20260516_002946_263",1778884308339,122076,4763,1,0.996094,40.93111,20.47276,40.11189,0.935283,0.350905,-0.045953,1,0.996094,40.92109,20.46689,40.04558,0.935686,0.352753,0.00754,40.9261,20.46983,40.07873,0.904995,0.389475,-0.171156
"meditation_experiment_20260516_002946_263",1778884308450,122187,4767,1,0.996094,40.93158,20.47285,40.11182,0.93739,0.344248,-0.052843,1,0.996094,40.92167,20.46686,40.04551,0.93809,0.346393,0.000698,40.92662,20.46985,40.07866,0.906338,0.38665,-0.17045
"meditation_experiment_20260516_002946_263",1778884308562,122299,4771,1,0.996094,40.93125,20.47267,40.1128,0.937676,0.345707,-0.035366,1,0.996094,40.92152,20.46686,40.04645,0.937531,0.347432,0.018083,40.92638,20.46976,40.07963,0.907771,0.384876,-0.166801
"meditation_experiment_20260516_002946_263",1778884308673,122410,4775,1,0.996094,40.93043,20.47269,40.11413,0.9358,0.350644,-0.036437,1,0.996094,40.92097,20.46701,40.04772,0.935721,0.352328,0.017058,40.9257,20.46985,40.08092,0.907811,0.386667,-0.162381
"meditation_experiment_20260516_002946_263",1778884308784,122521,4779,1,0.996094,40.92984,20.47291,40.11541,0.937468,0.34674,-0.030432,1,0.996094,40.92062,20.46726,40.04897,0.937068,0.348387,0.023043,40.92524,20.47009,40.08218,0.90823,0.387112,-0.158946
"meditation_experiment_20260516_002946_263",1778884308895,122632,4783,1,0.996094,40.92913,20.47279,40.117,0.939289,0.325453,0.108703,1,0.996094,40.92021,20.46721,40.05051,0.93208,0.324944,0.16012,40.92467,20.47,40.08376,0.910663,0.383257,-0.154297
"meditation_experiment_20260516_002946_263",1778884309007,122744,4787,1,0.996094,40.92845,20.4726,40.11914,0.939739,0.32173,0.115673,1,0.996094,40.9201,20.46726,40.05256,0.932184,0.321122,0.167076,40.92427,20.46993,40.08585,0.912283,0.382993,-0.145111
"meditation_experiment_20260516_002946_263",1778884309118,122855,4791,1,0.996094,40.92815,20.47252,40.12122,0.935236,0.333281,0.119407,1,0.996094,40.92041,20.46752,40.05453,0.927553,0.332335,0.170878,40.92427,20.47002,40.08787,0.912345,0.386567,-0.134885
"meditation_experiment_20260516_002946_263",1778884309229,122966,4795,1,0.996094,40.92857,20.47257,40.12262,0.93934,0.322281,0.117373,1,0.996094,40.92127,20.46766,40.05588,0.931683,0.321575,0.168987,40.92492,20.47012,40.08925,0.914373,0.384027,-0.128239
"meditation_experiment_20260516_002946_263",1778884309341,123078,4799,1,0.996094,40.92927,20.47224,40.12321,0.943231,0.329713,0.040054,1,0.996094,40.92224,20.46779,40.05641,0.939389,0.329967,0.093114,40.92575,20.47002,40.08981,0.917362,0.378975,-0.121758
"meditation_experiment_20260516_002946_263",1778884309452,123189,4803,1,0.996094,40.93038,20.4716,40.12241,0.941046,0.336621,0.033441,1,0.996094,40.92336,20.46713,40.05561,0.937538,0.336934,0.086588,40.92687,20.46936,40.089,0.918507,0.376214,-0.12169
"meditation_experiment_20260516_002946_263",1778884309564,123301,4807,1,0.996094,40.93162,20.47121,40.12101,0.939918,0.33945,0.036442,1,0.996094,40.92459,20.46626,40.05424,0.936148,0.34002,0.089514,40.9281,20.46874,40.08763,0.919649,0.372503,-0.124448
"meditation_experiment_20260516_002946_263",1778884309675,123412,4811,1,0.996094,40.93313,20.47119,40.12081,0.941129,0.335741,0.039417,1,0.996094,40.92622,20.46624,40.05404,0.937199,0.336317,0.092468,40.92968,20.46871,40.08743,0.921375,0.368811,-0.12267
"meditation_experiment_20260516_002946_263",1778884309786,123523,4815,1,0.996094,40.93451,20.47105,40.12109,0.936349,0.342313,0.077927,1,0.996094,40.92791,20.46629,40.05426,0.930573,0.342081,0.130443,40.93121,20.46867,40.08767,0.921736,0.369676,-0.11723
"meditation_experiment_20260516_002946_263",1778884309897,123634,4819,1,0.996094,40.93587,20.46996,40.12048,0.929608,0.366166,0.041868,1,0.996094,40.92965,20.4659,40.05357,0.925771,0.365948,0.095031,40.93276,20.46793,40.08702,0.923233,0.368662,-0.108299
"meditation_experiment_20260516_002946_263",1778884310009,123746,4823,1,0.996094,40.93538,20.4681,40.11839,0.903336,0.344686,0.255296,1,0.996094,40.93048,20.46521,40.05132,0.889862,0.340351,0.303822,40.93293,20.46666,40.08486,0.924424,0.372113,-0.083505
"meditation_experiment_20260516_002946_263",1778884310120,123857,4827,1,0.996094,40.93314,20.4679,40.11779,0.898525,0.359158,0.252308,1,0.996094,40.93027,20.4646,40.05062,0.884803,0.355392,0.301365,40.93171,20.46625,40.08421,0.9221,0.382542,-0.058252
"meditation_experiment_20260516_002946_263",1778884310232,123969,4831,1,0.996094,40.93087,20.46832,40.11626,0.901036,0.36109,0.240309,1,0.996094,40.92898,20.46448,40.04908,0.887528,0.35813,0.289892,40.92992,20.4664,40.08267,0.919237,0.390738,-0.048246
"meditation_experiment_20260516_002946_263",1778884310343,124080,4835,1,0.996094,40.9289,20.46791,40.11527,0.903759,0.334687,0.266842,1,0.996094,40.92687,20.46416,40.04809,0.889061,0.331636,0.315578,40.92789,20.46603,40.08168,0.921152,0.386062,-0.049341
"meditation_experiment_20260516_002946_263",1778884310455,124192,4839,1,0.996094,40.92648,20.46679,40.11295,0.905194,0.331765,0.265626,1,0.996094,40.92416,20.46329,40.04577,0.890637,0.328542,0.314367,40.92532,20.46504,40.07936,0.922307,0.382978,-0.051747
"meditation_experiment_20260516_002946_263",1778884310566,124303,4843,1,0.996094,40.92361,20.46645,40.11045,0.908843,0.360994,0.209017,1,0.996094,40.92123,20.46231,40.0433,0.896684,0.358723,0.259378,40.92242,20.46438,40.07688,0.919341,0.38937,-0.056598
"meditation_experiment_20260516_002946_263",1778884310677,124414,4847,1,0.996094,40.92153,20.46677,40.10942,0.925499,0.373344,0.063765,1,0.996094,40.91888,20.46202,40.04233,0.919986,0.374085,0.116988,40.92021,20.4644,40.07587,0.917082,0.393527,-0.06401
"meditation_experiment_20260516_002946_263",1778884310788,124525,4851,1,0.996094,40.92053,20.46678,40.10972,0.930231,0.35695,0.085184,1,0.996094,40.91775,20.46208,40.04263,0.923703,0.357355,0.138097,40.91914,20.46443,40.07618,0.920054,0.386321,-0.065248
"meditation_experiment_20260516_002946_263",1778884310900,124637,4855,1,0.996094,40.92013,20.46673,40.11123,0.921425,0.346642,0.175545,1,0.996094,40.91779,20.46207,40.04412,0.910584,0.345583,0.226736,40.91896,20.4644,40.07767,0.922263,0.382072,-0.058752
"meditation_experiment_20260516_002946_263",1778884311011,124748,4859,1,0.996094,40.92027,20.46687,40.11212,0.920406,0.342087,0.189287,1,0.996094,40.91808,20.46228,40.04499,0.908928,0.340832,0.240175,40.91917,20.46457,40.07856,0.922347,0.382266,-0.056111
"meditation_experiment_20260516_002946_263",1778884311123,124860,4863,1,0.996094,40.9212,20.46667,40.11233,0.923843,0.339726,0.176354,1,0.996094,40.91892,20.46205,40.04521,0.912948,0.338745,0.227545,40.92006,20.46436,40.07877,0.924357,0.377196,-0.057346
"meditation_experiment_20260516_002946_263",1778884311234,124971,4867,1,0.996094,40.92215,20.46602,40.11231,0.922562,0.338147,0.185839,1,0.996094,40.91988,20.46158,40.04518,0.911276,0.336891,0.236815,40.92102,20.4638,40.07874,0.925702,0.37407,-0.056103
"meditation_experiment_20260516_002946_263",1778884311346,125083,4871,1,0.996094,40.92269,20.46587,40.11175,0.921261,0.341136,0.186828,1,0.996094,40.92051,20.46134,40.04462,0.909903,0.339905,0.237784,40.9216,20.46361,40.07818,0.925918,0.373647,-0.055344
"meditation_experiment_20260516_002946_263",1778884311457,125194,4875,1,0.996094,40.92318,20.46615,40.11147,0.921942,0.349797,0.16633,1,0.996094,40.92108,20.46144,40.04435,0.911483,0.348962,0.217772,40.92213,20.46379,40.07791,0.925481,0.374727,-0.055362
"meditation_experiment_20260516_002946_263",1778884311568,125305,4879,1,0.996094,40.92389,20.46583,40.11213,0.924801,0.346452,0.15721,1,0.996094,40.92192,20.46128,40.04499,0.914781,0.34574,0.208901,40.92291,20.46355,40.07856,0.925986,0.373885,-0.052545
"meditation_experiment_20260516_002946_263",1778884311679,125416,4883,1,0.996094,40.92484,20.46581,40.1125,0.941646,0.332622,0.051631,1,0.996094,40.92279,20.46143,40.04536,0.936758,0.333827,0.105094,40.92382,20.46362,40.07893,0.926054,0.373711,-0.05258
"meditation_experiment_20260516_002946_263",1778884311791,125528,4887,1,0.996094,40.92548,20.46593,40.11289,0.945471,0.324448,0.028611,1,0.996094,40.92334,20.4614,40.04576,0.941711,0.326205,0.082285,40.92441,20.46367,40.07932,0.927339,0.370222,-0.054579
"meditation_experiment_20260516_002946_263",1778884311902,125639,4891,1,0.996094,40.92548,20.46617,40.11389,0.941954,0.334139,0.032774,1,0.996094,40.92343,20.46179,40.04675,0.938008,0.335667,0.086427,40.92445,20.46398,40.08032,0.927715,0.369588,-0.052436
"meditation_experiment_20260516_002946_263",1778884312014,125751,4895,1,0.996094,40.92535,20.46628,40.11477,0.941594,0.303214,0.146497,1,0.996094,40.9235,20.46208,40.04762,0.93208,0.30303,0.198493,40.92442,20.46418,40.0812,0.926116,0.374052,-0.04894
"meditation_experiment_20260516_002946_263",1778884312125,125862,4899,1,0.996094,40.92524,20.4665,40.11542,0.983086,0.110417,0.14612,1,0.996094,40.92348,20.46237,40.04825,0.973675,0.112501,0.198242,40.92436,20.46444,40.08183,0.925764,0.375133,-0.047287
"meditation_experiment_20260516_002946_263",1778884312237,125974,4903,1,0.996094,40.92525,20.46651,40.11594,0.989054,0.053435,0.137541,1,0.996094,40.92349,20.46251,40.04876,0.980207,0.056081,0.189868,40.92437,20.46451,40.08235,0.926144,0.374288,-0.046548
"meditation_experiment_20260516_002946_263",1778884312348,126085,4907,1,0.996094,40.9253,20.46656,40.11652,0.991484,0.060323,0.115413,1,0.996094,40.92361,20.46262,40.04934,0.983752,0.062921,0.168145,40.92446,20.46459,40.08293,0.926515,0.373533,-0.045206
"meditation_experiment_20260516_002946_263",1778884312460,126197,4911,1,0.996094,40.92527,20.46667,40.11665,0.989684,0.059332,0.130405,1,0.996094,40.92366,20.4627,40.04947,0.981183,0.061917,0.182885,40.92447,20.46468,40.08306,0.925922,0.3751,-0.044374
"meditation_experiment_20260516_002946_263",1778884312571,126308,4915,1,0.996094,40.92546,20.46658,40.11679,0.990594,0.062545,0.121702,1,0.996094,40.92382,20.46264,40.04961,0.982532,0.065113,0.174333,40.92464,20.46461,40.0832,0.927026,0.372347,-0.044494
"meditation_experiment_20260516_002946_263",1778884312682,126419,4919,1,0.996094,40.92559,20.46625,40.11665,0.988461,0.063353,0.137595,1,0.996094,40.92397,20.46228,40.04947,0.979584,0.065877,0.189938,40.92478,20.46427,40.08305,0.92758,0.370991,-0.044289
"meditation_experiment_20260516_002946_263",1778884312793,126530,4923,1,0.996094,40.92612,20.46635,40.11669,0.988475,0.071715,0.133322,1,0.996094,40.92438,20.46247,40.04951,0.979804,0.074095,0.185728,40.92525,20.46441,40.0831,0.927116,0.371993,-0.045587
"meditation_experiment_20260516_002946_263",1778884312905,126642,4927,1,0.996094,40.92689,20.46603,40.11703,0.98735,0.1528,0.042348,1,0.996094,40.92516,20.46227,40.04984,0.983244,0.154964,0.096007,40.92603,20.46415,40.08343,0.928561,0.3685,-0.044517
"meditation_experiment_20260516_002946_263",1778884313016,126753,4931,1,0.996094,40.92768,20.46602,40.11772,0.987611,0.149123,0.048863,1,0.996094,40.92617,20.46222,40.05053,0.983159,0.151319,0.102475,40.92693,20.46412,40.08413,0.929426,0.366644,-0.041703
"meditation_experiment_20260516_002946_263",1778884313127,126864,4935,1,0.996094,40.92839,20.46598,40.11864,0.986202,0.158929,0.046353,1,0.996094,40.92713,20.46232,40.05143,0.981874,0.161003,0.100013,40.92776,20.46415,40.08504,0.930142,0.365287,-0.037433
"meditation_experiment_20260516_002946_263",1778884313239,126976,4939,1,0.996094,40.92917,20.4663,40.11938,0.973507,0.20886,0.09307,1,0.996094,40.92813,20.46254,40.05218,0.966662,0.210228,0.146179,40.92865,20.46442,40.08578,0.929147,0.368047,-0.035049
"meditation_experiment_20260516_002946_263",1778884313350,127087,4943,1,0.996094,40.93026,20.46634,40.12,0.962164,0.250893,0.106273,1,0.996094,40.92905,20.46255,40.0528,0.954626,0.251716,0.159149,40.92965,20.46445,40.0864,0.929755,0.366282,-0.037318
"meditation_experiment_20260516_002946_263",1778884313461,127198,4947,1,0.996094,40.9312,20.46587,40.12061,0.960463,0.254734,0.11235,1,0.996094,40.92989,20.46232,40.0534,0.952675,0.255231,0.165128,40.93055,20.46409,40.08701,0.930946,0.363232,-0.037446
"meditation_experiment_20260516_002946_263",1778884313573,127310,4951,1,0.996094,40.93167,20.4652,40.12104,0.960695,0.253745,0.112604,1,0.996094,40.93067,20.46186,40.05381,0.952911,0.254152,0.16543,40.93118,20.46353,40.08743,0.93158,0.362135,-0.031897
"meditation_experiment_20260516_002946_263",1778884313684,127421,4955,1,0.996094,40.93162,20.46476,40.12034,0.961233,0.254586,0.105917,1,0.996094,40.93088,20.46125,40.05312,0.953732,0.255259,0.158867,40.93125,20.46301,40.08673,0.933348,0.357796,-0.029055
"meditation_experiment_20260516_002946_263",1778884313795,127532,4959,1,0.996094,40.93126,20.46445,40.11883,0.981524,0.186905,0.040963,1,0.996094,40.93031,20.46084,40.05162,0.977425,0.188878,0.09469,40.93078,20.46265,40.08523,0.933821,0.356269,-0.032411
"meditation_experiment_20260516_002946_263",1778884313907,127644,4963,1,0.996094,40.93057,20.46452,40.11696,0.982253,0.184757,0.032325,1,0.996094,40.92934,20.46068,40.04977,0.978587,0.186963,0.086093,40.92995,20.4626,40.08337,0.932169,0.360057,-0.03769
"meditation_experiment_20260516_002946_263",1778884314018,127755,4967,1,0.996094,40.93006,20.46497,40.11567,0.982385,0.183185,0.036935,1,0.996094,40.92877,20.46084,40.04849,0.978442,0.185566,0.090646,40.92941,20.4629,40.08208,0.931063,0.362638,-0.040207
"meditation_experiment_20260516_002946_263",1778884314130,127867,4971,1,0.996094,40.92971,20.46488,40.11533,0.984728,0.17005,0.037343,1,0.996094,40.92838,20.46078,40.04815,0.980797,0.172472,0.091053,40.92904,20.46283,40.08174,0.93151,0.361455,-0.04049
"meditation_experiment_20260516_002946_263",1778884314242,127979,4975,1,0.996094,40.92971,20.46477,40.11511,0.98344,0.17797,0.034254,1,0.996094,40.92834,20.46073,40.04793,0.979663,0.180329,0.087988,40.92903,20.46275,40.08152,0.930509,0.363982,-0.040856
"meditation_experiment_20260516_002946_263",1778884314353,128090,4979,1,0.996094,40.92999,20.4645,40.11514,0.982783,0.178913,0.046137,1,0.996094,40.92864,20.46044,40.04796,0.978377,0.181177,0.099766,40.92931,20.46247,40.08155,0.931679,0.361017,-0.04051
"meditation_experiment_20260516_002946_263",1778884314464,128201,4983,1,0.996094,40.93,20.46457,40.11543,0.977716,0.189225,0.090917,1,0.996094,40.92871,20.46051,40.04825,0.970973,0.190976,0.144017,40.92936,20.46254,40.08184,0.932465,0.359083,-0.039596
"meditation_experiment_20260516_002946_263",1778884314576,128313,4987,1,0.996094,40.92976,20.46476,40.11602,0.977814,0.188282,0.091812,1,0.996094,40.92849,20.46073,40.04884,0.97103,0.190009,0.144904,40.92913,20.46275,40.08243,0.931608,0.361326,-0.039374
"meditation_experiment_20260516_002946_263",1778884314687,128424,4991,1,0.996094,40.92932,20.46518,40.11685,0.975407,0.196208,0.100418,1,0.996094,40.92806,20.46136,40.04965,0.968204,0.197614,0.153396,40.92869,20.46327,40.08325,0.9309,0.363283,-0.038089
"meditation_experiment_20260516_002946_263",1778884314798,128535,4995,1,0.996094,40.92783,20.46695,40.11763,0.976115,0.192318,0.101059,1,0.996094,40.92679,20.46319,40.05043,0.968882,0.193741,0.154057,40.92731,20.46507,40.08403,0.928593,0.369442,-0.035051
"meditation_experiment_20260516_002946_263",1778884314910,128647,4999,1,0.996094,40.92447,20.46952,40.11829,0.919798,0.38152,0.091733,1,0.996094,40.92366,20.466,40.05106,0.913046,0.381271,0.144846,40.92407,20.46776,40.08467,0.923926,0.381303,-0.031119
"meditation_experiment_20260516_002946_263",1778884315021,128758,5003,1,0.996094,40.91957,20.4743,40.11906,0.981522,0.189209,0.028558,1,0.996094,40.91899,20.47115,40.05182,0.978124,0.190997,0.082424,40.91928,20.47273,40.08544,0.91222,0.408801,-0.027127
"meditation_experiment_20260516_002946_263",1778884315132,128869,5007,1,0.996094,40.91298,20.4812,40.12151,0.98595,0.158119,0.053854,1,0.996094,40.91293,20.479,40.05423,0.981375,0.159142,0.107594,40.91296,20.4801,40.08786,0.899979,0.435675,-0.014998
"meditation_experiment_20260516_002946_263",1778884315244,128981,5011,1,0.996094,40.90928,20.48821,40.1242,0.986918,0.151206,0.055937,1,0.996094,40.9095,20.48706,40.05689,0.982357,0.151458,0.109706,40.90939,20.48763,40.09054,0.89039,0.455173,-0.004829
"meditation_experiment_20260516_002946_263",1778884315355,129092,5015,1,0.996094,40.91208,20.4948,40.12696,0.988749,0.140005,0.052667,1,0.996094,40.9122,20.49451,40.05965,0.98446,0.139651,0.106474,40.91214,20.49466,40.09331,0.881209,0.472728,-0.000558
"meditation_experiment_20260516_002946_263",1778884315467,129204,5019,1,0.996094,40.91952,20.49811,40.1322,0.99014,0.127674,0.057634,1,0.996094,40.91954,20.49849,40.06488,0.985655,0.126792,0.111397,40.91953,20.4983,40.09854,0.882415,0.470464,0.002831
"meditation_experiment_20260516_002946_263",1778884315578,129315,5023,1,0.996094,40.9279,20.49965,40.1387,0.991571,0.116352,0.057004,1,0.996094,40.92786,20.50073,40.07139,0.987174,0.114967,0.110769,40.92788,20.50019,40.10505,0.88894,0.457975,0.006694
"meditation_experiment_20260516_002946_263",1778884315689,129426,5027,1,0.996094,40.93496,20.50176,40.14465,0.983023,0.159409,0.090858,1,0.996094,40.93464,20.50331,40.07735,0.976986,0.157143,0.144235,40.9348,20.50254,40.111,0.891738,0.452511,0.006173
"meditation_experiment_20260516_002946_263",1778884315801,129538,5031,1,0.996094,40.94046,20.50159,40.14945,0.981579,0.167622,0.091687,1,0.996094,40.93962,20.50304,40.08216,0.975524,0.16531,0.145004,40.94004,20.50232,40.1158,0.894451,0.447163,-0.001485
"meditation_experiment_20260516_002946_263",1778884315912,129649,5035,1,0.996094,40.94347,20.50061,40.15356,0.979396,0.174889,0.100987,1,0.996094,40.94258,20.5017,40.08626,0.972831,0.172717,0.154172,40.94302,20.50115,40.11991,0.894804,0.446436,-0.004567
"meditation_experiment_20260516_002946_263",1778884316024,129761,5039,1,0.996094,40.94436,20.49983,40.15721,0.977499,0.184029,0.103097,1,0.996094,40.94356,20.50074,40.0899,0.970819,0.181918,0.15626,40.94396,20.50029,40.12355,0.894427,0.44719,-0.004609
"meditation_experiment_20260516_002946_263",1778884316135,129872,5043,1,0.996094,40.94344,20.49867,40.15971,0.942595,0.315589,0.109175,1,0.996094,40.94266,20.49916,40.0924,0.93588,0.312734,0.162256,40.94305,20.49891,40.12605,0.893979,0.448054,-0.007071
"meditation_experiment_20260516_002946_263",1778884316246,129983,5047,1,0.996094,40.94147,20.49788,40.16151,0.941597,0.316219,0.115762,1,0.996094,40.94067,20.49832,40.0942,0.934549,0.313283,0.168738,40.94107,20.4981,40.12785,0.89251,0.450963,-0.007715
"meditation_experiment_20260516_002946_263",1778884316358,130095,5051,1,0.996094,40.9386,20.49676,40.16163,0.942753,0.312469,0.116538,1,0.996094,40.93779,20.49703,40.09432,0.935613,0.309677,0.169495,40.9382,20.49689,40.12798,0.892092,0.451766,-0.008939
"meditation_experiment_20260516_002946_263",1778884316469,130206,5055,1,0.996094,40.93538,20.49556,40.1611,0.900092,0.433403,0.04467,1,0.996094,40.93472,20.49572,40.09379,0.896762,0.431409,0.098506,40.93505,20.49564,40.12745,0.891761,0.45244,-0.007807
"meditation_experiment_20260516_002946_263",1778884316581,130318,5059,1,0.996094,40.93217,20.49396,40.15921,0.900383,0.433887,0.032453,1,0.996094,40.93145,20.49433,40.0919,0.897716,0.432024,0.086381,40.93181,20.49414,40.12555,0.891629,0.452711,-0.007146
"meditation_experiment_20260516_002946_263",1778884316692,130429,5063,1,0.996094,40.92916,20.49232,40.15622,0.901677,0.430884,0.036321,1,0.996094,40.92828,20.49294,40.08891,0.898917,0.42873,0.090217,40.92871,20.49262,40.12256,0.892334,0.451314,-0.00752
"meditation_experiment_20260516_002946_263",1778884316803,130540,5067,1,0.996094,40.92645,20.49099,40.15282,0.9027,0.428978,0.033333,1,0.996094,40.92536,20.49166,40.08552,0.900129,0.426799,0.087239,40.9259,20.49132,40.11917,0.893485,0.448982,-0.009951
"meditation_experiment_20260516_002946_263",1778884316914,130651,5071,1,0.996094,40.92435,20.48986,40.14938,0.871616,0.484942,0.071525,1,0.996094,40.9229,20.49041,40.08208,0.867455,0.481543,0.125056,40.92363,20.49014,40.11573,0.893312,0.449169,-0.015559
"meditation_experiment_20260516_002946_263",1778884317026,130763,5075,1,0.996094,40.92286,20.48912,40.14693,0.871792,0.482471,0.084856,1,0.996094,40.92152,20.4896,40.07963,0.866964,0.478816,0.138233,40.92219,20.48936,40.11328,0.893201,0.449421,-0.014599
"meditation_experiment_20260516_002946_263",1778884317137,130874,5079,1,0.996094,40.92208,20.48841,40.14513,0.869036,0.487191,0.086155,1,0.996094,40.92159,20.48835,40.07782,0.863818,0.484086,0.139569,40.92184,20.48838,40.11148,0.892747,0.450505,-0.00699
"meditation_experiment_20260516_002946_263",1778884317249,130986,5083,1,0.996094,40.9235,20.4885,40.14417,0.869955,0.483709,0.095946,1,0.996094,40.92358,20.48833,40.07685,0.864118,0.480642,0.149277,40.92354,20.48842,40.11051,0.892482,0.451084,-0.000048
"meditation_experiment_20260516_002946_263",1778884317360,131097,5087,1,0.996094,40.92646,20.48755,40.14273,0.845407,0.47758,0.239176,1,0.996094,40.92644,20.48761,40.07542,0.833408,0.470742,0.289541,40.92645,20.48758,40.10908,0.894318,0.447433,0.000191
"meditation_experiment_20260516_002946_263",1778884317472,131209,5091,1,0.996094,40.92984,20.487,40.14085,0.839086,0.479471,0.256988,1,0.996094,40.92961,20.48672,40.07354,0.826333,0.472308,0.306757,40.92973,20.48686,40.1072,0.894379,0.447285,-0.004855
"meditation_experiment_20260516_002946_263",1778884317583,131320,5095,1,0.996094,40.93303,20.4865,40.13891,0.850952,0.463181,0.247676,1,0.996094,40.93293,20.48574,40.0716,0.838262,0.45683,0.297696,40.93298,20.48612,40.10526,0.893045,0.44992,-0.006493
"meditation_experiment_20260516_002946_263",1778884317694,131431,5099,1,0.996094,40.93579,20.4859,40.13852,0.851558,0.454864,0.260669,1,0.996094,40.93624,20.48473,40.07122,0.838027,0.448765,0.310356,40.93602,20.48532,40.10487,0.896556,0.442927,-0.001789
"meditation_experiment_20260516_002946_263",1778884317805,131542,5103,1,0.996094,40.93747,20.48569,40.13823,0.847516,0.45562,0.272263,1,0.996094,40.93837,20.48453,40.07093,0.833428,0.449357,0.321677,40.93792,20.48511,40.10458,0.898498,0.438954,0.004497
"meditation_experiment_20260516_002946_263",1778884317917,131654,5107,1,0.996094,40.93663,20.48593,40.13821,0.846614,0.44814,0.28708,1,0.996094,40.93805,20.48444,40.07092,0.831667,0.44202,0.336078,40.93734,20.48518,40.10457,0.899976,0.43584,0.009352
"meditation_experiment_20260516_002946_263",1778884318028,131765,5111,1,0.996094,40.93478,20.48594,40.13793,0.816546,0.250874,0.519918,1,0.996094,40.93685,20.48401,40.07067,0.792163,0.245419,0.558791,40.93581,20.48498,40.1043,0.900997,0.433553,0.015355
"meditation_experiment_20260516_002946_263",1778884318140,131877,5115,1,0.996094,40.93174,20.48516,40.14065,0.802619,0.271398,0.531175,1,0.996094,40.93637,20.48308,40.07352,0.777362,0.26575,0.570163,40.93406,20.48412,40.10709,0.901037,0.43099,0.048795
"meditation_experiment_20260516_002946_263",1778884318251,131988,5119,1,0.996094,40.92621,20.48384,40.14732,0.689017,0.223472,0.689432,1,0.996094,40.93765,20.48174,40.08102,0.658397,0.218148,0.720365,40.93193,20.48279,40.11417,0.891193,0.431446,0.140105
"meditation_experiment_20260516_002946_263",1778884318363,132100,5123,1,0.996094,40.92317,20.48187,40.15058,0.679578,0.22432,0.698466,1,0.996094,40.93814,20.48012,40.08498,0.647607,0.219072,0.729804,40.93066,20.481,40.11778,0.884271,0.426339,0.190526
"meditation_experiment_20260516_002946_263",1778884318474,132211,5127,1,0.996094,40.9212,20.47955,40.1513,0.72373,0.230963,0.650285,1,0.996094,40.9376,20.47771,40.08604,0.692082,0.226473,0.68537,40.9294,20.47863,40.11867,0.880873,0.424535,0.209363
"meditation_experiment_20260516_002946_263",1778884318586,132323,5131,1,0.996094,40.91972,20.47679,40.15137,0.753296,0.206864,0.624302,1,0.996094,40.93606,20.47479,40.0861,0.722154,0.203467,0.661131,40.92789,20.47579,40.11873,0.890002,0.404484,0.21045
"meditation_experiment_20260516_002946_263",1778884318697,132434,5135,1,0.996094,40.9187,20.47412,40.14924,0.770044,0.195619,0.607261,1,0.996094,40.93356,20.47275,40.0836,0.739775,0.192014,0.644876,40.92613,20.47343,40.11642,0.900733,0.387696,0.195886
"meditation_experiment_20260516_002946_263",1778884318808,132545,5139,1,0.996094,40.92048,20.47209,40.13992,0.926307,0.258903,0.273724,1,0.996094,40.92952,20.46897,40.07329,0.909845,0.258827,0.324331,40.925,20.47053,40.10661,0.929411,0.352353,0.109741
"meditation_experiment_20260516_002946_263",1778884318919,132656,5143,1,0.996094,40.92941,20.46757,40.11992,0.937288,0.183208,-0.296522,1,0.996094,40.92202,20.46508,40.05305,0.951346,0.186781,-0.245059,40.92572,20.46632,40.08649,0.944582,0.30714,-0.115889
"meditation_experiment_20260516_002946_263",1778884319031,132768,5147,1,0.996094,40.93555,20.46457,40.10847,0.793351,0.018634,-0.608479,1,0.996094,40.91652,20.46419,40.04391,0.823342,0.019283,-0.567218,40.92604,20.46438,40.07619,0.922285,0.273237,-0.273371
"meditation_experiment_20260516_002946_263",1778884319142,132879,5151,1,0.996094,40.94312,20.46489,40.10596,0.838302,-0.025108,-0.544628,1,0.996094,40.92168,20.46526,40.04215,0.865863,-0.025707,-0.499621,40.9324,20.46507,40.07406,0.912236,0.273519,-0.304983
"meditation_experiment_20260516_002946_263",1778884319254,132991,5155,1,0.996094,40.95135,20.46364,40.10753,0.873932,-0.038851,-0.484494,1,0.996094,40.93041,20.46436,40.04356,0.898545,-0.039771,-0.437076,40.94088,20.464,40.07554,0.915873,0.270348,-0.296799
"meditation_experiment_20260516_002946_263",1778884319366,133103,5159,1,0.996094,40.95838,20.46375,40.1096,0.875975,-0.033613,-0.481185,1,0.996094,40.93762,20.46494,40.04557,0.900399,-0.034873,-0.433665,40.948,20.46434,40.07758,0.918457,0.265845,-0.292852
"meditation_experiment_20260516_002946_263",1778884319476,133213,5163,1,0.996094,40.96302,20.46473,40.11252,0.878295,-0.04483,-0.476013,1,0.996094,40.9426,20.46552,40.04839,0.902451,-0.045859,-0.428346,40.95281,20.46513,40.08045,0.923504,0.249855,-0.291054
"meditation_experiment_20260516_002946_263",1778884319588,133325,5167,1,0.996094,40.96211,20.46515,40.11538,0.867853,-0.031596,-0.495816,1,0.996094,40.94166,20.46525,40.05125,0.89301,-0.031994,-0.448899,40.95188,20.4652,40.08331,0.921404,0.254789,-0.293423
"meditation_experiment_20260516_002946_263",1778884319699,133436,5171,1,0.996094,40.9599,20.46245,40.11613,0.881784,-0.216005,-0.419284,1,0.996094,40.93979,20.46204,40.05189,0.903342,-0.216981,-0.36999,40.94984,20.46224,40.08401,0.930183,0.221713,-0.292581
"meditation_experiment_20260516_002946_263",1778884319811,133548,5175,1,0.996094,40.95872,20.4542,40.11514,0.842989,-0.448576,-0.296899,1,0.996094,40.93921,20.45285,40.05073,0.859682,-0.448021,-0.245407,40.94896,20.45353,40.08294,0.948181,0.130053,-0.289896
"meditation_experiment_20260516_002946_263",1778884319922,133659,5179,1,0.996094,40.95641,20.44783,40.11387,0.816247,-0.534053,-0.220293,1,0.996094,40.93657,20.4457,40.04958,0.830407,-0.531176,-0.168156,40.94649,20.44676,40.08173,0.951339,0.084132,-0.296439
"meditation_experiment_20260516_002946_263",1778884320034,133771,5183,1,0.996094,40.95303,20.44422,40.11331,0.817845,-0.534357,-0.213521,1,0.996094,40.93295,20.44175,40.04911,0.831867,-0.530989,-0.161395,40.94299,20.44298,40.08121,0.952679,0.049751,-0.29988
"meditation_experiment_20260516_002946_263",1778884320144,133881,5187,1,0.996094,40.94881,20.44286,40.11487,0.824415,-0.524075,-0.213745,1,0.996094,40.92915,20.44031,40.05054,0.838261,-0.520787,-0.161555,40.93898,20.44159,40.0827,0.955163,0.039012,-0.293499
"meditation_experiment_20260516_002946_263",1778884320256,133993,5191,1,0.996094,40.94594,20.44234,40.11531,0.829884,-0.52224,-0.196362,1,0.996094,40.92677,20.43966,40.05083,0.842835,-0.51855,-0.143999,40.93636,20.441,40.08307,0.95751,0.03608,-0.286135
"meditation_experiment_20260516_002946_263",1778884320367,134104,5195,1,0.996094,40.9441,20.44328,40.11471,0.845052,-0.495517,-0.200878,1,0.996094,40.9253,20.43996,40.05016,0.858052,-0.49162,-0.148519,40.9347,20.44162,40.08243,0.958392,0.047503,-0.281476
"meditation_experiment_20260516_002946_263",1778884320479,134216,5199,1,0.996094,40.94325,20.44675,40.11303,0.98053,-0.017187,-0.195615,1,0.996094,40.92503,20.44252,40.04836,0.989678,-0.013698,-0.142656,40.93414,20.44464,40.08069,0.957815,0.082319,-0.275344
"meditation_experiment_20260516_002946_263",1778884320590,134327,5203,1,0.996094,40.94368,20.44879,40.10986,0.980442,-0.009681,-0.196571,1,0.996094,40.92561,20.44395,40.04519,0.989615,-0.005748,-0.14363,40.93464,20.44637,40.07752,0.955046,0.110477,-0.275105
"meditation_experiment_20260516_002946_263",1778884320702,134439,5207,1,0.996094,40.94669,20.4484,40.10433,0.977616,-0.047353,-0.205002,1,0.996094,40.92789,20.44314,40.03991,0.987417,-0.042878,-0.152214,40.93729,20.44577,40.07212,0.950743,0.117266,-0.286944
"meditation_experiment_20260516_002946_263",1778884320813,134550,5211,1,0.996094,40.95113,20.44766,40.09763,0.975716,-0.052042,-0.212768,1,0.996094,40.93131,20.44228,40.03353,0.985958,-0.047426,-0.160118,40.94122,20.44497,40.06558,0.945028,0.123974,-0.302575
"meditation_experiment_20260516_002946_263",1778884320924,134661,5215,1,0.996094,40.95617,20.44733,40.09057,0.947655,-0.01894,-0.318735,1,0.996094,40.93505,20.44205,40.02687,0.963541,-0.014673,-0.26716,40.94561,20.44469,40.05872,0.936944,0.13611,-0.321886
"meditation_experiment_20260516_002946_263",1778884321036,134773,5219,1,0.996094,40.96132,20.44784,40.0853,0.88344,0.04787,-0.466092,1,0.996094,40.93914,20.44264,40.02196,0.906962,0.05237,-0.417944,40.95023,20.44524,40.05363,0.9295,0.148186,-0.337745
"meditation_experiment_20260516_002946_263",1778884321147,134884,5223,1,0.996094,40.96733,20.45276,40.08354,0.88751,0.080231,-0.453751,1,0.996094,40.94487,20.44791,40.02026,0.910339,0.084571,-0.405131,40.9561,20.45034,40.0519,0.922653,0.179492,-0.341313
"meditation_experiment_20260516_002946_263",1778884321259,134996,5227,1,0.996094,40.97259,20.46166,40.08659,0.892302,0.111924,-0.437346,1,0.996094,40.95047,20.45732,40.02316,0.914244,0.115942,-0.388221,40.96153,20.45949,40.05488,0.912307,0.236508,-0.334305
"meditation_experiment_20260516_002946_263",1778884321370,135107,5231,1,0.996094,40.97746,20.47113,40.09361,0.889562,0.116825,-0.441624,1,0.996094,40.95607,20.4677,40.02988,0.911781,0.120243,-0.392679,40.96676,20.46942,40.06174,0.899694,0.298918,-0.318119
"meditation_experiment_20260516_002946_263",1778884321481,135218,5235,1,0.996094,40.98608,20.47787,40.10088,0.89668,0.078049,-0.435745,1,0.996094,40.96508,20.47466,40.037,0.918649,0.08108,-0.386665,40.97558,20.47626,40.06894,0.897323,0.313394,-0.310799
"meditation_experiment_20260516_002946_263",1778884321593,135330,5239,1,0.996094,40.99899,20.48409,40.10893,0.901857,0.189911,-0.388056,1,0.996094,40.97807,20.48166,40.04499,0.921374,0.192432,-0.337698,40.98853,20.48287,40.07696,0.896127,0.321945,-0.305464
"meditation_experiment_20260516_002946_263",1778884321704,135441,5243,1,0.996094,41.01399,20.48849,40.11876,0.901353,0.202124,-0.383027,1,0.996094,40.99335,20.48702,40.05471,0.920755,0.203929,-0.332601,41.00367,20.48776,40.08673,0.896856,0.328182,-0.296558
"meditation_experiment_20260516_002946_263",1778884321816,135553,5247,1,0.996094,41.02949,20.49539,40.13242,0.928973,0.292389,-0.226978,1,0.996094,41.00893,20.49345,40.06834,0.940298,0.29232,-0.174323,41.01921,20.49442,40.10038,0.892518,0.339669,-0.29671
"meditation_experiment_20260516_002946_263",1778884321927,135664,5251,1,0.996094,41.04258,20.50112,40.1479,0.933926,0.273707,-0.229927,1,0.996094,41.0219,20.50039,40.08384,0.945576,0.272842,-0.177322,41.03224,20.50076,40.11587,0.892589,0.343587,-0.291948
"meditation_experiment_20260516_002946_263",1778884322038,135775,5255,1,0.996094,41.05197,20.50746,40.16167,0.932293,0.277831,-0.231605,1,0.996094,41.0314,20.50689,40.09757,0.944084,0.276879,-0.179009,41.04169,20.50718,40.12962,0.893053,0.344365,-0.289603
"meditation_experiment_20260516_002946_263",1778884322150,135887,5259,1,0.996094,41.05729,20.51286,40.17577,0.929145,0.301024,-0.214649,1,0.996094,41.03777,20.51182,40.11136,0.94001,0.300304,-0.161862,41.04753,20.51234,40.14356,0.884384,0.377687,-0.274259
"meditation_experiment_20260516_002946_263",1778884322261,135998,5263,1,0.996094,41.05882,20.5165,40.19038,0.922147,0.355385,-0.152795,1,0.996094,41.04095,20.51583,40.12548,0.930117,0.353468,-0.09972,41.04988,20.51617,40.15793,0.883891,0.396979,-0.247277
"meditation_experiment_20260516_002946_263",1778884322373,136110,5267,1,0.996094,41.05849,20.51805,40.20066,0.923086,0.352236,-0.154413,1,0.996094,41.04152,20.51779,40.13551,0.931139,0.350329,-0.101244,41.05,20.51792,40.16809,0.879408,0.416391,-0.230781
"meditation_experiment_20260516_002946_263",1778884322484,136221,5271,1,0.996094,41.05299,20.51811,40.20658,0.926017,0.343402,-0.156743,1,0.996094,41.03678,20.51816,40.14125,0.934147,0.341552,-0.103503,41.04489,20.51813,40.17392,0.879468,0.423098,-0.218001
"meditation_experiment_20260516_002946_263",1778884322595,136332,5275,1,0.996094,41.03913,20.51992,40.2076,0.916194,0.368689,-0.157026,1,0.996094,41.02367,20.52065,40.14209,0.924616,0.366496,-0.103761,41.0314,20.52028,40.17484,0.867766,0.455055,-0.19977
"meditation_experiment_20260516_002946_263",1778884322706,136443,5279,1,0.996094,41.02093,20.51911,40.20656,0.922388,0.357805,-0.145523,1,0.996094,41.00629,20.52262,40.14095,0.930797,0.353687,-0.092315,41.01361,20.52087,40.17376,0.864635,0.473644,-0.167535
"meditation_experiment_20260516_002946_263",1778884322818,136555,5283,1,0.996094,41.00214,20.5163,40.20139,0.929526,0.341367,-0.139465,1,0.996094,40.98871,20.52243,40.13571,0.938036,0.335604,-0.08636,40.99543,20.51937,40.16855,0.869039,0.476454,-0.133277
"meditation_experiment_20260516_002946_263",1778884322929,136666,5287,1,0.996094,40.9845,20.51528,40.19425,0.932544,0.335702,-0.132911,1,0.996094,40.97373,20.52183,40.12813,0.940546,0.330198,-0.079647,40.97912,20.51855,40.16119,0.882186,0.460558,-0.098153
"meditation_experiment_20260516_002946_263",1778884323040,136777,5291,1,0.996094,40.96825,20.51493,40.18607,0.93243,0.359841,-0.032981,1,0.996094,40.95865,20.52162,40.11978,0.935516,0.352696,0.020374,40.96345,20.51828,40.15293,0.874571,0.47852,-0.078383
"meditation_experiment_20260516_002946_263",1778884323152,136888,5295,1,0.996094,40.95142,20.5112,40.17879,0.935303,0.352036,-0.035766,1,0.996094,40.94189,20.51757,40.11246,0.938365,0.345194,0.017634,40.94666,20.51439,40.14563,0.870284,0.48628,-0.078347
"meditation_experiment_20260516_002946_263",1778884323263,137000,5299,1,0.996094,40.93669,20.50958,40.17482,0.93191,0.362417,-0.014017,1,0.996094,40.92808,20.51617,40.10838,0.933948,0.355235,0.039356,40.93238,20.51288,40.1416,0.861033,0.504818,-0.061488
"meditation_experiment_20260516_002946_263",1778884323374,137111,5303,1,0.996094,40.92466,20.50602,40.17414,0.924586,0.323409,0.201365,1,0.996094,40.91816,20.51282,40.10749,0.915808,0.313092,0.251535,40.92141,20.50942,40.14082,0.862842,0.504417,-0.032664
"meditation_experiment_20260516_002946_263",1778884323486,137223,5307,1,0.996094,40.91686,20.50185,40.17544,0.926988,0.308538,0.213301,1,0.996094,40.91283,20.50875,40.1086,0.917196,0.298693,0.263693,40.91484,20.5053,40.14202,0.872674,0.488299,-0.002252
"meditation_experiment_20260516_002946_263",1778884323597,137334,5311,1,0.996094,40.91281,20.4992,40.17817,0.925657,0.312001,0.214045,1,0.996094,40.91063,20.50624,40.11126,0.915654,0.302411,0.264811,40.91172,20.50272,40.14471,0.880968,0.472702,0.021161
"meditation_experiment_20260516_002946_263",1778884323708,137445,5315,1,0.996094,40.91523,20.50048,40.18278,0.923559,0.335657,0.185402,1,0.996094,40.91357,20.50737,40.11584,0.914993,0.326546,0.236973,40.9144,20.50393,40.14931,0.881812,0.47085,0.026595
"meditation_experiment_20260516_002946_263",1778884323820,137557,5319,1,0.996094,40.91954,20.50186,40.1923,0.898442,0.292278,0.327681,1,0.996094,40.91805,20.50947,40.12543,0.883404,0.280936,0.375064,40.91879,20.50566,40.15886,0.88584,0.462831,0.032799
"meditation_experiment_20260516_002946_263",1778884323931,137668,5323,1,0.996094,40.92439,20.50121,40.20064,0.878561,0.281157,0.38611,1,0.996094,40.92626,20.51107,40.13407,0.861025,0.268166,0.432114,40.92532,20.50614,40.16735,0.879997,0.465633,0.093761
"meditation_experiment_20260516_002946_263",1778884324043,137780,5327,1,0.996094,40.9289,20.50052,40.20244,0.889866,0.249867,0.381715,1,0.996094,40.9346,20.51165,40.1363,0.871761,0.237171,0.428699,40.93175,20.50608,40.16937,0.891432,0.428012,0.148847
"meditation_experiment_20260516_002946_263",1778884324154,137891,5331,1,0.996094,40.93912,20.50115,40.20265,0.814469,0.237073,0.529562,1,0.996094,40.94802,20.5103,40.13656,0.789807,0.224673,0.570726,40.94357,20.50573,40.16961,0.878299,0.443067,0.179671
"meditation_experiment_20260516_002946_263",1778884324266,138003,5335,1,0.996094,40.95489,20.50037,40.20012,0.827055,0.191437,0.528519,1,0.996094,40.96547,20.50881,40.13417,0.801482,0.180746,0.57005,40.96018,20.50459,40.16714,0.897266,0.396295,0.194589
"meditation_experiment_20260516_002946_263",1778884324377,138114,5339,1,0.996094,40.97487,20.49683,40.19907,0.841194,0.205723,0.500071,1,0.996094,40.98487,20.50654,40.13322,0.817057,0.194035,0.542925,40.97987,20.50168,40.16615,0.901274,0.387419,0.19394
"meditation_experiment_20260516_002946_263",1778884324488,138225,5343,1,0.996094,41.0016,20.49883,40.19786,0.867008,0.232613,0.440668,1,0.996094,41.01099,20.51041,40.13222,0.845836,0.2197,0.486101,41.00629,20.50462,40.16504,0.900565,0.387468,0.19711
"meditation_experiment_20260516_002946_263",1778884324600,138337,5347,1,0.996094,41.02752,20.50892,40.19555,0.925103,0.314861,0.212244,1,0.996094,41.0347,20.52095,40.1297,0.915363,0.303845,0.264177,41.03111,20.51494,40.16262,0.906953,0.385697,0.169337
"meditation_experiment_20260516_002946_263",1778884324711,138448,5351,1,0.996094,41.04877,20.50837,40.19542,0.920228,0.321335,0.223436,1,0.996094,41.05492,20.51966,40.12934,0.909922,0.3104,0.275127,41.05185,20.51401,40.16238,0.909333,0.387701,0.151006
"meditation_experiment_20260516_002946_263",1778884324823,138560,5355,1,0.996094,41.05732,20.50293,40.19468,0.924509,0.300511,0.234472,1,0.996094,41.06341,20.5139,40.12855,0.913418,0.289692,0.285915,41.06037,20.50842,40.16162,0.921245,0.361053,0.144738
"meditation_experiment_20260516_002946_263",1778884324934,138671,5359,1,0.996094,41.05798,20.49635,40.18428,0.979732,0.199686,-0.015882,1,0.996094,41.06065,20.50333,40.11738,0.980151,0.194588,0.03796,41.05931,20.49984,40.15083,0.958788,0.2761,0.067033
"meditation_experiment_20260516_002946_263",1778884325045,138782,5363,1,0.996094,41.05097,20.49383,40.1744,0.96184,0.056446,-0.267729,1,0.996094,41.04886,20.49999,40.1074,0.974853,0.052128,-0.216665,41.04992,20.49691,40.1409,0.970977,0.239019,-0.00858
"meditation_experiment_20260516_002946_263",1778884325156,138893,5367,1,0.996094,41.03574,20.48856,40.16499,0.953787,0.016723,-0.300018,1,0.996094,41.03074,20.49617,40.09829,0.968346,0.010752,-0.249381,41.03324,20.49236,40.13163,0.971602,0.23205,-0.046285
"meditation_experiment_20260516_002946_263",1778884325268,139005,5371,1,0.996094,41.01825,20.4851,40.15515,0.964635,0.008589,-0.263449,1,0.996094,41.0116,20.49142,40.08846,0.977348,0.003551,-0.211609,41.01493,20.48826,40.1218,0.974079,0.212742,-0.07688
"meditation_experiment_20260516_002946_263",1778884325379,139116,5375,1,0.996094,40.99546,20.48161,40.1512,0.977371,0.006242,-0.211439,1,0.996094,40.98985,20.4871,40.08435,0.987328,0.001848,-0.158686,40.99266,20.48436,40.11777,0.979774,0.188602,-0.066877
"meditation_experiment_20260516_002946_263",1778884325490,139227,5379,1,0.996094,40.97363,20.47837,40.15145,0.979323,0.072671,-0.188802,1,0.996094,40.96887,20.484,40.08453,0.988358,0.068523,-0.135839,40.97125,20.48118,40.11799,0.972326,0.228243,-0.049875
"meditation_experiment_20260516_002946_263",1778884325602,139339,5383,1,0.996094,40.9561,20.47525,40.1538,0.965927,0.255069,-0.043869,1,0.996094,40.95197,20.48029,40.0868,0.968015,0.250691,0.010044,40.95404,20.47777,40.1203,0.966101,0.254973,-0.04048
"meditation_experiment_20260516_002946_263",1778884325713,139450,5387,1,0.996094,40.94272,20.47181,40.15868,0.96991,0.241015,-0.034452,1,0.996094,40.93927,20.47649,40.09161,0.971334,0.236917,0.019502,40.94099,20.47415,40.12515,0.963788,0.264846,-0.031124
"meditation_experiment_20260516_002946_263",1778884325824,139561,5391,1,0.996094,40.93785,20.46975,40.16796,0.970791,0.236999,-0.037376,1,0.996094,40.93459,20.47415,40.10087,0.972291,0.233185,0.016603,40.93622,20.47195,40.13442,0.95899,0.28203,-0.028242
"meditation_experiment_20260516_002946_263",1778884325936,139673,5395,1,0.996094,40.93896,20.46469,40.18446,0.973869,-0.224794,0.032341,1,0.996094,40.93642,20.46799,40.11727,0.970287,-0.226143,0.086042,40.93769,20.46634,40.15086,0.976728,0.212842,-0.026458
"meditation_experiment_20260516_002946_263",1778884326047,139784,5399,1,0.996094,40.94381,20.45637,40.2048,0.96975,-0.240041,0.044329,1,0.996094,40.94176,20.45942,40.13758,0.965557,-0.241045,0.097965,40.94278,20.4579,40.17119,0.988515,0.1493,-0.023388
"meditation_experiment_20260516_002946_263",1778884326158,139895,5403,1,0.996094,40.94603,20.44957,40.22353,0.977256,-0.209249,0.034422,1,0.996094,40.94307,20.45179,40.15631,0.973769,-0.209782,0.088119,40.94455,20.45068,40.18992,0.99207,0.119289,-0.039598
"meditation_experiment_20260516_002946_263",1778884326269,140006,5407,1,0.996094,40.94661,20.44441,40.24075,0.983718,-0.172499,0.05044,1,0.996094,40.94322,20.4474,40.17359,0.979313,-0.173642,0.103903,40.94492,20.44591,40.20717,0.992298,0.115394,-0.045039
"meditation_experiment_20260516_002946_263",1778884326381,140118,5411,1,0.996094,40.9467,20.44034,40.25486,0.988676,-0.144886,0.039081,1,0.996094,40.9423,20.44358,40.18777,0.984884,-0.146413,0.09256,40.9445,20.44196,40.22131,0.988621,0.138677,-0.058292
"meditation_experiment_20260516_002946_263",1778884326493,140230,5415,1,0.996094,40.94459,20.43773,40.26408,0.993407,-0.110761,-0.029568,1,0.996094,40.93765,20.44083,40.1972,0.993343,-0.112617,0.024247,40.94112,20.43928,40.23064,0.982442,0.160851,-0.094521
"meditation_experiment_20260516_002946_263",1778884326603,140340,5419,1,0.996094,40.93826,20.43513,40.27092,0.976582,0.111464,-0.184021,1,0.996094,40.92957,20.43881,40.20427,0.985443,0.108712,-0.130709,40.93391,20.43697,40.2376,0.97746,0.175321,-0.117621
"meditation_experiment_20260516_002946_263",1778884326715,140452,5423,1,0.996094,40.93084,20.43347,40.27512,0.986362,0.087102,-0.139651,1,0.996094,40.92186,20.43668,40.20848,0.992715,0.084441,-0.085952,40.92635,20.43507,40.24181,0.974349,0.189002,-0.122158
"meditation_experiment_20260516_002946_263",1778884326827,140564,5427,1,0.996094,40.92632,20.43587,40.2673,0.984695,0.096956,-0.144833,1,0.996094,40.91646,20.43926,40.20079,0.991377,0.094109,-0.09119,40.92139,20.43756,40.23404,0.967856,0.213739,-0.132558
"meditation_experiment_20260516_002946_263",1778884326939,140676,5431,1,0.996094,40.92848,20.44207,40.24268,0.97767,0.107021,-0.180855,1,0.996094,40.91672,20.44376,40.17642,0.986216,0.105566,-0.127415,40.9226,20.44291,40.20955,0.956655,0.240878,-0.163673
"meditation_experiment_20260516_002946_263",1778884327050,140787,5435,1,0.996094,40.9369,20.44619,40.21075,0.947907,0.165387,-0.27225,1,0.996094,40.92418,20.44497,40.14465,0.961149,0.166892,-0.219864,40.93054,20.44558,40.1777,0.945379,0.266986,-0.187019
"meditation_experiment_20260516_002946_263",1778884327161,140898,5439,1,0.996094,40.94942,20.44786,40.17761,0.950934,0.165583,-0.261355,1,0.996094,40.9359,20.44573,40.1117,0.963502,0.167586,-0.208754,40.94267,20.44679,40.14465,0.934282,0.294335,-0.201208
"meditation_experiment_20260516_002946_263",1778884327272,141009,5443,1,0.996094,40.96264,20.44707,40.15195,0.960124,0.157911,-0.230708,1,0.996094,40.94947,20.44356,40.08603,0.970863,0.16076,-0.177713,40.95606,20.44532,40.11899,0.931298,0.303024,-0.202142
"meditation_experiment_20260516_002946_263",1778884327384,141121,5447,1,0.996094,40.97333,20.44731,40.13591,0.964666,0.14969,-0.216826,1,0.996094,40.96122,20.44305,40.06984,0.974552,0.153133,-0.163701,40.96727,20.44518,40.10287,0.933925,0.302415,-0.190603
"meditation_experiment_20260516_002946_263",1778884327495,141232,5451,1,0.996094,40.97943,20.44587,40.12618,0.962,0.13536,-0.237136,1,0.996094,40.96693,20.44206,40.06015,0.973065,0.138563,-0.184239,40.97318,20.44396,40.09317,0.933715,0.300849,-0.194078
"meditation_experiment_20260516_002946_263",1778884327607,141344,5455,1,0.996094,40.98396,20.44202,40.12324,0.964196,0.156161,-0.214337,1,0.996094,40.97103,20.43888,40.05725,0.9741,0.158604,-0.161162,40.9775,20.44045,40.09024,0.935714,0.292401,-0.197338
"meditation_experiment_20260516_002946_263",1778884327718,141455,5459,1,0.996094,40.99013,20.43752,40.12338,0.961947,0.208838,-0.176195,1,0.996094,40.97638,20.43516,40.05753,0.969949,0.210077,-0.12275,40.98326,20.43634,40.09045,0.931805,0.299357,-0.205245
"meditation_experiment_20260516_002946_263",1778884327830,141567,5463,1,0.996094,40.99908,20.43186,40.12586,0.962641,0.210463,-0.170376,1,0.996094,40.98457,20.42977,40.06016,0.970401,0.211293,-0.116948,40.99182,20.43081,40.09301,0.930074,0.297958,-0.214905
"meditation_experiment_20260516_002946_263",1778884327941,141678,5467,1,0.996094,41.0094,20.42657,40.12892,0.966246,0.196073,-0.167105,1,0.996094,40.99476,20.42397,40.06327,0.973732,0.197293,-0.113674,41.00208,20.42527,40.09609,0.936438,0.273617,-0.219584
"meditation_experiment_20260516_002946_263",1778884328052,141789,5471,1,0.996094,41.01707,20.42472,40.12874,0.961507,0.18195,-0.205909,1,0.996094,41.00045,20.42134,40.06359,0.970992,0.183933,-0.152788,41.00876,20.42303,40.09616,0.935073,0.249703,-0.251569
"meditation_experiment_20260516_002946_263",1778884328164,141901,5475,1,0.996094,41.021,20.42465,40.1294,0.942841,0.181677,-0.279362,1,0.996094,41.00412,20.42167,40.0643,0.956342,0.184093,-0.226981,41.01256,20.42316,40.09685,0.932441,0.257463,-0.25351
"meditation_experiment_20260516_002946_263",1778884328275,142012,5479,1,0.996094,41.02331,20.4241,40.12812,0.949135,0.174973,-0.26178,1,0.996094,41.00633,20.421,40.06305,0.96168,0.177256,-0.209169,41.01482,20.42255,40.09559,0.932467,0.255446,-0.255448
"meditation_experiment_20260516_002946_263",1778884328386,142123,5483,1,0.996094,41.02624,20.4241,40.12688,0.943431,0.192653,-0.269858,1,0.996094,41.00828,20.42119,40.06208,0.956473,0.19471,-0.217367,41.01726,20.42265,40.09448,0.92419,0.271824,-0.268299
"meditation_experiment_20260516_002946_263",1778884328498,142235,5487,1,0.996094,41.0281,20.42506,40.1277,0.944724,0.204509,-0.256267,1,0.996094,41.01039,20.42261,40.06281,0.957115,0.206085,-0.203617,41.01925,20.42383,40.09526,0.91942,0.293267,-0.262035
"meditation_experiment_20260516_002946_263",1778884328609,142346,5491,1,0.996094,41.02911,20.42401,40.12961,0.951515,0.160057,-0.262681,1,0.996094,41.01159,20.42134,40.06467,0.964173,0.161962,-0.210091,41.02036,20.42267,40.09714,0.925407,0.274785,-0.260987
"meditation_experiment_20260516_002946_263",1778884328721,142458,5495,1,0.996094,41.02998,20.42477,40.13107,0.967084,0.185086,-0.174622,1,0.996094,41.01279,20.42222,40.06603,0.975018,0.186009,-0.121412,41.02138,20.4235,40.09855,0.922257,0.290443,-0.255118
"meditation_experiment_20260516_002946_263",1778884328832,142569,5499,1,0.996094,41.0293,20.42513,40.13198,0.964019,0.199311,-0.175909,1,0.996094,41.01244,20.4223,40.06687,0.971997,0.200432,-0.122676,41.02087,20.42372,40.09942,0.920731,0.298436,-0.251379
"meditation_experiment_20260516_002946_263",1778884328944,142681,5503,1,0.996094,41.03146,20.42008,40.13035,0.958563,0.070438,-0.276038,1,0.996094,41.01384,20.4168,40.06546,0.971934,0.073015,-0.223637,41.02265,20.41844,40.09791,0.931154,0.249996,-0.265433
"meditation_experiment_20260516_002946_263",1778884329055,142792,5507,1,0.996094,41.03206,20.41642,40.12704,0.898799,-0.112432,-0.423698,1,0.996094,41.01286,20.4115,40.06271,0.920659,-0.109257,-0.374766,41.02246,20.41396,40.09488,0.932407,0.209682,-0.294364
"meditation_experiment_20260516_002946_263",1778884329167,142904,5511,1,0.996094,41.02999,20.41119,40.12117,0.811038,-0.287678,-0.509373,1,0.996094,41.00774,20.40504,40.05793,0.838356,-0.286006,-0.464069,41.01886,20.40812,40.08955,0.929096,0.143575,-0.340834
"meditation_experiment_20260516_002946_263",1778884329278,143015,5515,1,0.996094,41.0284,20.40901,40.11536,0.802598,-0.33074,-0.496436,1,0.996094,41.00276,20.40185,40.05353,0.830259,-0.327817,-0.450784,41.01558,20.40543,40.08444,0.913287,0.111459,-0.39177
"meditation_experiment_20260516_002946_263",1778884329389,143126,5519,1,0.996094,41.02731,20.4062,40.11375,0.758342,-0.450376,-0.471251,1,0.996094,40.99981,20.39949,40.05268,0.786155,-0.448295,-0.425431,41.01356,20.40285,40.08321,0.905943,0.07727,-0.416289
"meditation_experiment_20260516_002946_263",1778884329501,143238,5523,1,0.996094,41.02614,20.40327,40.11692,0.779082,-0.447579,-0.438982,1,0.996094,40.99963,20.39808,40.05527,0.804825,-0.445898,-0.391704,41.01288,20.40068,40.08609,0.915301,0.058758,-0.398461
"meditation_experiment_20260516_002946_263",1778884329612,143349,5527,1,0.996094,41.02509,20.40307,40.11974,0.833692,-0.500981,-0.232326,1,0.996094,40.99989,20.39795,40.05752,0.85003,-0.494543,-0.181318,41.01249,20.40051,40.08863,0.923366,0.061529,-0.378957
"meditation_experiment_20260516_002946_263",1778884329723,143460,5531,1,0.996094,41.02418,20.40332,40.12197,0.838271,-0.492409,-0.234171,1,0.996094,41.00004,20.3985,40.05932,0.854285,-0.486551,-0.182937,41.01211,20.40091,40.09064,0.929234,0.06733,-0.363306
"meditation_experiment_20260516_002946_263",1778884329835,143572,5535,1,0.996094,41.02258,20.40374,40.12285,0.838911,-0.489523,-0.237899,1,0.996094,40.99872,20.39893,40.06009,0.855005,-0.483874,-0.18664,41.01065,20.40133,40.09146,0.930106,0.075472,-0.359454
"meditation_experiment_20260516_002946_263",1778884329946,143683,5539,1,0.996094,41.02103,20.40459,40.1239,0.845628,-0.478769,-0.235994,1,0.996094,40.9976,20.39994,40.06096,0.861347,-0.473292,-0.184599,41.00932,20.40227,40.09243,0.931649,0.085922,-0.353056
"meditation_experiment_20260516_002946_263",1778884330057,143794,5543,1,0.996094,41.01942,20.40548,40.12494,0.841801,-0.480326,-0.24629,1,0.996094,40.99636,20.40087,40.06187,0.85797,-0.475275,-0.194939,41.00789,20.40317,40.0934,0.932662,0.09491,-0.348044
"meditation_experiment_20260516_002946_263",1778884330168,143905,5547,1,0.996094,41.01825,20.4061,40.12621,0.844157,-0.472045,-0.254111,1,0.996094,40.99537,20.40159,40.06306,0.860534,-0.467294,-0.202775,41.00681,20.40385,40.09464,0.932988,0.1012,-0.345386
"meditation_experiment_20260516_002946_263",1778884330280,144017,5551,1,0.996094,41.01743,20.40637,40.12775,0.848308,-0.455795,-0.269492,1,0.996094,40.99479,20.40257,40.06447,0.864973,-0.451922,-0.218152,41.00611,20.40447,40.09612,0.934133,0.106528,-0.340658
"meditation_experiment_20260516_002946_263",1778884330392,144129,5555,1,0.996094,41.01621,20.40662,40.12854,0.843999,-0.463682,-0.269563,1,0.996094,40.99374,20.40286,40.06519,0.860726,-0.459923,-0.218226,41.00498,20.40474,40.09686,0.934633,0.110354,-0.338058
"meditation_experiment_20260516_002946_263",1778884330503,144240,5559,1,0.996094,41.01492,20.40733,40.1291,0.850485,-0.452015,-0.268996,1,0.996094,40.99269,20.40346,40.06567,0.867039,-0.448209,-0.217606,41.00381,20.40539,40.09739,0.935261,0.115046,-0.334741
"meditation_experiment_20260516_002946_263",1778884330614,144351,5563,1,0.996094,41.01406,20.40744,40.12909,0.856443,-0.445976,-0.260021,1,0.996094,40.99179,20.40364,40.06567,0.872471,-0.441952,-0.208503,41.00293,20.40554,40.09738,0.934691,0.118104,-0.335268
"meditation_experiment_20260516_002946_263",1778884330726,144463,5567,1,0.996094,41.01343,20.40778,40.12904,0.855621,-0.446475,-0.261864,1,0.996094,40.99105,20.404,40.06566,0.871756,-0.442474,-0.210377,41.00224,20.40589,40.09735,0.934192,0.11757,-0.336842
"meditation_experiment_20260516_002946_263",1778884330837,144574,5571,1,0.996094,41.01232,20.40841,40.12911,0.855856,-0.444997,-0.263605,1,0.996094,40.98989,20.4046,40.06576,0.872075,-0.440999,-0.212143,41.0011,20.4065,40.09743,0.933291,0.121892,-0.337802
"meditation_experiment_20260516_002946_263",1778884330949,144686,5575,1,0.996094,41.01103,20.40871,40.12968,0.855168,-0.443298,-0.268654,1,0.996094,40.98857,20.40504,40.06632,0.87158,-0.439499,-0.21723,40.9998,20.40687,40.098,0.932757,0.125577,-0.337927
"meditation_experiment_20260516_002946_263",1778884331065,144802,5579,1,0.996094,41.00991,20.40946,40.13029,0.853442,-0.440246,-0.278964,1,0.996094,40.9874,20.406,40.06694,0.870273,-0.436816,-0.227636,40.99866,20.40773,40.09861,0.931736,0.131863,-0.33835
"meditation_experiment_20260516_002946_263",1778884331174,144911,5583,1,0.996094,41.00949,20.40972,40.1309,0.856234,-0.438794,-0.272623,1,0.996094,40.987,20.40628,40.06754,0.872723,-0.435228,-0.221205,40.99825,20.408,40.09922,0.931633,0.133838,-0.337858
"meditation_experiment_20260516_002946_263",1778884331286,145023,5587,1,0.996094,41.00931,20.40965,40.13175,0.858999,-0.436175,-0.268091,1,0.996094,40.987,20.40632,40.06833,0.87518,-0.43261,-0.216582,40.99815,20.40799,40.10004,0.932426,0.135435,-0.335022
"meditation_experiment_20260516_002946_263",1778884331395,145132,5590,1,0.996094,41.00956,20.40953,40.13206,0.85859,-0.431714,-0.27649,1,0.996094,40.98722,20.40627,40.06864,0.875122,-0.428378,-0.225063,40.99839,20.4079,40.10035,0.932059,0.136946,-0.335428
"meditation_experiment_20260516_002946_263",1778884331505,145242,5594,1,0.996094,41.01013,20.40948,40.1326,0.857345,-0.434713,-0.275653,1,0.996094,40.98786,20.40629,40.06915,0.87384,-0.431432,-0.224211,40.99899,20.40789,40.10088,0.932499,0.13703,-0.334168
"meditation_experiment_20260516_002946_263",1778884331617,145354,5598,1,0.996094,41.01054,20.40973,40.13305,0.858114,-0.435412,-0.272133,1,0.996094,40.9884,20.40664,40.06956,0.874393,-0.43216,-0.220624,40.99947,20.40819,40.10131,0.933058,0.138339,-0.332064
"meditation_experiment_20260516_002946_263",1778884331728,145465,5602,1,0.996094,41.01104,20.40943,40.13311,0.857646,-0.435384,-0.27365,1,0.996094,40.989,20.40639,40.06958,0.87397,-0.432237,-0.222143,41.00002,20.40791,40.10134,0.933482,0.139527,-0.33037
"meditation_experiment_20260516_002946_263",1778884331840,145577,5606,1,0.996094,41.01154,20.40924,40.1329,0.904833,-0.335699,-0.261886,1,0.996094,40.98955,20.40627,40.06935,0.919533,-0.33221,-0.209993,41.00054,20.40775,40.10113,0.933835,0.13892,-0.329626
"meditation_experiment_20260516_002946_263",1778884331951,145688,5610,1,0.996094,41.01197,20.40914,40.13288,0.945874,-0.17725,-0.271855,1,0.996094,40.99001,20.40616,40.06932,0.959875,-0.174175,-0.219782,41.00099,20.40765,40.1011,0.933891,0.139417,-0.329257
"meditation_experiment_20260516_002946_263",1778884332062,145799,5614,1,0.996094,41.01252,20.40895,40.13308,0.947366,-0.17216,-0.269925,1,0.996094,40.99063,20.40599,40.06948,0.961228,-0.169105,-0.21782,41.00158,20.40747,40.10128,0.934212,0.139986,-0.328105
"meditation_experiment_20260516_002946_263",1778884332174,145911,5618,1,0.996094,41.01282,20.40887,40.13355,0.950293,-0.177313,-0.255939,1,0.996094,40.99115,20.40599,40.06989,0.963413,-0.174202,-0.203692,41.00198,20.40743,40.10172,0.935317,0.140269,-0.32482
"meditation_experiment_20260516_002946_263",1778884332285,146022,5622,1,0.996094,41.01264,20.40931,40.13372,0.950785,-0.165881,-0.261711,1,0.996094,40.99101,20.40647,40.07004,0.964146,-0.162897,-0.209493,41.00183,20.40789,40.10188,0.935386,0.141829,-0.323941
"meditation_experiment_20260516_002946_263",1778884332397,146134,5626,1,0.996094,41.0123,20.40959,40.13381,0.966485,-0.06821,-0.247495,1,0.996094,40.99066,20.40679,40.07013,0.978595,-0.065593,-0.195065,41.00148,20.40819,40.10197,0.935043,0.143882,-0.324026
"meditation_experiment_20260516_002946_263",1778884332508,146245,5630,1,0.996094,41.01207,20.4098,40.13377,0.968646,-0.071164,-0.238038,1,0.996094,40.99051,20.40695,40.07007,0.980248,-0.068461,-0.185547,41.00129,20.40837,40.10192,0.934967,0.146616,-0.323019
"meditation_experiment_20260516_002946_263",1778884332620,146357,5634,1,0.996094,41.01197,20.40971,40.1337,0.967578,-0.072596,-0.241915,1,0.996094,40.99039,20.40691,40.07,0.979397,-0.069941,-0.189448,41.00118,20.40831,40.10185,0.934718,0.147888,-0.323158
"meditation_experiment_20260516_002946_263",1778884332730,146467,5638,1,0.996094,41.01194,20.40991,40.13399,0.969436,-0.065933,-0.236322,1,0.996094,40.99049,20.40717,40.07024,0.98092,-0.063343,-0.183802,41.00121,20.40854,40.10211,0.935216,0.14933,-0.321047
"meditation_experiment_20260516_002946_263",1778884332842,146579,5642,1,0.996094,41.01207,20.41006,40.13418,0.968165,-0.068356,-0.240799,1,0.996094,40.99072,20.40736,40.0704,0.979905,-0.065812,-0.188296,41.0014,20.40871,40.10229,0.9355,0.150923,-0.319471
"meditation_experiment_20260516_002946_263",1778884332953,146690,5646,1,0.996094,41.01273,20.41063,40.1343,0.969504,-0.064337,-0.236482,1,0.996094,40.99144,20.40802,40.07048,0.980988,-0.061874,-0.18394,41.00209,20.40933,40.10239,0.935538,0.153231,-0.318258
"meditation_experiment_20260516_002946_263",1778884333065,146802,5650,1,0.996094,41.01506,20.41248,40.13425,0.960315,0.046392,-0.275033,1,0.996094,40.99405,20.40999,40.07035,0.973689,0.048221,-0.222722,41.00455,20.41124,40.1023,0.936274,0.157623,-0.313922
"meditation_experiment_20260516_002946_263",1778884333176,146913,5654,1,0.996094,41.01985,20.42001,40.13481,0.963406,0.024481,-0.266925,1,0.996094,40.99975,20.41736,40.07061,0.976365,0.026531,-0.214497,41.0098,20.41869,40.10271,0.940132,0.159866,-0.300988
"meditation_experiment_20260516_002946_263",1778884333287,147024,5658,1,0.996094,41.03366,20.4488,40.13527,0.966817,0.06802,-0.246248,1,0.996094,41.01613,20.44574,40.07035,0.978577,0.070321,-0.193499,41.02489,20.44728,40.10281,0.947343,0.180733,-0.264345
"meditation_experiment_20260516_002946_263",1778884333398,147135,5662,1,0.996094,41.06111,20.50402,40.13125,0.980214,0.167613,-0.105294,1,0.996094,41.04663,20.49949,40.06566,0.98409,0.169919,-0.051917,41.05387,20.50176,40.09845,0.948314,0.22406,-0.224718
"meditation_experiment_20260516_002946_263",1778884333510,147247,5666,1,0.996094,41.09615,20.56237,40.12248,0.984787,0.149895,-0.087906,1,0.996094,41.08384,20.55631,40.05658,0.987522,0.153669,-0.03445,41.09,20.55934,40.08953,0.947116,0.250987,-0.199943
"meditation_experiment_20260516_002946_263",1778884333621,147358,5670,1,0.996094,41.12355,20.62044,40.11688,0.99171,0.104706,-0.074495,1,0.996094,41.11294,20.61489,40.05064,0.993878,0.108491,-0.020906,41.11824,20.61766,40.08376,0.956372,0.235484,-0.172914
"meditation_experiment_20260516_002946_263",1778884333733,147470,5674,1,0.996094,41.13749,20.68692,40.1115,0.986176,-0.041879,0.160325,1,0.996094,41.12806,20.68249,40.04499,0.976843,-0.037635,0.210623,41.13277,20.68471,40.07825,0.96721,0.204347,-0.150826
"meditation_experiment_20260516_002946_263",1778884333844,147581,5678,1,0.996094,41.13988,20.75793,40.10772,0.990453,-0.02749,0.135083,1,0.996094,41.13147,20.75477,40.041,0.982187,-0.02455,0.186297,41.13568,20.75635,40.07436,0.972636,0.191404,-0.131698
"meditation_experiment_20260516_002946_263",1778884333955,147692,5682,1,0.996094,41.13221,20.83607,40.10354,0.988756,-0.024581,0.147502,1,0.996094,41.1256,20.83516,40.03655,0.979746,-0.023497,0.198862,41.1289,20.83562,40.07005,0.97779,0.184723,-0.099013
"meditation_experiment_20260516_002946_263",1778884334066,147803,5686,1,0.996094,41.11874,20.9157,40.09983,0.986269,-0.021493,0.16374,1,0.996094,41.11464,20.9175,40.03266,0.976306,-0.022642,0.215208,41.11669,20.9166,40.06625,0.981837,0.181571,-0.055035
"meditation_experiment_20260516_002946_263",1778884334178,147915,5690,1,0.996094,41.10423,20.9867,40.10074,0.984934,-0.033268,0.169703,1,0.996094,41.10295,20.98895,40.03347,0.974537,-0.034676,0.22153,41.10359,20.98783,40.06711,0.986624,0.162469,-0.013302
"meditation_experiment_20260516_002946_263",1778884334289,148026,5694,1,0.996094,41.10084,21.03975,40.11081,0.981165,-0.02157,0.191964,1,0.996094,41.1025,21.04206,40.04356,0.969556,-0.023196,0.243769,41.10167,21.0409,40.07719,0.987058,0.157562,0.029852
"meditation_experiment_20260516_002946_263",1778884334401,148138,5698,1,0.996094,41.1124,21.0627,40.13046,0.966391,0.037645,0.254307,1,0.996094,41.11598,21.06575,40.0633,0.951751,0.034753,0.304896,41.11419,21.06423,40.09688,0.980239,0.188219,0.060875
"meditation_experiment_20260516_002946_263",1778884334512,148249,5702,1,0.996094,41.13899,21.07446,40.15704,0.968657,0.058963,0.241303,1,0.996094,41.14404,21.07744,40.08997,0.954633,0.05597,0.292479,41.14152,21.07595,40.1235,0.97349,0.213237,0.082747
"meditation_experiment_20260516_002946_263",1778884334624,148361,5706,1,0.996094,41.17617,21.08977,40.18347,0.973643,0.050944,0.222315,1,0.996094,41.18117,21.09176,40.11637,0.960502,0.048889,0.273946,41.17867,21.09076,40.14992,0.974469,0.210227,0.078831
"meditation_experiment_20260516_002946_263",1778884334735,148472,5710,1,0.996094,41.21524,21.1044,40.20196,0.980781,0.029045,0.192937,1,0.996094,41.21886,21.10655,40.13478,0.969141,0.027067,0.245017,41.21705,21.10547,40.16837,0.979893,0.190661,0.058815
"meditation_experiment_20260516_002946_263",1778884334846,148583,5714,1,0.996094,41.25253,21.10876,40.21074,0.987447,-0.005546,-0.157853,1,0.996094,41.25366,21.11063,40.14346,0.99447,-0.007099,-0.104784,41.25309,21.10969,40.1771,0.983363,0.180378,0.021457
"meditation_experiment_20260516_002946_263",1778884334957,148694,5718,1,0.996094,41.28506,21.1109,40.21405,0.986284,-0.018414,-0.164028,1,0.996094,41.28472,21.11245,40.14676,0.993636,-0.019804,-0.11088,41.28489,21.11168,40.1804,0.985621,0.168971,-0.001006
"meditation_experiment_20260516_002946_263",1778884335070,148807,5722,1,0.996094,41.31426,21.109,40.21233,0.993389,-0.014421,-0.113885,1,0.996094,41.31365,21.10976,40.14502,0.998078,-0.015098,-0.06011,41.31396,21.10938,40.17868,0.987328,0.158528,-0.007212
"meditation_experiment_20260516_002946_263",1778884335180,148917,5726,1,0.996094,41.34161,21.10473,40.20678,0.995753,-0.012946,-0.091157,1,0.996094,41.3419,21.10485,40.13946,0.999221,-0.013091,-0.03725,41.34175,21.10479,40.17312,0.989842,0.142093,0.004632
"meditation_experiment_20260516_002946_263",1778884335292,149029,5730,1,0.996094,41.37062,21.10088,40.19826,0.996917,0.003104,-0.078399,1,0.996094,41.37263,21.10055,40.13097,0.999694,0.003387,-0.024503,41.37163,21.10072,40.16462,0.989422,0.142188,0.028761
"meditation_experiment_20260516_002946_263",1778884335403,149140,5734,1,0.996094,41.40052,21.09726,40.19313,0.99683,0.047444,0.063874,1,0.996094,41.40694,21.09867,40.12614,0.991958,0.046322,0.117789,41.40373,21.09797,40.15963,0.978687,0.180735,0.097507
"meditation_experiment_20260516_002946_263",1778884335515,149252,5738,1,0.996094,41.41391,21.08701,40.19043,0.987359,-0.006578,0.158363,1,0.996094,41.42439,21.08883,40.12396,0.977339,-0.008033,0.211531,41.41915,21.08792,40.1572,0.963145,0.217903,0.157705
"meditation_experiment_20260516_002946_263",1778884335626,149363,5742,1,0.996094,41.39649,21.07621,40.18989,0.983579,-0.125635,0.129572,1,0.996094,41.40889,21.07769,40.12374,0.97488,-0.126991,0.182983,41.40269,21.07695,40.15681,0.973671,0.132512,0.185487
"meditation_experiment_20260516_002946_263",1778884335737,149474,5746,1,0.996094,41.36419,21.06732,40.19876,0.992601,-0.105174,0.060676,1,0.996094,41.37484,21.06779,40.13229,0.987761,-0.105949,0.114469,41.36952,21.06755,40.16553,0.979761,0.123074,0.157865
"meditation_experiment_20260516_002946_263",1778884335849,149586,5750,1,0.996094,41.33555,21.06174,40.2079,0.997558,-0.06336,0.029377,1,0.996094,41.3436,21.06449,40.14113,0.994353,-0.065783,0.083275,41.33958,21.06311,40.17451,0.985776,0.11395,0.123539
"meditation_experiment_20260516_002946_263",1778884335960,149697,5754,1,0.996094,41.3126,21.06343,40.21215,0.990912,-0.099893,-0.090083,1,0.996094,41.31608,21.06624,40.14498,0.99404,-0.102752,-0.036434,41.31434,21.06483,40.17856,0.995739,0.074196,0.054762
"meditation_experiment_20260516_002946_263",1778884336071,149808,5758,1,0.996094,41.29296,21.05954,40.21413,0.967319,-0.090899,-0.23671,1,0.996094,41.29197,21.06174,40.14686,0.978305,-0.09363,-0.184805,41.29246,21.06064,40.1805,0.998062,0.060919,-0.012696
"meditation_experiment_20260516_002946_263",1778884336182,149919,5762,1,0.996094,41.2804,21.05151,40.21335,0.981298,-0.081583,-0.174354,1,0.996094,41.27715,21.05417,40.14617,0.989068,-0.08416,-0.121085,41.27877,21.05284,40.17976,0.996824,0.065226,-0.045695
"meditation_experiment_20260516_002946_263",1778884336294,150031,5766,1,0.996094,41.2802,21.04423,40.20617,0.98623,-0.066336,-0.151496,1,0.996094,41.2759,21.04848,40.13913,0.992729,-0.069963,-0.097951,41.27805,21.04635,40.17265,0.995526,0.073694,-0.059138
"meditation_experiment_20260516_002946_263",1778884336405,150142,5770,1,0.996094,41.29573,21.03674,40.18769,0.970665,-0.028912,-0.238691,1,0.996094,41.28977,21.04325,40.12096,0.981872,-0.034358,-0.186408,41.29275,21.03999,40.15433,0.992013,0.098306,-0.079037
"meditation_experiment_20260516_002946_263",1778884336517,150254,5774,1,0.996094,41.32034,21.02745,40.15705,0.906663,-0.045104,-0.419438,1,0.996094,41.31188,21.03594,40.09081,0.926779,-0.052641,-0.371901,41.31611,21.0317,40.12393,0.989171,0.09183,-0.114491
"meditation_experiment_20260516_002946_263",1778884336629,150366,5778,1,0.996094,41.34858,21.01328,40.11829,0.910689,-0.044671,-0.41067,1,0.996094,41.33902,21.02167,40.05219,0.930495,-0.052057,-0.362587,41.3438,21.01747,40.08524,0.986149,0.103724,-0.129426
"meditation_experiment_20260516_002946_263",1778884336740,150477,5782,1,0.996094,41.37744,20.99347,40.07502,0.919326,-0.024133,-0.392757,1,0.996094,41.36746,21.00141,40.00892,0.938465,-0.030849,-0.343996,41.37245,20.99744,40.04197,0.981911,0.135726,-0.132022
"meditation_experiment_20260516_002946_263",1778884336851,150588,5786,1,0.996094,41.39713,20.96355,40.02452,0.974061,0.060985,-0.217913,1,0.996094,41.38935,20.97279,39.9583,0.984739,0.053814,-0.16551,41.39325,20.96817,39.99141,0.981848,0.165785,-0.092149
"meditation_experiment_20260516_002946_263",1778884336963,150700,5790,1,0.996094,41.40845,20.92571,39.96266,0.978704,0.084003,-0.187305,1,0.996094,41.40362,20.93547,39.89623,0.987917,0.076587,-0.134744,41.40603,20.93059,39.92944,0.978615,0.201459,-0.041562
"meditation_experiment_20260516_002946_263",1778884337075,150812,5794,1,0.996094,41.40885,20.89739,39.89807,0.982632,0.087294,-0.16375,1,0.996094,41.40813,20.90589,39.8313,0.990501,0.081082,-0.111054,41.40849,20.90164,39.86469,0.974365,0.224245,0.018095
"meditation_experiment_20260516_002946_263",1778884337186,150923,5798,1,0.996094,41.39645,20.88738,39.83738,0.966444,0.111574,0.231382,1,0.996094,41.40147,20.89209,39.77041,0.953225,0.106742,0.282786,41.39896,20.88974,39.80389,0.970642,0.22367,0.088462
"meditation_experiment_20260516_002946_263",1778884337297,151034,5802,1,0.996094,41.37539,20.88378,39.78912,0.953599,0.074196,0.291795,1,0.996094,41.38803,20.88659,39.72306,0.936733,0.071419,0.342683,41.38171,20.88518,39.75609,0.965081,0.178005,0.192179
"meditation_experiment_20260516_002946_263",1778884337408,151145,5806,1,0.996094,41.35018,20.87228,39.75691,0.810874,-0.047879,0.583259,1,0.996094,41.37332,20.87523,39.69376,0.779541,-0.049476,0.624394,41.36175,20.87375,39.72533,0.937565,0.040726,0.345417
"meditation_experiment_20260516_002946_263",1778884337520,151257,5810,1,0.996094,41.32775,20.85909,39.74572,0.653839,-0.255988,0.712015,1,0.996094,41.35983,20.85952,39.68654,0.616337,-0.251658,0.746188,41.34379,20.8593,39.71613,0.876954,-0.07481,0.474716
"meditation_experiment_20260516_002946_263",1778884337632,151369,5814,1,0.996094,41.3129,20.84948,39.75448,0.577792,-0.329726,0.746617,1,0.996094,41.35011,20.84853,39.69839,0.538115,-0.323264,0.778417,41.3315,20.849,39.72644,0.829182,-0.090109,0.551668
"meditation_experiment_20260516_002946_263",1778884337744,151481,5818,1,0.996094,41.30595,20.84209,39.77696,0.665236,-0.346305,0.661464,1,0.996094,41.34492,20.84076,39.72209,0.627811,-0.341999,0.699207,41.32544,20.84143,39.74953,0.808115,-0.119057,0.576867
"meditation_experiment_20260516_002946_263",1778884337855,151592,5822,1,0.996094,41.30587,20.82832,39.80655,0.624544,-0.467939,0.625282,1,0.996094,41.34444,20.82731,39.75138,0.587814,-0.46274,0.663586,41.32515,20.82782,39.77896,0.812004,-0.125478,0.570005
"meditation_experiment_20260516_002946_263",1778884337967,151704,5826,1,0.996094,41.31885,20.808,39.84435,0.643956,-0.478792,0.596724,1,0.996094,41.35595,20.80644,39.78821,0.608747,-0.473455,0.636607,41.3374,20.80722,39.81628,0.824795,-0.135762,0.548892
"meditation_experiment_20260516_002946_263",1778884338078,151815,5830,1,0.996094,41.33885,20.78822,39.87694,0.63395,-0.543466,0.550229,1,0.996094,41.37324,20.78877,39.81908,0.600277,-0.538638,0.591217,41.35604,20.7885,39.84801,0.840586,-0.214192,0.497531
"meditation_experiment_20260516_002946_263",1778884338189,151926,5834,1,0.996094,41.36353,20.77778,39.89905,0.831134,-0.467327,0.301367,1,0.996094,41.39449,20.78291,39.8395,0.808588,-0.472801,0.350207,41.37901,20.78035,39.86927,0.875897,-0.202703,0.437854
"meditation_experiment_20260516_002946_263",1778884338300,152037,5838,1,0.996094,41.38539,20.77065,39.91679,0.838466,-0.437989,0.324253,1,0.996094,41.41206,20.77719,39.85534,0.815515,-0.442451,0.373058,41.39873,20.77392,39.88607,0.906066,-0.202127,0.371739
"meditation_experiment_20260516_002946_263",1778884338412,152149,5842,1,0.996094,41.40319,20.75816,39.9323,0.893243,-0.348156,0.284436,1,0.996094,41.42797,20.76476,39.87006,0.873533,-0.35355,0.334578,41.41558,20.76146,39.90118,0.91574,-0.210313,0.342329
"meditation_experiment_20260516_002946_263",1778884338523,152260,5846,1,0.996094,41.4122,20.74472,39.9417,0.86595,-0.397861,0.303047,1,0.996094,41.43619,20.75044,39.87907,0.845067,-0.40172,0.352821,41.42419,20.74758,39.91038,0.909316,-0.260441,0.324522
"meditation_experiment_20260516_002946_263",1778884338635,152372,5850,1,0.996094,41.41819,20.73669,39.94806,0.873523,-0.364802,0.3223,1,0.996094,41.44263,20.7423,39.88559,0.852023,-0.368532,0.371809,41.43041,20.73949,39.91682,0.905805,-0.264993,0.330601
"meditation_experiment_20260516_002946_263",1778884338746,152483,5854,1,0.996094,41.42273,20.73063,39.95151,0.872029,-0.371983,0.318111,1,0.996094,41.44733,20.73675,39.88915,0.85052,-0.376159,0.367587,41.43503,20.73369,39.92033,0.90121,-0.283673,0.327644
"meditation_experiment_20260516_002946_263",1778884338857,152594,5858,1,0.996094,41.42732,20.72572,39.95289,0.876641,-0.364467,0.314111,1,0.996094,41.45174,20.73231,39.89051,0.85532,-0.369052,0.363633,41.43953,20.72902,39.9217,0.900908,-0.291164,0.321851
"meditation_experiment_20260516_002946_263",1778884338969,152706,5862,1,0.996094,41.42998,20.72181,39.95267,0.879805,-0.357478,0.313293,1,0.996094,41.45395,20.7288,39.89015,0.858556,-0.362285,0.362811,41.44196,20.72531,39.92141,0.901567,-0.299665,0.312054
"meditation_experiment_20260516_002946_263",1778884339081,152818,5866,1,0.996094,41.43069,20.72116,39.95426,0.877167,-0.347251,0.331656,1,0.996094,41.45615,20.72576,39.89211,0.855505,-0.350472,0.381157,41.44342,20.72346,39.92318,0.8888,-0.305756,0.341391
"meditation_experiment_20260516_002946_263",1778884339192,152929,5870,1,0.996094,41.43466,20.71844,39.9521,0.879184,-0.361698,0.310178,1,0.996094,41.45876,20.7233,39.88943,0.85852,-0.365072,0.360091,41.4467,20.72087,39.92076,0.894187,-0.313658,0.319452
"meditation_experiment_20260516_002946_263",1778884339303,153040,5874,1,0.996094,41.43641,20.71625,39.95195,0.87957,-0.351864,0.320232,1,0.996094,41.46039,20.72166,39.88928,0.858386,-0.355471,0.369885,41.4484,20.71896,39.92061,0.894689,-0.316701,0.315013
"meditation_experiment_20260516_002946_263",1778884339415,153152,5878,1,0.996094,41.4378,20.71467,39.95004,0.882251,-0.362546,0.300323,1,0.996094,41.46139,20.72045,39.88725,0.861901,-0.36662,0.35031,41.44959,20.71756,39.91864,0.895199,-0.323435,0.30661
"meditation_experiment_20260516_002946_263",1778884339526,153263,5882,1,0.996094,41.43915,20.71219,39.94938,0.881248,-0.363551,0.302048,1,0.996094,41.46277,20.71839,39.88665,0.860699,-0.367894,0.351924,41.45096,20.71529,39.91802,0.895131,-0.325186,0.30495
"meditation_experiment_20260516_002946_263",1778884339637,153374,5886,1,0.996094,41.44121,20.70917,39.94891,0.883248,-0.3581,0.302717,1,0.996094,41.4647,20.71552,39.88614,0.862707,-0.36252,0.352586,41.45295,20.71234,39.91752,0.891197,-0.341134,0.298991
"meditation_experiment_20260516_002946_263",1778884339749,153486,5890,1,0.996094,41.44316,20.70694,39.94904,0.885299,-0.361939,0.291968,1,0.996094,41.4666,20.71303,39.88623,0.865309,-0.366366,0.342078,41.45488,20.70999,39.91764,0.886995,-0.353846,0.296703
"meditation_experiment_20260516_002946_263",1778884339860,153597,5894,1,0.996094,41.44667,20.70703,39.94699,0.894044,-0.357743,0.269639,1,0.996094,41.46828,20.71178,39.88342,0.875703,-0.36118,0.320457,41.45747,20.7094,39.9152,0.891938,-0.357785,0.276471
"meditation_experiment_20260516_002946_263",1778884339972,153709,5898,1,0.996094,41.44759,20.70553,39.94567,0.892089,-0.349845,0.285983,1,0.996094,41.46921,20.71097,39.88216,0.872851,-0.353484,0.336422,41.4584,20.70825,39.91392,0.891479,-0.361968,0.272479
"meditation_experiment_20260516_002946_263",1778884340083,153820,5902,1,0.996094,41.44548,20.70884,39.94288,0.919441,-0.346275,0.18634,1,0.996094,41.46584,20.71503,39.87901,0.905162,-0.352056,0.238198,41.45566,20.71194,39.91095,0.899288,-0.357408,0.252074
"meditation_experiment_20260516_002946_263",1778884340194,153931,5906,1,0.996094,41.43698,20.72228,39.93484,0.930189,-0.326027,0.168689,1,0.996094,41.45467,20.72996,39.87035,0.916887,-0.332539,0.220761,41.44582,20.72612,39.9026,0.920006,-0.328851,0.21318
"meditation_experiment_20260516_002946_263",1778884340306,154043,5910,1,0.996094,41.42037,20.74373,39.91944,0.936259,-0.308805,0.167507,1,0.996094,41.43501,20.75237,39.85431,0.923216,-0.315329,0.219635,41.42769,20.74805,39.88688,0.940144,-0.294045,0.172239
"meditation_experiment_20260516_002946_263",1778884340416,154153,5914,1,0.996094,41.40633,20.75824,39.90831,0.958468,-0.218326,0.183505,1,0.996094,41.42067,20.76728,39.84316,0.945397,-0.22524,0.235568,41.4135,20.76276,39.87573,0.951279,-0.2546,0.173916
"meditation_experiment_20260516_002946_263",1778884340528,154265,5918,1,0.996094,41.39843,20.76076,39.89513,0.951949,-0.220275,0.212774,1,0.996094,41.41325,20.76911,39.83,0.937437,-0.226379,0.264509,41.40584,20.76494,39.86256,0.950486,-0.250194,0.184333
"meditation_experiment_20260516_002946_263",1778884340639,154376,5922,1,0.996094,41.38983,20.77463,39.87663,0.985705,0.01286,0.16799,1,0.996094,41.40198,20.78154,39.81078,0.975286,0.007297,0.220828,41.3959,20.77809,39.8437,0.963517,-0.218265,0.154902
"meditation_experiment_20260516_002946_263",1778884340750,154487,5926,1,0.996094,41.37311,20.79319,39.85795,0.986073,0.042228,0.160863,1,0.996094,41.38258,20.7988,39.79154,0.976145,0.037612,0.213839,41.37785,20.79599,39.82475,0.982508,-0.134605,0.128689
"meditation_experiment_20260516_002946_263",1778884340861,154598,5930,1,0.996094,41.34796,20.80856,39.83707,0.984676,0.03598,0.170642,1,0.996094,41.3559,20.81433,39.77047,0.974229,0.031199,0.223395,41.35193,20.81145,39.80377,0.991237,-0.069813,0.112143
"meditation_experiment_20260516_002946_263",1778884340971,154708,5934,1,0.996094,41.3174,20.82506,39.81291,0.985112,0.034372,0.168442,1,0.996094,41.32318,20.83095,39.7461,0.974816,0.029447,0.221059,41.32029,20.82801,39.77951,0.996281,-0.001055,0.086161
"meditation_experiment_20260516_002946_263",1778884341083,154820,5938,1,0.996094,41.28298,20.84035,39.78621,0.990414,0.136247,-0.022727,1,0.996094,41.28682,20.84529,39.71919,0.990662,0.132725,0.0312,41.2849,20.84282,39.7527,0.995287,0.074116,0.062546
"meditation_experiment_20260516_002946_263",1778884341194,154931,5942,1,0.996094,41.2492,20.85339,39.76001,0.988453,0.150711,-0.015707,1,0.996094,41.25171,20.85677,39.69282,0.988202,0.148275,0.038355,41.25046,20.85508,39.72641,0.989937,0.134598,0.043678
"meditation_experiment_20260516_002946_263",1778884341307,155044,5946,1,0.996094,41.22034,20.86306,39.7366,0.988898,0.148206,-0.010752,1,0.996094,41.22186,20.86402,39.6693,0.988112,0.147487,0.043383,41.2211,20.86354,39.70295,0.983002,0.181927,0.024678
"meditation_experiment_20260516_002946_263",1778884341418,155155,5950,1,0.996094,41.20113,20.87127,39.71638,0.93969,0.268806,-0.211486,1,0.996094,41.20007,20.87048,39.64908,0.949098,0.271891,-0.159027,41.2006,20.87088,39.68274,0.971582,0.236011,-0.01809
"meditation_experiment_20260516_002946_263",1778884341530,155267,5954,1,0.996094,41.1902,20.87359,39.69961,0.935381,0.243798,-0.256175,1,0.996094,41.18301,20.87093,39.63273,0.947198,0.247509,-0.203854,41.18661,20.87226,39.66617,0.958319,0.262175,-0.113534
"meditation_experiment_20260516_002946_263",1778884341641,155378,5958,1,0.996094,41.18365,20.87376,39.69226,0.899546,0.30008,-0.317441,1,0.996094,41.17118,20.87062,39.62618,0.914698,0.304311,-0.265938,41.17742,20.87219,39.65922,0.941387,0.278154,-0.190841
"meditation_experiment_20260516_002946_263",1778884341753,155490,5962,1,0.996094,41.18008,20.87383,39.69324,0.923919,0.284452,-0.255855,1,0.996094,41.16678,20.87153,39.6273,0.936197,0.286788,-0.203198,41.17343,20.87268,39.66027,0.938943,0.280629,-0.199079
"meditation_experiment_20260516_002946_263",1778884341864,155601,5966,1,0.996094,41.17869,20.87296,39.69802,0.93218,0.284609,-0.223693,1,0.996094,41.16556,20.87105,39.63202,0.942859,0.286185,-0.170633,41.17212,20.87201,39.66502,0.940345,0.278666,-0.195184
"meditation_experiment_20260516_002946_263",1778884341975,155712,5970,1,0.996094,41.17886,20.87231,39.70615,0.941738,0.267004,-0.204548,1,0.996094,41.16663,20.87175,39.63995,0.951613,0.267465,-0.151311,41.17274,20.87203,39.67305,0.949556,0.258456,-0.177606
"meditation_experiment_20260516_002946_263",1778884342087,155824,5974,1,0.996094,41.17799,20.87197,39.71265,0.942442,0.239412,-0.233423,1,0.996094,41.16606,20.87238,39.6464,0.953945,0.239562,-0.180551,41.17202,20.87218,39.67953,0.957342,0.232925,-0.171004
"meditation_experiment_20260516_002946_263",1778884342198,155935,5978,1,0.996094,41.17749,20.8702,39.71679,0.943012,0.092778,-0.319563,1,0.996094,41.16449,20.87081,39.65075,0.958904,0.092821,-0.268117,41.17099,20.8705,39.68377,0.95628,0.225516,-0.186205
"meditation_experiment_20260516_002946_263",1778884342310,156047,5982,1,0.996094,41.17561,20.86899,39.71905,0.946252,0.083259,-0.31253,1,0.996094,41.16161,20.86929,39.65321,0.961772,0.08339,-0.260847,41.16861,20.86914,39.68613,0.956021,0.212443,-0.202217
"meditation_experiment_20260516_002946_263",1778884342421,156158,5986,1,0.996094,41.17329,20.86781,39.72213,0.951594,0.085288,-0.295289,1,0.996094,41.15998,20.86774,39.65614,0.96616,0.085692,-0.243295,41.16663,20.86777,39.68914,0.959633,0.203988,-0.193635
"meditation_experiment_20260516_002946_263",1778884342532,156270,5990,1,0.996094,41.17027,20.86928,39.72762,0.993957,0.096214,-0.052838,1,0.996094,41.15968,20.87051,39.66115,0.99552,0.094554,0.000807,41.16497,20.86989,39.69439,0.96813,0.200114,-0.150593
"meditation_experiment_20260516_002946_263",1778884342644,156381,5994,1,0.996094,41.16787,20.87073,39.73495,0.987159,0.117671,0.10803,1,0.996094,41.16099,20.87262,39.66801,0.980399,0.114696,0.160198,41.16443,20.87167,39.70148,0.970108,0.224027,-0.093285
"meditation_experiment_20260516_002946_263",1778884342755,156492,5998,1,0.996094,41.16483,20.87062,39.74083,0.98754,0.126466,0.09366,1,0.996094,41.16076,20.87277,39.67367,0.98146,0.123543,0.146538,41.16279,20.87169,39.70725,0.971451,0.23158,-0.051524
"meditation_experiment_20260516_002946_263",1778884342867,156604,6002,1,0.996094,41.16507,20.87023,39.74752,0.964467,0.130099,0.229952,1,0.996094,41.16275,20.87313,39.68031,0.951686,0.125809,0.280119,41.16391,20.87168,39.71392,0.969814,0.242763,-0.02296
"meditation_experiment_20260516_002946_263",1778884342977,156714,6006,1,0.996094,41.16455,20.86884,39.75274,0.962682,0.123556,0.240785,1,0.996094,41.16491,20.87221,39.6855,0.949213,0.119167,0.291195,41.16473,20.87052,39.71912,0.97172,0.235528,0.016912
"meditation_experiment_20260516_002946_263",1778884343089,156826,6010,1,0.996094,41.16455,20.86847,39.75553,0.965234,0.147702,0.215657,1,0.996094,41.16511,20.87196,39.6883,0.953071,0.143119,0.266784,41.16483,20.87021,39.72192,0.96798,0.250145,0.021058
"meditation_experiment_20260516_002946_263",1778884343200,156937,6014,1,0.996094,41.16528,20.86755,39.75827,0.968988,0.124833,0.213257,1,0.996094,41.1661,20.87193,39.6911,0.956921,0.119853,0.264456,41.16569,20.86974,39.72468,0.974643,0.222209,0.02635
"meditation_experiment_20260516_002946_263",1778884343312,157049,6018,1,0.996094,41.16432,20.86546,39.76002,0.969392,0.15794,0.187973,1,0.996094,41.16613,20.86968,39.69286,0.95865,0.153045,0.239933,41.16522,20.86757,39.72644,0.97744,0.207518,0.039325
"meditation_experiment_20260516_002946_263",1778884343423,157160,6022,1,0.996094,41.16323,20.86555,39.75899,0.96906,0.171546,0.177466,1,0.996094,41.16513,20.86945,39.69181,0.958854,0.166889,0.229667,41.16418,20.8675,39.7254,0.976725,0.210774,0.039796
"meditation_experiment_20260516_002946_263",1778884343534,157271,6026,1,0.996094,41.16279,20.867,39.75583,0.98118,0.179456,0.071276,1,0.996094,41.16392,20.87043,39.68861,0.976426,0.176004,0.124959,41.16335,20.86871,39.72222,0.974728,0.221673,0.027691
"meditation_experiment_20260516_002946_263",1778884343645,157382,6030,1,0.996094,41.16091,20.86763,39.74885,0.980638,0.167349,-0.101701,1,0.996094,41.15985,20.87026,39.68159,0.984992,0.165829,-0.047868,41.16038,20.86895,39.71522,0.976731,0.214354,-0.007059
"meditation_experiment_20260516_002946_263",1778884343757,157494,6034,1,0.996094,41.15926,20.87003,39.74118,0.973219,0.20187,-0.10997,1,0.996094,41.15552,20.87244,39.67401,0.978123,0.200322,-0.056104,41.15739,20.87124,39.70759,0.967956,0.247048,-0.04504
"meditation_experiment_20260516_002946_263",1778884343868,157605,6038,1,0.996094,41.15653,20.87835,39.73109,0.930709,0.297997,-0.212083,1,0.996094,41.14935,20.88,39.66418,0.941151,0.298152,-0.159187,41.15294,20.87918,39.69764,0.94147,0.324032,-0.092942
"meditation_experiment_20260516_002946_263",1778884343980,157717,6042,1,0.996094,41.15202,20.87974,39.72246,0.871615,0.402883,-0.279236,1,0.996094,41.14268,20.8784,39.65581,0.884879,0.40661,-0.227282,41.14735,20.87907,39.68913,0.92221,0.361797,-0.136498
"meditation_experiment_20260516_002946_263",1778884344092,157829,6046,1,0.996094,41.14634,20.88015,39.71226,0.896942,0.368968,-0.243636,1,0.996094,41.1367,20.87886,39.64565,0.908542,0.371587,-0.190984,41.14152,20.87951,39.67895,0.925713,0.351065,-0.140746
"meditation_experiment_20260516_002946_263",1778884344203,157940,6050,1,0.996094,41.1401,20.87879,39.69815,0.906586,0.358511,-0.222646,1,0.996094,41.12862,20.87847,39.63182,0.917602,0.359468,-0.169676,41.13436,20.87863,39.66498,0.919592,0.358407,-0.160921
"meditation_experiment_20260516_002946_263",1778884344315,158052,6054,1,0.996094,41.13142,20.8838,39.68622,0.933313,0.341549,-0.110775,1,0.996094,41.11917,20.88185,39.62006,0.938205,0.341336,-0.057108,41.12529,20.88283,39.65314,0.92312,0.339352,-0.180804
"meditation_experiment_20260516_002946_263",1778884344426,158163,6058,1,0.996094,41.12231,20.88172,39.67643,0.929027,0.361552,-0.078668,1,0.996094,41.11172,20.87588,39.61021,0.931155,0.363762,-0.025045,41.11701,20.8788,39.64332,0.921346,0.345705,-0.177793
"meditation_experiment_20260516_002946_263",1778884344537,158274,6062,1,0.996094,41.11513,20.87965,39.6689,0.939717,0.335792,-0.064621,1,0.996094,41.10536,20.87037,39.60295,0.940145,0.340588,-0.01127,41.11025,20.87501,39.63593,0.923018,0.337771,-0.18425
"meditation_experiment_20260516_002946_263",1778884344648,158385,6066,1,0.996094,41.11098,20.88488,39.66533,0.959469,0.281698,-0.008166,1,0.996094,41.1017,20.87465,39.59945,0.95691,0.286933,0.044641,41.10634,20.87976,39.63239,0.934952,0.30609,-0.179371
"meditation_experiment_20260516_002946_263",1778884344760,158497,6070,1,0.996094,41.10561,20.88704,39.66439,0.954469,0.298301,-0.002587,1,0.996094,41.09618,20.87844,39.59829,0.951964,0.302047,0.050327,41.1009,20.88274,39.63134,0.938505,0.298948,-0.172739
"meditation_experiment_20260516_002946_263",1778884344871,158608,6074,1,0.996094,41.10764,20.88252,39.6647,0.920229,0.389757,-0.035618,1,0.996094,41.09852,20.87241,39.59877,0.918865,0.394184,0.017496,41.10308,20.87746,39.63173,0.91648,0.356603,-0.181382
"meditation_experiment_20260516_002946_263",1778884344983,158720,6078,1,0.996094,41.11343,20.88504,39.66859,0.930528,0.364611,-0.034316,1,0.996094,41.10577,20.87299,39.6028,0.92843,0.371039,0.018669,41.1096,20.87901,39.63569,0.908536,0.379268,-0.175264
"meditation_experiment_20260516_002946_263",1778884345094,158831,6082,1,0.996094,41.12193,20.88996,39.678,0.924067,0.382166,-0.007088,1,0.996094,41.1156,20.87904,39.61188,0.920752,0.387437,0.045923,41.11876,20.8845,39.64494,0.897839,0.412466,-0.154133
"meditation_experiment_20260516_002946_263",1778884345205,158942,6086,1,0.996094,41.13266,20.88493,39.69262,0.928727,0.362392,0.078349,1,0.996094,41.12714,20.87819,39.62587,0.922338,0.363565,0.130817,41.1299,20.88156,39.65925,0.880916,0.458033,-0.119137
"meditation_experiment_20260516_002946_263",1778884345317,159054,6090,1,0.996094,41.1493,20.8803,39.7053,0.94486,0.316422,0.08436,1,0.996094,41.14476,20.87567,39.63829,0.938525,0.316828,0.137081,41.14703,20.87799,39.67179,0.875434,0.474492,-0.092053
"meditation_experiment_20260516_002946_263",1778884345428,159165,6094,1,0.996094,41.16903,20.87469,39.71649,0.978901,0.186127,0.084321,1,0.996094,41.16405,20.87007,39.64952,0.97259,0.187865,0.137023,41.16654,20.87238,39.68301,0.934574,0.343383,-0.093063
"meditation_experiment_20260516_002946_263",1778884345540,159276,6098,1,0.996094,41.18773,20.86169,39.7227,0.964736,-0.031079,-0.261379,1,0.996094,41.1785,20.8588,39.65608,0.977471,-0.028914,-0.20908,41.18312,20.86024,39.68939,0.961158,0.235834,-0.143382
"meditation_experiment_20260516_002946_263",1778884345650,159387,6102,1,0.996094,41.20327,20.85405,39.72404,0.926365,-0.152678,-0.344294,1,0.996094,41.18899,20.85304,39.65827,0.943701,-0.152828,-0.29338,41.19613,20.85354,39.69116,0.963874,0.161624,-0.21172
"meditation_experiment_20260516_002946_263",1778884345762,159499,6106,1,0.996094,41.21278,20.85218,39.72549,0.936002,-0.115503,-0.332505,1,0.996094,41.1965,20.85255,39.66017,0.952611,-0.116234,-0.281108,41.20464,20.85236,39.69283,0.960728,0.141474,-0.238721
"meditation_experiment_20260516_002946_263",1778884345874,159611,6110,1,0.996094,41.2184,20.84893,39.72523,0.946708,-0.088997,-0.309554,1,0.996094,41.20158,20.84928,39.66005,0.962083,-0.089448,-0.257674,41.20999,20.8491,39.69264,0.954297,0.170627,-0.245363
"meditation_experiment_20260516_002946_263",1778884345985,159722,6114,1,0.996094,41.22275,20.85147,39.71956,0.94856,-0.085484,-0.30484,1,0.996094,41.20493,20.85265,39.65466,0.963631,-0.086506,-0.252848,41.21384,20.85206,39.68711,0.951796,0.165494,-0.258254
"meditation_experiment_20260516_002946_263",1778884346096,159833,6118,1,0.996094,41.22237,20.85676,39.70831,0.947959,-0.067867,-0.311076,1,0.996094,41.20293,20.85634,39.64386,0.963462,-0.067517,-0.259197,41.21265,20.85655,39.67608,0.939774,0.188938,-0.284827
"meditation_experiment_20260516_002946_263",1778884346208,159945,6122,1,0.996094,41.21633,20.85965,39.69858,0.950952,0.138724,-0.27649,1,0.996094,41.19668,20.85847,39.6342,0.964544,0.139353,-0.224132,41.2065,20.85906,39.66639,0.929746,0.229358,-0.28804
"meditation_experiment_20260516_002946_263",1778884346320,160057,6126,1,0.996094,41.20643,20.8671,39.68885,0.950825,0.157848,-0.266487,1,0.996094,41.18546,20.8681,39.62489,0.964186,0.156463,-0.214161,41.19595,20.8676,39.65687,0.906134,0.305778,-0.292268
"meditation_experiment_20260516_002946_263",1778884346431,160168,6130,1,0.996094,41.1946,20.8728,39.67655,0.843884,0.352175,-0.404763,1,0.996094,41.17014,20.87483,39.61387,0.866056,0.351567,-0.355454,41.18237,20.87382,39.64521,0.864558,0.383405,-0.32487
"meditation_experiment_20260516_002946_263",1778884346543,160280,6134,1,0.996094,41.18475,20.87566,39.66689,0.88636,0.298373,-0.354033,1,0.996094,41.15984,20.87751,39.60437,0.905517,0.296598,-0.30343,41.17229,20.87659,39.63563,0.847123,0.420347,-0.325101
"meditation_experiment_20260516_002946_263",1778884346654,160391,6138,1,0.996094,41.17704,20.87635,39.66525,0.908086,0.296934,-0.295313,1,0.996094,41.15583,20.88037,39.60149,0.924363,0.293458,-0.243795,41.16644,20.87836,39.63337,0.858531,0.44331,-0.257684
"meditation_experiment_20260516_002946_263",1778884346766,160503,6142,1,0.996094,41.17104,20.87682,39.66344,0.900721,0.394914,-0.180955,1,0.996094,41.15121,20.88249,39.59936,0.912414,0.388511,-0.128687,41.16113,20.87965,39.6314,0.855246,0.467675,-0.223236
"meditation_experiment_20260516_002946_263",1778884346876,160613,6146,1,0.996094,41.16782,20.877,39.6628,0.898821,0.371457,-0.232681,1,0.996094,41.14862,20.88327,39.59858,0.912947,0.365876,-0.180729,41.15822,20.88014,39.63069,0.858118,0.468123,-0.210937
"meditation_experiment_20260516_002946_263",1778884346988,160725,6150,1,0.996094,41.16644,20.87656,39.66427,0.902291,0.356634,-0.242245,1,0.996094,41.14788,20.8828,39.59986,0.916679,0.351398,-0.190312,41.15716,20.87968,39.63207,0.861548,0.465238,-0.203198
"meditation_experiment_20260516_002946_263",1778884347100,160837,6154,1,0.996094,41.16591,20.87531,39.67017,0.941875,0.320555,-0.100577,1,0.996094,41.14879,20.88209,39.60543,0.948627,0.312744,-0.047945,41.15735,20.8787,39.6378,0.869542,0.45917,-0.181824
"meditation_experiment_20260516_002946_263",1778884347211,160948,6158,1,0.996094,41.16517,20.87471,39.67774,0.955668,0.294136,-0.013529,1,0.996094,41.14932,20.88171,39.61269,0.957672,0.285256,0.038653,41.15725,20.87821,39.64521,0.874344,0.456771,-0.163963
"meditation_experiment_20260516_002946_263",1778884347322,161059,6162,1,0.996094,41.16472,20.87257,39.6852,0.958149,0.286271,0.00046,1,0.996094,41.14992,20.88047,39.62001,0.959482,0.276817,0.052607,41.15732,20.87652,39.65261,0.88099,0.450232,-0.145423
"meditation_experiment_20260516_002946_263",1778884347434,161171,6166,1,0.996094,41.16419,20.87128,39.69153,0.964736,0.263136,0.006673,1,0.996094,41.15158,20.87856,39.62581,0.96521,0.254687,0.059209,41.15789,20.87492,39.65867,0.893149,0.432516,-0.123349
"meditation_experiment_20260516_002946_263",1778884347545,161282,6170,1,0.996094,41.1631,20.87048,39.69622,0.973489,0.21239,0.084911,1,0.996094,41.15261,20.8775,39.6301,0.969373,0.204055,0.136667,41.15786,20.87399,39.66316,0.903804,0.416287,-0.099219
"meditation_experiment_20260516_002946_263",1778884347655,161392,6174,1,0.996094,41.16185,20.86895,39.699,0.971918,0.21973,0.084228,1,0.996094,41.15254,20.87628,39.63273,0.967889,0.211271,0.136222,41.1572,20.87262,39.66587,0.912899,0.399448,-0.084007
"meditation_experiment_20260516_002946_263",1778884347767,161504,6178,1,0.996094,41.16052,20.87,39.70063,0.970061,0.23238,0.070579,1,0.996094,41.15231,20.87669,39.63416,0.966642,0.224636,0.123052,41.15642,20.87335,39.6674,0.916539,0.393119,-0.073582
"meditation_experiment_20260516_002946_263",1778884347879,161616,6182,1,0.996094,41.15939,20.87018,39.70057,0.974454,0.186612,0.124962,1,0.996094,41.15169,20.87681,39.63403,0.967909,0.178876,0.176511,41.15554,20.8735,39.6673,0.917256,0.392624,-0.066989
"meditation_experiment_20260516_002946_263",1778884347990,161727,6186,1,0.996094,41.15899,20.86856,39.70021,0.977917,0.176922,0.111249,1,0.996094,41.15135,20.87553,39.6337,0.972003,0.16918,0.163058,41.15517,20.87205,39.66695,0.921443,0.382904,-0.065776
"meditation_experiment_20260516_002946_263",1778884348101,161838,6190,1,0.996094,41.15998,20.86847,39.69961,0.979494,0.169309,0.109213,1,0.996094,41.15235,20.87572,39.63313,0.973654,0.161448,0.161038,41.15616,20.8721,39.66637,0.925094,0.374079,-0.065323
"meditation_experiment_20260516_002946_263",1778884348213,161950,6194,1,0.996094,41.16177,20.86726,39.69833,0.985605,0.148784,-0.080288,1,0.996094,41.15411,20.87397,39.63179,0.989361,0.143028,-0.026635,41.15794,20.87061,39.66506,0.92817,0.365526,-0.069933
"meditation_experiment_20260516_002946_263",1778884348324,162061,6198,1,0.996094,41.16314,20.87015,39.69868,0.984812,0.154948,-0.078342,1,0.996094,41.15531,20.8767,39.63214,0.988488,0.149274,-0.024685,41.15922,20.87343,39.66541,0.925437,0.371963,-0.072178
"meditation_experiment_20260516_002946_263",1778884348436,162173,6202,1,0.996094,41.16521,20.86901,39.69952,0.976451,0.200344,-0.080044,1,0.996094,41.15651,20.87549,39.63308,0.980537,0.194546,-0.026446,41.16086,20.87225,39.6663,0.920903,0.38077,-0.083382
"meditation_experiment_20260516_002946_263",1778884348547,162284,6206,1,0.996094,41.16723,20.8699,39.70193,0.949438,0.301198,-0.088593,1,0.996094,41.1584,20.87705,39.63559,0.954875,0.294928,-0.035114,41.16282,20.87348,39.66876,0.919004,0.385879,-0.080797
"meditation_experiment_20260516_002946_263",1778884348659,162396,6210,1,0.996094,41.16821,20.86789,39.70375,0.915517,0.400927,0.03295,1,0.996094,41.1591,20.87544,39.63749,0.916001,0.39189,0.08581,41.16366,20.87167,39.67062,0.919288,0.384843,-0.082499
"meditation_experiment_20260516_002946_263",1778884348770,162507,6214,1,0.996094,41.16839,20.86844,39.70543,0.913127,0.405764,0.039422,1,0.996094,41.15959,20.87658,39.63919,0.913493,0.396266,0.092219,41.16399,20.87251,39.67231,0.919725,0.385354,-0.074889
"meditation_experiment_20260516_002946_263",1778884348882,162619,6218,1,0.996094,41.1682,20.8678,39.70628,0.910201,0.41289,0.032506,1,0.996094,41.15968,20.87595,39.64,0.910944,0.40359,0.085419,41.16394,20.87188,39.67314,0.920739,0.383628,-0.071208
"meditation_experiment_20260516_002946_263",1778884348993,162730,6222,1,0.996094,41.16774,20.86783,39.70688,0.907337,0.41931,0.03032,1,0.996094,41.15921,20.87622,39.64063,0.908331,0.409887,0.083238,41.16348,20.87202,39.67376,0.921189,0.382731,-0.070201
"meditation_experiment_20260516_002946_263",1778884349105,162842,6226,1,0.996094,41.16682,20.86792,39.70738,0.904956,0.423806,0.037996,1,0.996094,41.1586,20.87626,39.64109,0.905579,0.414325,0.090894,41.16271,20.87209,39.67424,0.919223,0.388339,-0.064981
"meditation_experiment_20260516_002946_263",1778884349216,162953,6230,1,0.996094,41.1651,20.86835,39.7077,0.900171,0.423817,0.100358,1,0.996094,41.15708,20.87677,39.6414,0.897886,0.412984,0.152464,41.16109,20.87256,39.67455,0.916848,0.394579,-0.060811
"meditation_experiment_20260516_002946_263",1778884349327,163064,6234,1,0.996094,41.16394,20.8681,39.70844,0.902016,0.416274,0.114384,1,0.996094,41.15606,20.87685,39.64215,0.899072,0.405008,0.16625,41.16,20.87247,39.67529,0.917203,0.394309,-0.057087
"meditation_experiment_20260516_002946_263",1778884349438,163175,6238,1,0.996094,41.16311,20.86793,39.71118,0.8954,0.431503,0.109836,1,0.996094,41.15597,20.87673,39.64482,0.892762,0.420418,0.161937,41.15954,20.87233,39.678,0.913933,0.403383,-0.044819
"meditation_experiment_20260516_002946_263",1778884349549,163286,6242,1,0.996094,41.16283,20.86727,39.71408,0.876858,0.444843,0.182307,1,0.996094,41.15704,20.87636,39.64763,0.871047,0.432279,0.233265,41.15993,20.87181,39.68085,0.915542,0.401459,-0.024782
"meditation_experiment_20260516_002946_263",1778884349661,163398,6246,1,0.996094,41.16346,20.86676,39.71666,0.883428,0.429485,0.187344,1,0.996094,41.15818,20.87599,39.65019,0.877125,0.416992,0.238264,41.16082,20.87138,39.68343,0.917806,0.396635,-0.017698
"meditation_experiment_20260516_002946_263",1778884349772,163509,6250,1,0.996094,41.16449,20.86582,39.7188,0.906787,0.36751,0.206574,1,0.996094,41.15959,20.87517,39.65231,0.898774,0.355199,0.256982,41.16204,20.87049,39.68555,0.921329,0.388558,-0.013223
"meditation_experiment_20260516_002946_263",1778884349883,163620,6254,1,0.996094,41.16515,20.86532,39.721,0.903681,0.369107,0.217076,1,0.996094,41.16062,20.87488,39.65453,0.89523,0.356535,0.267294,41.16288,20.8701,39.68777,0.924096,0.382076,-0.008058
"meditation_experiment_20260516_002946_263",1778884349995,163732,6258,1,0.996094,41.16555,20.86336,39.72237,0.96002,0.279123,0.021265,1,0.996094,41.16125,20.8732,39.65591,0.959918,0.270187,0.07454,41.1634,20.86828,39.68914,0.928297,0.371806,-0.005105
"meditation_experiment_20260516_002946_263",1778884350106,163843,6262,1,0.996094,41.1657,20.86283,39.72236,0.984346,0.16812,-0.052902,1,0.996094,41.16082,20.87272,39.65595,0.987121,0.159975,0.000544,41.16326,20.86777,39.68916,0.931925,0.362362,-0.014479
"meditation_experiment_20260516_002946_263",1778884350218,163955,6266,1,0.996094,41.16547,20.86284,39.72123,0.983204,0.170435,-0.06529,1,0.996094,41.1596,20.87276,39.65491,0.98668,0.162242,-0.011894,41.16254,20.86781,39.68807,0.933544,0.357272,-0.029197
"meditation_experiment_20260516_002946_263",1778884350329,164066,6270,1,0.996094,41.16413,20.86305,39.72066,0.983931,0.168048,-0.060325,1,0.996094,41.1577,20.87325,39.65444,0.98717,0.15952,-0.006988,41.16092,20.86815,39.68755,0.932924,0.358336,-0.035343
"meditation_experiment_20260516_002946_263",1778884350440,164177,6274,1,0.996094,41.16238,20.86333,39.72054,0.966413,0.256832,0.009172,1,0.996094,41.15588,20.87377,39.65435,0.966961,0.247213,0.062235,41.15913,20.86855,39.68744,0.931061,0.363255,-0.034207
"meditation_experiment_20260516_002946_263",1778884350552,164289,6278,1,0.996094,41.16088,20.86325,39.72025,0.966819,0.255208,0.01147,1,0.996094,41.15468,20.87371,39.65404,0.967218,0.245608,0.064547,41.15778,20.86848,39.68715,0.931414,0.362737,-0.029838
"meditation_experiment_20260516_002946_263",1778884350663,164400,6282,1,0.996094,41.15995,20.86409,39.71938,0.922745,0.384807,0.02157,1,0.996094,41.1536,20.87469,39.65321,0.924121,0.374748,0.074603,41.15678,20.86939,39.68629,0.928627,0.369802,-0.02999
"meditation_experiment_20260516_002946_263",1778884350775,164512,6286,1,0.996094,41.15997,20.8642,39.71868,0.922304,0.385215,0.031059,1,0.996094,41.15377,20.87462,39.65246,0.923153,0.375129,0.084062,41.15687,20.86941,39.68557,0.928842,0.369353,-0.028847
"meditation_experiment_20260516_002946_263",1778884350886,164623,6290,1,0.996094,41.16052,20.86441,39.71786,0.922084,0.385447,0.034542,1,0.996094,41.15397,20.87482,39.65167,0.922806,0.375202,0.087477,41.15725,20.86962,39.68476,0.927927,0.371252,-0.033521
"meditation_experiment_20260516_002946_263",1778884350997,164734,6294,1,0.996094,41.16199,20.86408,39.71731,0.916361,0.399147,-0.031062,1,0.996094,41.15492,20.87464,39.6512,0.920544,0.390014,0.02212,41.15846,20.86936,39.68425,0.928074,0.370228,-0.040116
"meditation_experiment_20260516_002946_263",1778884351108,164845,6298,1,0.996094,41.16574,20.8657,39.71075,0.779545,0.449033,-0.436668,1,0.996094,41.15308,20.87651,39.64552,0.803643,0.448221,-0.391479,41.15941,20.87111,39.67813,0.912879,0.392511,-0.11219
"meditation_experiment_20260516_002946_263",1778884351220,164957,6302,1,0.996094,41.17205,20.86728,39.69685,0.719378,0.437059,-0.539886,1,0.996094,41.14833,20.87695,39.6346,0.74975,0.435988,-0.497785,41.16019,20.87212,39.66572,0.872928,0.406647,-0.26951
"meditation_experiment_20260516_002946_263",1778884351332,165069,6306,1,0.996094,41.17747,20.86437,39.68846,0.744878,0.393563,-0.538763,1,0.996094,41.14834,20.87413,39.62857,0.776057,0.389703,-0.495852,41.16291,20.86925,39.65852,0.851304,0.390412,-0.350515
"meditation_experiment_20260516_002946_263",1778884351443,165180,6310,1,0.996094,41.18071,20.86225,39.68774,0.825778,0.376166,-0.420227,1,0.996094,41.15217,20.87076,39.62736,0.850881,0.370284,-0.372682,41.16644,20.8665,39.65755,0.856992,0.376409,-0.351967
"meditation_experiment_20260516_002946_263",1778884351555,165292,6314,1,0.996094,41.18354,20.86153,39.6853,0.866334,0.224189,-0.446323,1,0.996094,41.15568,20.8695,39.62454,0.890831,0.218304,-0.398453,41.16961,20.86552,39.65492,0.86471,0.361119,-0.3491
"meditation_experiment_20260516_002946_263",1778884351666,165403,6318,1,0.996094,41.18586,20.85835,39.67973,0.855409,0.208789,-0.474007,1,0.996094,41.15656,20.86492,39.61949,0.881108,0.204006,-0.426651,41.17121,20.86163,39.64961,0.860187,0.338476,-0.381462
"meditation_experiment_20260516_002946_263",1778884351777,165514,6322,1,0.996094,41.18918,20.85538,39.67488,0.861384,0.201049,-0.466473,1,0.996094,41.15881,20.86126,39.61509,0.886578,0.1965,-0.418769,41.174,20.85832,39.64499,0.859963,0.308689,-0.406419
"meditation_experiment_20260516_002946_263",1778884351889,165626,6326,1,0.996094,41.19465,20.83889,39.68128,0.927183,0.013936,-0.374349,1,0.996094,41.17054,20.84489,39.61872,0.94607,0.009105,-0.323836,41.18259,20.84189,39.65,0.930128,0.120494,-0.346906
"meditation_experiment_20260516_002946_263",1778884351999,165736,6330,1,0.996094,41.19415,20.81497,39.70238,0.967435,-0.252537,-0.017159,1,0.996094,41.1884,20.81646,39.63532,0.966927,-0.252395,0.036725,41.19127,20.81571,39.66885,0.978558,-0.1862,-0.088062
"meditation_experiment_20260516_002946_263",1778884352111,165848,6334,1,0.996094,41.19341,20.80938,39.71667,0.823593,-0.516771,0.23376,1,0.996094,41.19806,20.80587,39.64961,0.812087,-0.509071,0.285239,41.19573,20.80762,39.68314,0.969387,-0.232356,0.079371
"meditation_experiment_20260516_002946_263",1778884352222,165959,6338,1,0.996094,41.19323,20.808,39.72525,0.748848,-0.610065,0.258937,1,0.996094,41.20243,20.80396,39.65869,0.735667,-0.602105,0.310264,41.19783,20.80598,39.69197,0.95751,-0.247805,0.147536
"meditation_experiment_20260516_002946_263",1778884352333,166070,6342,1,0.996094,41.19718,20.8037,39.72873,0.764952,-0.619176,0.177396,1,0.996094,41.20667,20.80072,39.66216,0.754548,-0.614542,0.230206,41.20192,20.80221,39.69545,0.952097,-0.267739,0.147738
"meditation_experiment_20260516_002946_263",1778884352445,166182,6346,1,0.996094,41.20255,20.79914,39.73026,0.680051,-0.712379,0.173342,1,0.996094,41.21128,20.79726,39.66354,0.669715,-0.707384,0.226031,41.20692,20.7982,39.6969,0.947492,-0.291152,0.132249
"meditation_experiment_20260516_002946_263",1778884352556,166293,6350,1,0.996094,41.20635,20.79662,39.73058,0.680355,-0.708609,0.187057,1,0.996094,41.21433,20.79545,39.66375,0.669567,-0.703102,0.239433,41.21034,20.79603,39.69717,0.944673,-0.306031,0.118059
"meditation_experiment_20260516_002946_263",1778884352668,166405,6354,1,0.996094,41.20791,20.79423,39.73212,0.633671,-0.708949,0.309602,1,0.996094,41.21637,20.79258,39.66536,0.618869,-0.698638,0.359035,41.21214,20.79341,39.69875,0.937282,-0.32468,0.126828
"meditation_experiment_20260516_002946_263",1778884352779,166516,6358,1,0.996094,41.20882,20.79234,39.73402,0.647356,-0.687746,0.328536,1,0.996094,41.21844,20.79027,39.66743,0.631411,-0.677318,0.377572,41.21363,20.7913,39.70073,0.930684,-0.335885,0.144944
"meditation_experiment_20260516_002946_263",1778884352891,166628,6362,1,0.996094,41.20988,20.78982,39.73463,0.639164,-0.702057,0.313983,1,0.996094,41.21913,20.78711,39.668,0.624178,-0.691557,0.363525,41.21451,20.78846,39.70132,0.923246,-0.356765,0.142605
"meditation_experiment_20260516_002946_263",1778884353002,166739,6366,1,0.996094,41.21154,20.78793,39.73389,0.64595,-0.697489,0.310253,1,0.996094,41.22046,20.78571,39.66721,0.631016,-0.687277,0.359819,41.216,20.78682,39.70055,0.920625,-0.366292,0.135205
"meditation_experiment_20260516_002946_263",1778884353114,166851,6370,1,0.996094,41.21274,20.78706,39.73296,0.654932,-0.696554,0.293047,1,0.996094,41.22128,20.78513,39.66622,0.640573,-0.687006,0.343058,41.21701,20.78609,39.69959,0.920053,-0.370141,0.128446
"meditation_experiment_20260516_002946_263",1778884353226,166963,6374,1,0.996094,41.2152,20.78634,39.72934,0.682558,-0.730815,-0.004994,1,0.996094,41.22186,20.7845,39.66237,0.67962,-0.731929,0.048945,41.21853,20.78542,39.69585,0.92233,-0.372704,0.101979
"meditation_experiment_20260516_002946_263",1778884353336,167073,6378,1,0.996094,41.21824,20.78559,39.72275,0.682407,-0.730464,-0.027271,1,0.996094,41.22089,20.78408,39.6555,0.681882,-0.730971,0.02682,41.21956,20.78483,39.68913,0.926976,-0.372417,0.044966
"meditation_experiment_20260516_002946_263",1778884353448,167185,6382,1,0.996094,41.21994,20.78428,39.71781,0.665549,-0.74632,0.007174,1,0.996094,41.22002,20.78351,39.65049,0.66459,-0.744692,0.061271,41.21998,20.7839,39.68415,0.924807,-0.3804,0.005385
"meditation_experiment_20260516_002946_263",1778884353560,167297,6386,1,0.996094,41.22089,20.78384,39.71557,0.671569,-0.740161,0.034015,1,0.996094,41.22042,20.7831,39.64826,0.669853,-0.737265,0.087967,41.22066,20.78347,39.68191,0.924546,-0.381065,-0.002201
"meditation_experiment_20260516_002946_263",1778884353671,167408,6390,1,0.996094,41.22149,20.78314,39.71445,0.667131,-0.743123,0.052009,1,0.996094,41.22114,20.78225,39.64715,0.664796,-0.739489,0.10584,41.22131,20.78269,39.6808,0.923127,-0.384496,0.000236
"meditation_experiment_20260516_002946_263",1778884353782,167519,6394,1,0.996094,41.22226,20.78231,39.71371,0.665066,-0.744888,0.053191,1,0.996094,41.22203,20.78135,39.6464,0.66267,-0.741226,0.107021,41.22215,20.78183,39.68006,0.921437,-0.388521,0.002406
"meditation_experiment_20260516_002946_263",1778884353894,167631,6398,1,0.996094,41.22347,20.78221,39.71297,0.663685,-0.746567,0.046492,1,0.996094,41.2231,20.78112,39.64567,0.661649,-0.743066,0.100372,41.22328,20.78166,39.67932,0.922624,-0.3857,0.001157
"meditation_experiment_20260516_002946_263",1778884354004,167741,6402,1,0.996094,41.2241,20.78277,39.7121,0.671931,-0.738549,0.055258,1,0.996094,41.22377,20.78169,39.64479,0.66952,-0.734743,0.10907,41.22393,20.78223,39.67844,0.925525,-0.378682,0.001563
"meditation_experiment_20260516_002946_263",1778884354116,167853,6406,1,0.996094,41.22869,20.81148,39.71152,0.945148,-0.310022,0.102866,1,0.996094,41.23011,20.81002,39.64424,0.93875,-0.307131,0.156265,41.2294,20.81075,39.67788,0.993233,-0.113755,0.023416
"meditation_experiment_20260516_002946_263",1778884354227,167964,6410,1,0.996094,41.21042,20.84994,39.7089,0.92636,0.351068,0.136413,1,0.996094,41.21482,20.84607,39.64183,0.91672,0.351852,0.189276,41.21262,20.848,39.67537,0.966726,0.251092,0.048919
"meditation_experiment_20260516_002946_263",1778884354338,168075,6414,1,0.996094,41.19537,20.85924,39.70573,0.928433,0.301787,0.216648,1,0.996094,41.2017,20.85422,39.6389,0.914528,0.302935,0.268085,41.19854,20.85673,39.67232,0.936144,0.345984,0.062684
"meditation_experiment_20260516_002946_263",1778884354449,168186,6418,1,0.996094,41.19006,20.85998,39.70311,0.954028,0.217689,0.206018,1,0.996094,41.1962,20.85477,39.63628,0.940836,0.219975,0.257758,41.19313,20.85737,39.66969,0.930753,0.361111,0.057439
"meditation_experiment_20260516_002946_263",1778884354561,168298,6422,1,0.996094,41.18918,20.85939,39.69838,0.97501,0.172543,0.139944,1,0.996094,41.19276,20.85342,39.63142,0.965336,0.176121,0.192636,41.19097,20.8564,39.6649,0.942891,0.332456,0.020719
"meditation_experiment_20260516_002946_263",1778884354672,168409,6426,1,0.996094,41.19212,20.85742,39.68647,0.950633,0.265978,-0.15985,1,0.996094,41.1853,20.85207,39.61971,0.956842,0.270489,-0.106255,41.18871,20.85475,39.65309,0.944569,0.30523,-0.120933
"meditation_experiment_20260516_002946_263",1778884354784,168521,6430,1,0.996094,41.1938,20.85563,39.67746,0.826699,0.329773,-0.455871,1,0.996094,41.17849,20.85152,39.61203,0.848494,0.336863,-0.408144,41.18615,20.85357,39.64475,0.925042,0.298316,-0.23517
"meditation_experiment_20260516_002946_263",1778884354895,168632,6434,1,0.996094,41.19394,20.85526,39.67554,0.887733,0.281378,-0.364359,1,0.996094,41.17709,20.85112,39.61049,0.905446,0.286029,-0.313616,41.18552,20.85319,39.64301,0.921247,0.291874,-0.257126
"meditation_experiment_20260516_002946_263",1778884355007,168744,6438,1,0.996094,41.19395,20.85473,39.67595,0.910388,0.277333,-0.307052,1,0.996094,41.17737,20.84989,39.61088,0.924994,0.281614,-0.255107,41.18566,20.85231,39.64341,0.923101,0.286417,-0.256611
"meditation_experiment_20260516_002946_263",1778884355119,168856,6442,1,0.996094,41.19381,20.85443,39.67644,0.911836,0.27675,-0.303259,1,0.996094,41.17722,20.84927,39.6114,0.926176,0.281199,-0.251247,41.18552,20.85185,39.64392,0.923331,0.284355,-0.258077
"meditation_experiment_20260516_002946_263",1778884355230,168967,6446,1,0.996094,41.19339,20.85437,39.67649,0.931737,0.283502,-0.226922,1,0.996094,41.17637,20.84916,39.61158,0.942097,0.286673,-0.173989,41.18488,20.85177,39.64404,0.92187,0.28326,-0.264423
"meditation_experiment_20260516_002946_263",1778884355341,169078,6450,1,0.996094,41.19338,20.85371,39.67645,0.937763,0.272289,-0.215545,1,0.996094,41.17612,20.84837,39.6116,0.947495,0.275374,-0.162551,41.18475,20.85104,39.64403,0.923528,0.274062,-0.268302
"meditation_experiment_20260516_002946_263",1778884355452,169189,6454,1,0.996094,41.1934,20.85285,39.67698,0.941215,0.264345,-0.210324,1,0.996094,41.17645,20.84748,39.61206,0.95064,0.26748,-0.157282,41.18493,20.85017,39.64452,0.927989,0.262953,-0.263995
"meditation_experiment_20260516_002946_263",1778884355564,169301,6458,1,0.996094,41.19363,20.85198,39.6777,0.941746,0.266696,-0.204911,1,0.996094,41.17721,20.84668,39.61263,0.950874,0.269804,-0.151804,41.18542,20.84933,39.64516,0.93265,0.254141,-0.256077
"meditation_experiment_20260516_002946_263",1778884355675,169412,6462,1,0.996094,41.19364,20.85164,39.67769,0.939629,0.276648,-0.201403,1,0.996094,41.17749,20.84641,39.61255,0.948581,0.279667,-0.148259,41.18557,20.84902,39.64512,0.93491,0.250007,-0.251873
"meditation_experiment_20260516_002946_263",1778884355786,169523,6466,1,0.996094,41.19352,20.85174,39.67757,0.953324,0.287457,-0.092427,1,0.996094,41.17755,20.84653,39.61238,0.956594,0.288758,-0.039332,41.18554,20.84913,39.64497,0.935313,0.251092,-0.249285
"meditation_experiment_20260516_002946_263",1778884355898,169635,6470,1,0.996094,41.19319,20.85175,39.67739,0.95418,0.287626,-0.082537,1,0.996094,41.17732,20.84656,39.61218,0.95694,0.288785,-0.029495,41.18525,20.84916,39.64479,0.935801,0.250872,-0.247668
"meditation_experiment_20260516_002946_263",1778884356009,169746,6474,1,0.996094,41.19295,20.85158,39.67735,0.954117,0.290033,-0.074443,1,0.996094,41.17726,20.8465,39.61209,0.956485,0.290995,-0.021431,41.1851,20.84904,39.64472,0.937031,0.249263,-0.244624
"meditation_experiment_20260516_002946_263",1778884356120,169857,6478,1,0.996094,41.19265,20.85148,39.67739,0.952953,0.292463,-0.079661,1,0.996094,41.17712,20.84642,39.61208,0.955587,0.29351,-0.026582,41.18489,20.84895,39.64474,0.938468,0.246214,-0.242192
"meditation_experiment_20260516_002946_263",1778884356232,169969,6482,1,0.996094,41.19225,20.85106,39.67773,0.95403,0.289421,-0.077862,1,0.996094,41.17697,20.84618,39.61235,0.956586,0.290397,-0.024751,41.18461,20.84862,39.64505,0.940511,0.242629,-0.237847
"meditation_experiment_20260516_002946_263",1778884356343,170080,6486,1,0.996094,41.19189,20.85104,39.67786,0.956107,0.282545,-0.07764,1,0.996094,41.17666,20.84622,39.61246,0.958644,0.28355,-0.024521,41.18428,20.84863,39.64516,0.94103,0.241452,-0.236989
"meditation_experiment_20260516_002946_263",1778884356455,170192,6490,1,0.996094,41.19165,20.85104,39.67808,0.956217,0.273664,-0.103715,1,0.996094,41.17642,20.84623,39.61269,0.960083,0.275131,-0.050439,41.18403,20.84864,39.64539,0.941046,0.241401,-0.23698
"meditation_experiment_20260516_002946_263",1778884356566,170303,6494,1,0.996094,41.19161,20.85102,39.6784,0.958529,0.269791,-0.091844,1,0.996094,41.17635,20.84623,39.61301,0.961775,0.271102,-0.038633,41.18398,20.84862,39.64571,0.940809,0.242045,-0.237263
"meditation_experiment_20260516_002946_263",1778884356678,170415,6498,1,0.996094,41.19161,20.85114,39.67894,0.974461,0.219197,-0.048772,1,0.996094,41.17635,20.84649,39.61354,0.975405,0.220382,0.004093,41.18398,20.84881,39.64624,0.940733,0.242833,-0.236755
"meditation_experiment_20260516_002946_263",1778884356789,170526,6502,1,0.996094,41.19159,20.85135,39.67963,0.973427,0.223434,-0.050168,1,0.996094,41.17652,20.84685,39.61418,0.974469,0.224508,0.002752,41.18405,20.8491,39.6469,0.941136,0.244506,-0.233408
"meditation_experiment_20260516_002946_263",1778884356900,170637,6506,1,0.996094,41.19131,20.85122,39.67979,0.973559,0.221333,-0.056521,1,0.996094,41.17629,20.84683,39.61432,0.974943,0.222428,-0.003526,41.1838,20.84902,39.64705,0.94187,0.242709,-0.232321
"meditation_experiment_20260516_002946_263",1778884357012,170749,6510,1,0.996094,41.19086,20.85117,39.67984,0.973261,0.225341,-0.044547,1,0.996094,41.17596,20.84681,39.61434,0.974034,0.22625,0.008348,41.18341,20.84899,39.64709,0.942528,0.241784,-0.230612
"meditation_experiment_20260516_002946_263",1778884357123,170860,6514,1,0.996094,41.18893,20.85047,39.68774,0.982456,0.186429,-0.00491,1,0.996094,41.17689,20.84733,39.62159,0.981207,0.186875,0.048064,41.18291,20.8489,39.65466,0.96045,0.208373,-0.184707
"meditation_experiment_20260516_002946_263",1778884357234,170971,6518,1,0.996094,41.18373,20.84402,39.69959,0.998712,-0.050732,-0.000904,1,0.996094,41.17783,20.84283,39.63254,0.997376,-0.049473,0.052867,41.18079,20.84343,39.66607,0.991717,0.092657,-0.08895
"meditation_experiment_20260516_002946_263",1778884357345,171082,6522,1,0.996094,41.17582,20.8406,39.70808,0.918432,-0.38855,0.074237,1,0.996094,41.17453,20.84064,39.64078,0.913577,-0.386088,0.127725,41.17517,20.84062,39.67443,0.998647,0.048363,-0.019097
"meditation_experiment_20260516_002946_263",1778884357456,171193,6526,1,0.996094,41.16404,20.83702,39.71342,0.893073,-0.442487,0.081392,1,0.996094,41.16502,20.83726,39.64611,0.887614,-0.440371,0.134965,41.16454,20.83714,39.67976,0.99984,-0.01046,0.01454
"meditation_experiment_20260516_002946_263",1778884357568,171305,6530,1,0.996094,41.15261,20.8368,39.71783,0.866293,-0.484537,0.121495,1,0.996094,41.15482,20.83669,39.65055,0.858958,-0.481338,0.174659,41.15371,20.83675,39.68419,0.998865,-0.034467,0.032897
"meditation_experiment_20260516_002946_263",1778884357679,171416,6534,1,0.996094,41.1409,20.83395,39.72341,0.807537,-0.572903,0.140239,1,0.996094,41.14426,20.8353,39.65619,0.798836,-0.569727,0.193063,41.14258,20.83463,39.6898,0.997637,-0.048284,0.04888
"meditation_experiment_20260516_002946_263",1778884357789,171526,6538,1,0.996094,41.13279,20.82528,39.73203,0.768856,-0.624033,0.139438,1,0.996094,41.13846,20.82881,39.66505,0.758777,-0.622372,0.192121,41.13563,20.82704,39.69854,0.989868,-0.118907,0.077608
"meditation_experiment_20260516_002946_263",1778884357902,171639,6542,1,0.996094,41.12781,20.82622,39.74008,0.813652,-0.561864,0.149264,1,0.996094,41.13489,20.8323,39.67342,0.80185,-0.562503,0.201562,41.13135,20.82926,39.70675,0.990114,-0.10249,0.095765
"meditation_experiment_20260516_002946_263",1778884358013,171750,6546,1,0.996094,41.12574,20.82992,39.74518,0.999466,0.030323,0.012167,1,0.996094,41.13176,20.83778,39.6786,0.99754,0.024081,0.065839,41.12875,20.83385,39.71189,0.994992,-0.055129,0.083381
"meditation_experiment_20260516_002946_263",1778884358124,171861,6550,1,0.996094,41.12772,20.8318,39.75024,0.999716,0.023487,-0.004089,1,0.996094,41.13219,20.84012,39.68359,0.998628,0.016842,0.049579,41.12995,20.83596,39.71691,0.997593,-0.02811,0.063386
"meditation_experiment_20260516_002946_263",1778884358235,171972,6554,1,0.996094,41.13301,20.83279,39.75548,0.999927,0.008038,0.009048,1,0.996094,41.13671,20.841,39.68877,0.998028,0.001441,0.062747,41.13486,20.8369,39.72213,0.998494,-0.00717,0.054402
"meditation_experiment_20260516_002946_263",1778884358347,172084,6558,1,0.996094,41.14013,20.83458,39.75846,0.999814,-0.006875,0.018032,1,0.996094,41.143,20.84233,39.69165,0.997336,-0.013105,0.071762,41.14156,20.83845,39.72506,0.998833,0.017411,0.045041
"meditation_experiment_20260516_002946_263",1778884358458,172195,6562,1,0.996094,41.14668,20.83398,39.75683,0.999867,-0.012636,-0.010291,1,0.996094,41.14793,20.84077,39.68987,0.998887,-0.018095,0.043571,41.1473,20.83738,39.72335,0.99971,0.013345,0.020053
"meditation_experiment_20260516_002946_263",1778884358569,172306,6566,1,0.996094,41.15363,20.83605,39.75303,0.992886,0.081581,-0.086736,1,0.996094,41.15285,20.84179,39.68596,0.99647,0.077204,-0.032967,41.15324,20.83892,39.71949,0.999549,0.028595,-0.00917
"meditation_experiment_20260516_002946_263",1778884358681,172418,6570,1,0.996094,41.15857,20.83783,39.74925,0.994382,0.086884,-0.060477,1,0.996094,41.15614,20.84277,39.68216,0.996535,0.082925,-0.006519,41.15736,20.8403,39.7157,0.998262,0.049155,-0.032524
"meditation_experiment_20260516_002946_263",1778884358793,172530,6574,1,0.996094,41.16325,20.84019,39.74605,0.994263,0.095106,-0.048957,1,0.996094,41.15965,20.84451,39.67897,0.995792,0.091506,0.005031,41.16145,20.84235,39.71251,0.996157,0.072748,-0.048769
"meditation_experiment_20260516_002946_263",1778884358904,172641,6578,1,0.996094,41.17197,20.84458,39.74276,0.98962,0.126165,-0.068817,1,0.996094,41.16709,20.8486,39.67574,0.992324,0.122772,-0.014858,41.16953,20.84659,39.70925,0.990972,0.117195,-0.065123
"meditation_experiment_20260516_002946_263",1778884359017,172754,6582,1,0.996094,41.18312,20.84549,39.73708,0.964759,0.188816,-0.183272,1,0.996094,41.1772,20.84933,39.67013,0.973792,0.18655,-0.130113,41.18016,20.84741,39.7036,0.985934,0.147353,-0.078872
"meditation_experiment_20260516_002946_263",1778884359128,172865,6586,1,0.996094,41.19417,20.84632,39.72984,0.964852,0.174823,-0.196208,1,0.996094,41.18624,20.84922,39.66306,0.974466,0.173066,-0.143054,41.1902,20.84777,39.69645,0.980844,0.16109,-0.109527
"meditation_experiment_20260516_002946_263",1778884359239,172976,6590,1,0.996094,41.20365,20.84555,39.72478,0.965338,0.164059,-0.202999,1,0.996094,41.1942,20.84825,39.65819,0.975299,0.162281,-0.149861,41.19893,20.8469,39.69149,0.977445,0.164812,-0.132056
"meditation_experiment_20260516_002946_263",1778884359351,173088,6594,1,0.996094,41.21054,20.84502,39.72207,0.970173,0.166675,-0.176023,1,0.996094,41.20007,20.8481,39.65564,0.978772,0.164224,-0.122619,41.20531,20.84656,39.68885,0.973037,0.179408,-0.144956
"meditation_experiment_20260516_002946_263",1778884359462,173199,6598,1,0.996094,41.21432,20.8446,39.72072,0.947764,0.231805,-0.219115,1,0.996094,41.20305,20.84802,39.65444,0.958988,0.229578,-0.16624,41.20869,20.84631,39.68758,0.969736,0.188436,-0.155256
"meditation_experiment_20260516_002946_263",1778884359573,173310,6602,1,0.996094,41.21663,20.84398,39.72102,0.951619,0.219508,-0.215029,1,0.996094,41.20523,20.84739,39.65476,0.962581,0.217176,-0.162087,41.21093,20.84568,39.68789,0.969875,0.185995,-0.157318
"meditation_experiment_20260516_002946_263",1778884359685,173422,6606,1,0.996094,41.21831,20.84263,39.71953,0.952055,0.223191,-0.20923,1,0.996094,41.20668,20.84606,39.65331,0.96274,0.220739,-0.156223,41.21249,20.84435,39.68642,0.969904,0.182716,-0.160941
"meditation_experiment_20260516_002946_263",1778884359796,173533,6610,1,0.996094,41.21861,20.84175,39.7182,0.956202,0.216077,-0.197457,1,0.996094,41.20733,20.84514,39.65193,0.966213,0.213558,-0.144313,41.21297,20.84345,39.68507,0.972203,0.174129,-0.156529
"meditation_experiment_20260516_002946_263",1778884359919,173656,6614,1,0.996094,41.21778,20.84141,39.71559,0.975028,0.209294,-0.074268,1,0.996094,41.20661,20.84476,39.64929,0.978456,0.205418,-0.020669,41.2122,20.84309,39.68244,0.972793,0.172065,-0.155136
"meditation_experiment_20260516_002946_263",1778884360047,173784,6619,1,0.996094,41.21594,20.84105,39.71321,0.973507,0.221698,-0.055978,1,0.996094,41.20543,20.84431,39.6468,0.976006,0.217733,-0.002382,41.21069,20.84268,39.68001,0.97429,0.171749,-0.145814
"meditation_experiment_20260516_002946_263",1778884360159,173896,6623,1,0.996094,41.21406,20.84187,39.71131,0.972022,0.234753,0.008044,1,0.996094,41.20417,20.84523,39.64481,0.971269,0.229974,0.061226,41.20912,20.84355,39.67806,0.974983,0.175782,-0.136045
"meditation_experiment_20260516_002946_263",1778884360270,174007,6627,1,0.996094,41.21268,20.84189,39.7097,0.963647,0.257143,0.07254,1,0.996094,41.20329,20.84519,39.64312,0.95977,0.251468,0.12492,41.20798,20.84354,39.67641,0.975751,0.176987,-0.128785
"meditation_experiment_20260516_002946_263",1778884360381,174118,6631,1,0.996094,41.21204,20.84165,39.7085,0.970518,0.233518,0.059696,1,0.996094,41.20298,20.84507,39.64188,0.967109,0.228219,0.11233,41.20751,20.84336,39.67519,0.976829,0.174429,-0.124017
"meditation_experiment_20260516_002946_263",1778884360492,174229,6635,1,0.996094,41.21185,20.84219,39.7075,0.966794,0.249446,0.055561,1,0.996094,41.20297,20.84551,39.64085,0.963671,0.244152,0.108297,41.20741,20.84385,39.67418,0.976446,0.178466,-0.121259
"meditation_experiment_20260516_002946_263",1778884360604,174341,6639,1,0.996094,41.2121,20.84206,39.7066,0.967828,0.244062,0.061177,1,0.996094,41.20316,20.84538,39.63997,0.964392,0.238735,0.113813,41.20763,20.84372,39.67328,0.975838,0.18125,-0.12202
"meditation_experiment_20260516_002946_263",1778884360715,174452,6643,1,0.996094,41.21237,20.84186,39.70563,0.97596,0.208207,-0.064439,1,0.996094,41.20329,20.84503,39.639,0.978764,0.204714,-0.010674,41.20783,20.84345,39.67231,0.97576,0.179983,-0.124494
"meditation_experiment_20260516_002946_263",1778884360825,174562,6647,1,0.996094,41.21278,20.84157,39.70501,0.976428,0.180109,-0.11895,1,0.996094,41.20348,20.8447,39.63841,0.982005,0.177241,-0.065203,41.20813,20.84313,39.67171,0.97562,0.17834,-0.127907
"meditation_experiment_20260516_002946_263",1778884360937,174674,6651,1,0.996094,41.21314,20.84144,39.70443,0.975444,0.182701,-0.122998,1,0.996094,41.20359,20.84462,39.63787,0.981261,0.179799,-0.069277,41.20836,20.84303,39.67115,0.975393,0.176909,-0.131576
"meditation_experiment_20260516_002946_263",1778884361049,174786,6655,1,0.996094,41.21347,20.84124,39.70376,0.97387,0.18907,-0.125819,1,0.996094,41.20363,20.84431,39.63724,0.979856,0.18623,-0.072115,41.20855,20.84277,39.6705,0.974697,0.177413,-0.135984
"meditation_experiment_20260516_002946_263",1778884361160,174897,6659,1,0.996094,41.21376,20.84115,39.70336,0.936362,0.069942,-0.343998,1,0.996094,41.2036,20.84415,39.63688,0.953509,0.068182,-0.293552,41.20868,20.84265,39.67012,0.974504,0.174497,-0.141041
"meditation_experiment_20260516_002946_263",1778884361271,175008,6663,1,0.996094,41.21433,20.84082,39.7034,0.932253,0.072397,-0.35449,1,0.996094,41.20371,20.84392,39.637,0.949961,0.070596,-0.304287,41.20902,20.84237,39.6702,0.97375,0.173306,-0.147563
"meditation_experiment_20260516_002946_263",1778884361383,175120,6667,1,0.996094,41.21456,20.84058,39.70364,0.933016,0.07034,-0.352896,1,0.996094,41.20369,20.84393,39.63729,0.950659,0.068302,-0.302624,41.20912,20.84225,39.67047,0.973266,0.173388,-0.150632
"meditation_experiment_20260516_002946_263",1778884361495,175232,6671,1,0.996094,41.21447,20.84048,39.70412,0.970967,0.169116,-0.169187,1,0.996094,41.20372,20.84381,39.63775,0.979246,0.166374,-0.115749,41.20909,20.84214,39.67094,0.973594,0.17299,-0.148963
"meditation_experiment_20260516_002946_263",1778884361605,175342,6675,1,0.996094,41.21406,20.84086,39.70417,0.970572,0.180243,-0.159696,1,0.996094,41.20346,20.84417,39.63777,0.978384,0.177447,-0.106194,41.20876,20.84251,39.67097,0.973564,0.175055,-0.146728
"meditation_experiment_20260516_002946_263",1778884361717,175454,6679,1,0.996094,41.21384,20.84105,39.70387,0.971109,0.176097,-0.161047,1,0.996094,41.20319,20.84432,39.63748,0.978972,0.173341,-0.10755,41.20852,20.84269,39.67067,0.973211,0.176386,-0.147471
"meditation_experiment_20260516_002946_263",1778884361828,175565,6683,1,0.996094,41.21373,20.8411,39.7036,0.983991,0.164201,-0.069282,1,0.996094,41.20309,20.84434,39.63721,0.986885,0.160666,-0.015634,41.20841,20.84272,39.67041,0.972996,0.17785,-0.147137
"meditation_experiment_20260516_002946_263",1778884361940,175677,6687,1,0.996094,41.21359,20.84132,39.70333,0.984842,0.161741,-0.062659,1,0.996094,41.20302,20.84452,39.63692,0.987366,0.158198,-0.009029,41.20831,20.84292,39.67013,0.973138,0.177697,-0.146379
"meditation_experiment_20260516_002946_263",1778884362051,175788,6691,1,0.996094,41.2136,20.8414,39.70299,0.98343,0.170291,-0.062185,1,0.996094,41.20296,20.84446,39.63659,0.985954,0.166796,-0.008558,41.20828,20.84293,39.66979,0.972706,0.179026,-0.147625
"meditation_experiment_20260516_002946_263",1778884362163,175900,6695,1,0.996094,41.21321,20.84165,39.70235,0.972541,0.036288,-0.229884,1,0.996094,41.20242,20.84465,39.63597,0.983626,0.033962,-0.176993,41.20782,20.84315,39.66916,0.972306,0.179314,-0.149893
"meditation_experiment_20260516_002946_263",1778884362274,176011,6699,1,0.996094,41.21298,20.84154,39.70198,0.968877,0.004466,-0.247503,1,0.996094,41.20216,20.84442,39.6356,0.980831,0.00216,-0.194848,41.20757,20.84298,39.66879,0.972071,0.17999,-0.150608
"meditation_experiment_20260516_002946_263",1778884362385,176122,6703,1,0.996094,41.21274,20.84175,39.70155,0.968632,-0.000374,-0.248499,1,0.996094,41.20185,20.84463,39.63518,0.98063,-0.002697,-0.195853,41.20729,20.84319,39.66836,0.972025,0.179344,-0.151668
"meditation_experiment_20260516_002946_263",1778884362497,176234,6707,1,0.996094,41.21279,20.84158,39.70126,0.969319,-0.005118,-0.245756,1,0.996094,41.20187,20.84445,39.6349,0.981158,-0.007446,-0.193063,41.20733,20.84301,39.66808,0.972015,0.178923,-0.152231
"meditation_experiment_20260516_002946_263",1778884362608,176345,6711,1,0.996094,41.21283,20.8415,39.70129,0.968287,-0.00774,-0.249722,1,0.996094,41.20197,20.84439,39.63492,0.980333,-0.010092,-0.197093,41.2074,20.84295,39.66811,0.972375,0.177699,-0.151363
"meditation_experiment_20260516_002946_263",1778884362719,176456,6715,1,0.996094,41.21271,20.84149,39.70146,0.969596,-0.001491,-0.244708,1,0.996094,41.20186,20.84439,39.63508,0.981386,-0.003826,-0.192006,41.20729,20.84294,39.66827,0.972122,0.17935,-0.151039
"meditation_experiment_20260516_002946_263",1778884362831,176568,6719,1,0.996094,41.21247,20.84179,39.70149,0.983981,0.137221,-0.113805,1,0.996094,41.20167,20.84467,39.63511,0.989101,0.134419,-0.060095,41.20707,20.84323,39.6683,0.971805,0.181669,-0.150304
"meditation_experiment_20260516_002946_263",1778884362943,176680,6723,1,0.996094,41.21206,20.84176,39.70121,0.983895,0.137,-0.114815,1,0.996094,41.2012,20.84452,39.63483,0.989057,0.134283,-0.061105,41.20663,20.84314,39.66802,0.971979,0.179734,-0.151505
"meditation_experiment_20260516_002946_263",1778884363054,176791,6727,1,0.996094,41.2114,20.84201,39.70068,0.980094,0.120871,-0.157504,1,0.996094,41.20043,20.8447,39.63432,0.987495,0.118534,-0.103936,41.20592,20.84336,39.6675,0.971581,0.180343,-0.15332
"meditation_experiment_20260516_002946_263",1778884363165,176902,6731,1,0.996094,41.21095,20.84235,39.70011,0.958893,0.083466,-0.271215,1,0.996094,41.19989,20.84493,39.63376,0.972295,0.081775,-0.218988,41.20542,20.84364,39.66693,0.971047,0.182012,-0.154726
"meditation_experiment_20260516_002946_263",1778884363277,177014,6735,1,0.996094,41.21061,20.8427,39.6992,0.959982,0.082,-0.267788,1,0.996094,41.19941,20.84512,39.63287,0.973193,0.080401,-0.215482,41.20501,20.84391,39.66604,0.970459,0.183033,-0.157187
"meditation_experiment_20260516_002946_263",1778884363388,177125,6739,1,0.996094,41.21036,20.8428,39.69833,0.959745,0.090134,-0.266017,1,0.996094,41.19901,20.84512,39.63201,0.972876,0.088639,-0.213672,41.20469,20.84396,39.66517,0.970079,0.182941,-0.159626
"meditation_experiment_20260516_002946_263",1778884363499,177236,6743,1,0.996094,41.21016,20.84274,39.69795,0.991192,0.075431,-0.108849,1,0.996094,41.19887,20.84507,39.63163,0.995791,0.073217,-0.055132,41.20451,20.8439,39.66479,0.970201,0.183099,-0.158698
"meditation_experiment_20260516_002946_263",1778884363610,177347,6747,1,0.996094,41.21017,20.84307,39.69776,0.99065,0.077864,-0.112029,1,0.996094,41.19908,20.84541,39.6314,0.995427,0.075668,-0.0583,41.20462,20.84424,39.66458,0.969973,0.186921,-0.155606
"meditation_experiment_20260516_002946_263",1778884363723,177460,6751,1,0.996094,41.21083,20.84252,39.69715,0.956467,0.046991,-0.288031,1,0.996094,41.19954,20.84476,39.63083,0.970673,0.045429,-0.236075,41.20518,20.84364,39.66399,0.970248,0.182589,-0.158999
"meditation_experiment_20260516_002946_263",1778884363834,177571,6755,1,0.996094,41.21325,20.84301,39.69706,0.957265,0.060238,-0.282871,1,0.996094,41.20268,20.8466,39.63068,0.971257,0.057691,-0.230937,41.20797,20.8448,39.66387,0.972414,0.18287,-0.144811
"meditation_experiment_20260516_002946_263",1778884363945,177682,6759,1,0.996094,41.21947,20.8418,39.69203,0.960554,0.102326,-0.258585,1,0.996094,41.21051,20.84848,39.62565,0.973554,0.097552,-0.206582,41.21499,20.84514,39.65884,0.968687,0.223416,-0.10831
"meditation_experiment_20260516_002946_263",1778884364056,177793,6763,1,0.996094,41.22189,20.83815,39.68237,0.96664,0.052801,-0.250638,1,0.996094,41.21497,20.84616,39.61589,0.978943,0.046718,-0.198719,41.21843,20.84216,39.64913,0.978075,0.192866,-0.078567
"meditation_experiment_20260516_002946_263",1778884364167,177904,6767,1,0.996094,41.21864,20.83982,39.68128,0.98795,0.136615,0.072745,1,0.996094,41.21734,20.84727,39.61439,0.983493,0.129871,0.125994,41.21799,20.84355,39.64783,0.975967,0.217854,0.005379
"meditation_experiment_20260516_002946_263",1778884364279,178016,6771,1,0.996094,41.20518,20.84265,39.69593,0.861629,0.080754,0.501073,1,0.996094,41.21561,20.84989,39.62982,0.836075,0.073369,0.543687,41.21039,20.84627,39.66288,0.956489,0.232449,0.17634
"meditation_experiment_20260516_002946_263",1778884364390,178127,6775,1,0.996094,41.19177,20.84353,39.70996,0.844148,0.12047,0.522399,1,0.996094,41.21163,20.85182,39.64618,0.816636,0.112185,0.566145,41.2017,20.84768,39.67807,0.914548,0.250744,0.317379
"meditation_experiment_20260516_002946_263",1778884364502,178239,6779,1,0.996094,41.18155,20.84394,39.71998,0.751565,0.119613,0.648724,1,0.996094,41.20802,20.85295,39.65874,0.718202,0.110473,0.687009,41.19478,20.84845,39.68937,0.870257,0.265175,0.415132
"meditation_experiment_20260516_002946_263",1778884364614,178351,6783,1,0.996094,41.17737,20.84495,39.7253,0.829742,0.121729,0.544711,1,0.996094,41.20403,20.85476,39.66427,0.800625,0.112729,0.588466,41.1907,20.84986,39.69479,0.865321,0.271022,0.421625
"meditation_experiment_20260516_002946_263",1778884364725,178462,6787,1,0.996094,41.17377,20.84403,39.73065,0.844414,0.110394,0.524194,1,0.996094,41.19985,20.85603,39.66976,0.816517,0.099863,0.568618,41.18681,20.85003,39.7002,0.867998,0.260009,0.423054
"meditation_experiment_20260516_002946_263",1778884364836,178573,6791,1,0.996094,41.16792,20.84455,39.73801,0.815709,0.122546,0.565334,1,0.996094,41.19657,20.85715,39.67841,0.785858,0.111421,0.608287,41.18224,20.85085,39.70821,0.844154,0.27038,0.462925
"meditation_experiment_20260516_002946_263",1778884364948,178685,6795,1,0.996094,41.16859,20.84991,39.73476,0.830633,0.29258,0.473757,1,0.996094,41.19393,20.85852,39.67299,0.805317,0.283912,0.520441,41.18126,20.85421,39.70387,0.868081,0.297341,0.397523
"meditation_experiment_20260516_002946_263",1778884365059,178796,6799,1,0.996094,41.16686,20.8523,39.73592,0.820802,0.294279,0.489576,1,0.996094,41.19143,20.85927,39.67364,0.794502,0.286321,0.535526,41.17914,20.85579,39.70478,0.868118,0.321258,0.378371
"meditation_experiment_20260516_002946_263",1778884365170,178907,6803,1,0.996094,41.16661,20.85922,39.73244,0.856563,0.409901,0.313499,1,0.996094,41.18785,20.86311,39.66868,0.838098,0.406111,0.364233,41.17723,20.86117,39.70056,0.875004,0.36851,0.313956
"meditation_experiment_20260516_002946_263",1778884365282,179019,6807,1,0.996094,41.17299,20.86101,39.71892,0.898436,0.406913,0.165033,1,0.996094,41.18139,20.86179,39.65214,0.888113,0.404644,0.217987,41.17719,20.8614,39.68553,0.913547,0.388776,0.119518
"meditation_experiment_20260516_002946_263",1778884365392,179129,6811,1,0.996094,41.17667,20.86193,39.70837,0.947298,0.302115,-0.10655,1,0.996094,41.17665,20.86045,39.64107,0.951051,0.304504,-0.05273,41.17666,20.86119,39.67472,0.92696,0.375063,-0.008548
"meditation_experiment_20260516_002946_263",1778884365504,179241,6815,1,0.996094,41.17503,20.86295,39.70329,0.946849,0.320492,-0.027587,1,0.996094,41.17424,20.85927,39.63607,0.946043,0.322957,0.026476,41.17464,20.86111,39.66968,0.924962,0.378748,-0.031556
"meditation_experiment_20260516_002946_263",1778884365616,179353,6819,1,0.996094,41.17261,20.86387,39.69936,0.943387,0.331643,-0.005977,1,0.996094,41.17012,20.85971,39.63222,0.94149,0.333615,0.047943,41.17136,20.86179,39.66579,0.920744,0.385837,-0.057967
"meditation_experiment_20260516_002946_263",1778884365727,179464,6823,1,0.996094,41.17105,20.86491,39.69511,0.944551,0.326897,-0.031012,1,0.996094,41.16628,20.86035,39.62812,0.944033,0.329057,0.022892,41.16866,20.86263,39.66162,0.915779,0.391017,-0.091944
"meditation_experiment_20260516_002946_263",1778884365838,179575,6827,1,0.996094,41.16992,20.86562,39.69105,0.899846,0.414295,-0.136518,1,0.996094,41.1624,20.86091,39.62432,0.904854,0.417608,-0.082718,41.16616,20.86327,39.65768,0.906693,0.401074,-0.130568
"meditation_experiment_20260516_002946_263",1778884365949,179686,6831,1,0.996094,41.16939,20.8661,39.68801,0.902265,0.411799,-0.127827,1,0.996094,41.1597,20.86139,39.62156,0.907146,0.41425,-0.074052,41.16455,20.86375,39.65479,0.900966,0.40335,-0.159907
"meditation_experiment_20260516_002946_263",1778884366061,179798,6835,1,0.996094,41.16903,20.86636,39.68682,0.905616,0.411364,-0.10315,1,0.996094,41.15837,20.86152,39.62053,0.90936,0.413064,-0.049423,41.1637,20.86394,39.65367,0.896973,0.406415,-0.173974
"meditation_experiment_20260516_002946_263",1778884366173,179910,6839,1,0.996094,41.16911,20.86637,39.68737,0.872153,0.482087,-0.083322,1,0.996094,41.15831,20.86176,39.62108,0.875272,0.482722,-0.029645,41.16371,20.86406,39.65422,0.896538,0.4072,-0.174381
"meditation_experiment_20260516_002946_263",1778884366284,180021,6843,1,0.996094,41.1685,20.86636,39.68823,0.875952,0.475755,-0.079784,1,0.996094,41.15758,20.86221,39.62193,0.87905,0.476014,-0.026116,41.16304,20.86428,39.65508,0.894804,0.411485,-0.173225
"meditation_experiment_20260516_002946_263",1778884366395,180132,6847,1,0.996094,41.16785,20.86648,39.68796,0.882094,0.464545,-0.07815,1,0.996094,41.1566,20.86234,39.62172,0.885125,0.464708,-0.024517,41.16222,20.86441,39.65483,0.894125,0.411149,-0.177471
"meditation_experiment_20260516_002946_263",1778884366507,180244,6851,1,0.996094,41.16693,20.86664,39.68703,0.854139,0.512752,-0.086786,1,0.996094,41.15543,20.862,39.62086,0.857704,0.513073,-0.033166,41.16118,20.86432,39.65395,0.892433,0.411986,-0.18393
"meditation_experiment_20260516_002946_263",1778884366618,180355,6855,1,0.996094,41.16563,20.86703,39.68601,0.854245,0.513419,-0.081653,1,0.996094,41.15352,20.86229,39.61996,0.857662,0.513444,-0.02812,41.15958,20.86466,39.65298,0.889705,0.413806,-0.192848
"meditation_experiment_20260516_002946_263",1778884366729,180466,6859,1,0.996094,41.16448,20.86764,39.6852,0.855617,0.508903,-0.094544,1,0.996094,41.15186,20.86279,39.61925,0.859681,0.509182,-0.041018,41.15817,20.86522,39.65222,0.885881,0.41845,-0.200289
"meditation_experiment_20260516_002946_263",1778884366841,180578,6863,1,0.996094,41.16392,20.86806,39.68479,0.911811,0.381668,-0.15143,1,0.996094,41.15128,20.86327,39.61884,0.918164,0.383925,-0.097866,41.1576,20.86566,39.65182,0.885494,0.419347,-0.200124
"meditation_experiment_20260516_002946_263",1778884366952,180689,6867,1,0.996094,41.16375,20.86824,39.68451,0.929781,0.340154,-0.140718,1,0.996094,41.15174,20.86348,39.61845,0.935464,0.342524,-0.087092,41.15774,20.86586,39.65148,0.887551,0.419015,-0.191521
"meditation_experiment_20260516_002946_263",1778884367063,180800,6871,1,0.996094,41.16352,20.86784,39.68396,0.940269,0.327203,-0.093984,1,0.996094,41.15172,20.86277,39.61788,0.943443,0.329067,-0.040381,41.15762,20.86531,39.65092,0.890596,0.412884,-0.190697
"meditation_experiment_20260516_002946_263",1778884367175,180912,6875,1,0.996094,41.16367,20.8677,39.68252,0.969779,0.240271,-0.042406,1,0.996094,41.15144,20.86248,39.61654,0.970184,0.242128,0.010827,41.15755,20.86509,39.64953,0.890284,0.410337,-0.197531
"meditation_experiment_20260516_002946_263",1778884367286,181023,6879,1,0.996094,41.16352,20.86789,39.6819,0.968583,0.244933,-0.043073,1,0.996094,41.15124,20.86234,39.61594,0.968965,0.24699,0.010139,41.15738,20.86511,39.64892,0.89049,0.408555,-0.200276
"meditation_experiment_20260516_002946_263",1778884367397,181134,6883,1,0.996094,41.16421,20.86706,39.68233,0.968648,0.246759,-0.028826,1,0.996094,41.15219,20.86167,39.61632,0.968318,0.248537,0.024298,41.1582,20.86436,39.64933,0.894178,0.402701,-0.195646
"meditation_experiment_20260516_002946_263",1778884367509,181246,6887,1,0.996094,41.16407,20.86704,39.68274,0.979094,0.144929,-0.142723,1,0.996094,41.15226,20.86195,39.61666,0.984892,0.14847,-0.089137,41.15817,20.86449,39.6497,0.893978,0.405334,-0.191073
"meditation_experiment_20260516_002946_263",1778884367620,181357,6891,1,0.996094,41.16358,20.86803,39.6829,0.974779,0.157901,-0.15771,1,0.996094,41.15181,20.8629,39.61682,0.981351,0.161555,-0.10417,41.1577,20.86546,39.64986,0.891851,0.410199,-0.190627
"meditation_experiment_20260516_002946_263",1778884367731,181468,6895,1,0.996094,41.16315,20.86808,39.68298,0.972314,0.162615,-0.167813,1,0.996094,41.15099,20.86322,39.61694,0.979463,0.166082,-0.11432,41.15707,20.86565,39.64996,0.888904,0.414863,-0.194265
"meditation_experiment_20260516_002946_263",1778884367843,181580,6899,1,0.996094,41.16282,20.86756,39.68287,0.923467,0.09804,-0.370941,1,0.996094,41.15021,20.86268,39.61692,0.941537,0.10282,-0.320838,41.15651,20.86512,39.6499,0.890818,0.40774,-0.200477
"meditation_experiment_20260516_002946_263",1778884367955,181692,6903,1,0.996094,41.16262,20.8675,39.68215,0.922721,0.086833,-0.37556,1,0.996094,41.14956,20.8624,39.61631,0.941069,0.091686,-0.325551,41.15609,20.86495,39.64923,0.892003,0.401352,-0.207958
"meditation_experiment_20260516_002946_263",1778884368066,181803,6907,1,0.996094,41.16214,20.86736,39.68222,0.989756,0.052956,-0.132588,1,0.996094,41.1492,20.862,39.61638,0.995236,0.056995,-0.079101,41.15567,20.86468,39.6493,0.892958,0.399162,-0.208076
"meditation_experiment_20260516_002946_263",1778884368177,181914,6911,1,0.996094,41.1606,20.86572,39.68734,0.99524,0.041635,-0.088118,1,0.996094,41.14904,20.86294,39.62109,0.998455,0.043609,-0.034448,41.15482,20.86433,39.65421,0.910328,0.375245,-0.17463
"meditation_experiment_20260516_002946_263",1778884368289,182026,6915,1,0.996094,41.15847,20.86381,39.69254,0.99402,0.060591,-0.090851,1,0.996094,41.14752,20.86358,39.62612,0.997483,0.060446,-0.037082,41.15299,20.86369,39.65933,0.917282,0.367897,-0.152468
"meditation_experiment_20260516_002946_263",1778884368400,182137,6919,1,0.996094,41.15818,20.86404,39.69445,0.985536,0.08957,-0.14386,1,0.996094,41.1448,20.86699,39.62854,0.992118,0.086821,-0.090352,41.15149,20.86552,39.66149,0.907495,0.385442,-0.166993
"meditation_experiment_20260516_002946_263",1778884368511,182248,6923,1,0.996094,41.16069,20.86427,39.69253,0.795887,0.397852,-0.456375,1,0.996094,41.1415,20.87078,39.62833,0.821008,0.397374,-0.409928,41.15109,20.86752,39.66043,0.885675,0.407019,-0.223419
"meditation_experiment_20260516_002946_263",1778884368623,182360,6927,1,0.996094,41.16277,20.86481,39.6903,0.813848,0.385611,-0.434692,1,0.996094,41.14139,20.87206,39.62688,0.838486,0.383245,-0.387382,41.15208,20.86843,39.65859,0.88019,0.403081,-0.250583
"meditation_experiment_20260516_002946_263",1778884368734,182471,6931,1,0.996094,41.16432,20.86457,39.6907,0.840859,0.370106,-0.394941,1,0.996094,41.14354,20.87063,39.62696,0.863163,0.367646,-0.3461,41.15393,20.8676,39.65883,0.879973,0.404903,-0.248399
"meditation_experiment_20260516_002946_263",1778884368845,182582,6935,1,0.996094,41.16697,20.86267,39.69241,0.855392,0.359718,-0.372704,1,0.996094,41.14751,20.86972,39.62835,0.876597,0.356349,-0.323411,41.15724,20.8662,39.66039,0.890358,0.394621,-0.227016
"meditation_experiment_20260516_002946_263",1778884368957,182694,6939,1,0.996094,41.17039,20.85612,39.69411,0.883275,0.290049,-0.36837,1,0.996094,41.15388,20.86271,39.62918,0.903358,0.286943,-0.318762,41.16214,20.85942,39.66165,0.926705,0.315864,-0.203591
"meditation_experiment_20260516_002946_263",1778884369068,182805,6943,1,0.996094,41.17344,20.84028,39.69855,0.95582,0.01514,-0.293565,1,0.996094,41.16369,20.84491,39.63211,0.970223,0.011507,-0.241942,41.16857,20.84259,39.66533,0.984142,0.113193,-0.136571
"meditation_experiment_20260516_002946_263",1778884369179,182916,6947,1,0.996094,41.17358,20.82428,39.70184,0.878052,-0.478225,-0.018041,1,0.996094,41.16971,20.82542,39.63464,0.877954,-0.477391,0.035976,41.17165,20.82485,39.66824,0.994743,-0.083854,-0.058784
"meditation_experiment_20260516_002946_263",1778884369290,183027,6951,1,0.996094,41.17224,20.81562,39.70222,0.730149,-0.672323,0.121919,1,0.996094,41.17101,20.81405,39.63493,0.725379,-0.665769,0.174868,41.17163,20.81484,39.66858,0.984586,-0.174345,-0.01395
"meditation_experiment_20260516_002946_263",1778884369402,183139,6955,1,0.996094,41.17099,20.81226,39.70121,0.743993,-0.654057,0.136689,1,0.996094,41.1713,20.80971,39.63395,0.738322,-0.647249,0.189603,41.17114,20.81099,39.66758,0.977328,-0.21136,0.01254
"meditation_experiment_20260516_002946_263",1778884369514,183251,6959,1,0.996094,41.17112,20.80914,39.69938,0.691546,-0.712642,0.117927,1,0.996094,41.17199,20.80616,39.63213,0.686961,-0.70624,0.171201,41.17155,20.80765,39.66576,0.97155,-0.235721,0.022941
"meditation_experiment_20260516_002946_263",1778884369625,183362,6963,1,0.996094,41.17258,20.80617,39.69676,0.693881,-0.711496,0.110914,1,0.996094,41.17311,20.80313,39.62952,0.689704,-0.705214,0.16426,41.17284,20.80465,39.66314,0.965463,-0.259811,0.019512
"meditation_experiment_20260516_002946_263",1778884369737,183474,6967,1,0.996094,41.17561,20.80327,39.69179,0.690902,-0.722624,0.021665,1,0.996094,41.17376,20.80044,39.62455,0.690997,-0.71889,0.075644,41.17468,20.80185,39.65817,0.960084,-0.27932,-0.014809
"meditation_experiment_20260516_002946_263",1778884369848,183585,6971,1,0.996094,41.17933,20.80051,39.68496,0.687362,-0.725883,-0.02505,1,0.996094,41.17313,20.79865,39.61796,0.690662,-0.722603,0.028842,41.17623,20.79958,39.65146,0.95164,-0.296667,-0.079815
"meditation_experiment_20260516_002946_263",1778884369959,183696,6975,1,0.996094,41.1824,20.79856,39.67896,0.638469,-0.704865,-0.309067,1,0.996094,41.17247,20.79769,39.61238,0.653268,-0.711629,-0.258508,41.17743,20.79813,39.64567,0.942038,-0.306443,-0.136591
"meditation_experiment_20260516_002946_263",1778884370071,183808,6979,1,0.996094,41.18399,20.79736,39.67585,0.651764,-0.70751,-0.273192,1,0.996094,41.17228,20.79673,39.60957,0.666028,-0.712222,-0.221693,41.17813,20.79705,39.64271,0.936176,-0.311773,-0.162398
"meditation_experiment_20260516_002946_263",1778884370182,183919,6983,1,0.996094,41.18418,20.79659,39.67475,0.683042,-0.726597,0.074234,1,0.996094,41.17221,20.7958,39.60851,0.684819,-0.717674,0.126363,41.17819,20.7962,39.64163,0.934092,-0.316597,-0.165042
"meditation_experiment_20260516_002946_263",1778884370294,184031,6987,1,0.996094,41.18363,20.79647,39.67517,0.697403,-0.712321,0.078917,1,0.996094,41.17213,20.79551,39.60886,0.698623,-0.703386,0.131053,41.17788,20.79599,39.64202,0.934595,-0.318945,-0.157502
"meditation_experiment_20260516_002946_263",1778884370405,184142,6991,1,0.996094,41.18301,20.79692,39.6755,0.704383,-0.705198,0.080881,1,0.996094,41.1719,20.79579,39.60912,0.705299,-0.69631,0.133061,41.17745,20.79636,39.64231,0.936483,-0.316374,-0.151352
"meditation_experiment_20260516_002946_263",1778884370517,184254,6995,1,0.996094,41.18274,20.79722,39.67555,0.702608,-0.711345,0.018177,1,0.996094,41.17173,20.79601,39.60915,0.705868,-0.704753,0.071232,41.17723,20.79662,39.64235,0.937684,-0.313618,-0.149641
"meditation_experiment_20260516_002946_263",1778884370628,184365,6999,1,0.996094,41.18267,20.79747,39.67573,0.704371,-0.707715,-0.05478,1,0.996094,41.17183,20.79629,39.6093,0.710256,-0.703943,-0.001236,41.17725,20.79688,39.64252,0.939023,-0.31046,-0.147818
"meditation_experiment_20260516_002946_263",1778884370740,184477,7003,1,0.996094,41.18315,20.79766,39.67626,0.70318,-0.709152,-0.051397,1,0.996094,41.17273,20.79627,39.60977,0.708868,-0.705337,0.00218,41.17794,20.79697,39.64301,0.94069,-0.308627,-0.1409
"meditation_experiment_20260516_002946_263",1778884370850,184587,7007,1,0.996094,41.18348,20.79746,39.67675,0.703887,-0.708411,-0.051932,1,0.996094,41.17336,20.796,39.61022,0.709496,-0.704707,0.001677,41.17842,20.79673,39.64349,0.941603,-0.307859,-0.136407
"meditation_experiment_20260516_002946_263",1778884370962,184699,7011,1,0.996094,41.18416,20.79775,39.67697,0.706115,-0.706773,0.043281,1,0.996094,41.1742,20.79622,39.61041,0.708091,-0.699534,0.096223,41.17918,20.79698,39.64369,0.943287,-0.303641,-0.134211
"meditation_experiment_20260516_002946_263",1778884371074,184811,7015,1,0.996094,41.18433,20.7978,39.677,0.698659,-0.714933,0.027317,1,0.996094,41.17445,20.79635,39.61043,0.701272,-0.70834,0.080455,41.17939,20.79708,39.64372,0.943634,-0.302903,-0.133431
"meditation_experiment_20260516_002946_263",1778884371185,184922,7019,1,0.996094,41.18453,20.79795,39.6769,0.691372,-0.722111,0.023693,1,0.996094,41.17466,20.79647,39.61032,0.694223,-0.715643,0.076874,41.1796,20.79721,39.64361,0.944224,-0.301148,-0.133237
"meditation_experiment_20260516_002946_263",1778884371296,185033,7023,1,0.996094,41.18414,20.79728,39.67693,0.676973,-0.735524,0.026712,1,0.996094,41.17432,20.79582,39.61035,0.679874,-0.728966,0.079877,41.17923,20.79655,39.64364,0.941896,-0.308868,-0.132031
"meditation_experiment_20260516_002946_263",1778884371407,185144,7027,1,0.996094,41.18405,20.79748,39.67722,0.682922,-0.729881,0.02986,1,0.996094,41.1744,20.79604,39.61061,0.685552,-0.723275,0.083011,41.17923,20.79675,39.64392,0.942981,-0.306439,-0.129935
"meditation_experiment_20260516_002946_263",1778884371519,185256,7031,1,0.996094,41.184,20.79764,39.67743,0.682082,-0.730936,0.022301,1,0.996094,41.17445,20.79619,39.61081,0.684956,-0.724658,0.075544,41.17922,20.79691,39.64412,0.94306,-0.306797,-0.128502
"meditation_experiment_20260516_002946_263",1778884371630,185367,7035,1,0.996094,41.18388,20.7977,39.67734,0.683388,-0.729856,0.017074,1,0.996094,41.17427,20.79631,39.61073,0.686443,-0.723773,0.070357,41.17908,20.79701,39.64404,0.943394,-0.305258,-0.129716
"meditation_experiment_20260516_002946_263",1778884371742,185479,7039,1,0.996094,41.18375,20.7977,39.67748,0.682673,-0.73049,0.018501,1,0.996094,41.17421,20.79626,39.61086,0.685673,-0.724362,0.071781,41.17898,20.79697,39.64417,0.943379,-0.305826,-0.128479
"meditation_experiment_20260516_002946_263",1778884371853,185590,7043,1,0.996094,41.18351,20.798,39.67741,0.684815,-0.72846,0.019367,1,0.996094,41.17396,20.7966,39.61079,0.687741,-0.722313,0.072636,41.17874,20.7973,39.6441,0.94394,-0.303859,-0.129023
"meditation_experiment_20260516_002946_263",1778884371964,185701,7047,1,0.996094,41.18344,20.79817,39.67735,0.685577,-0.727662,0.022209,1,0.996094,41.17384,20.79678,39.61074,0.688408,-0.72139,0.075443,41.17864,20.79748,39.64405,0.943999,-0.303358,-0.129768
"meditation_experiment_20260516_002946_263",1778884372075,185812,7051,1,0.996094,41.18325,20.79818,39.67736,0.681841,-0.731141,0.022954,1,0.996094,41.17363,20.79688,39.61074,0.684665,-0.724866,0.076179,41.17844,20.79753,39.64405,0.943835,-0.303591,-0.130415
"meditation_experiment_20260516_002946_263",1778884372187,185924,7055,1,0.996094,41.18319,20.79841,39.67733,0.681046,-0.73143,0.034457,1,0.996094,41.17365,20.79712,39.6107,0.683431,-0.724744,0.087573,41.17842,20.79777,39.64402,0.944603,-0.301588,-0.129502
"meditation_experiment_20260516_002946_263",1778884372298,186035,7059,1,0.996094,41.18281,20.79854,39.67717,0.67787,-0.734539,0.030723,1,0.996094,41.17321,20.79723,39.61055,0.680466,-0.727964,0.083872,41.17801,20.79789,39.64386,0.944431,-0.301795,-0.130273
"meditation_experiment_20260516_002946_263",1778884372410,186147,7063,1,0.996094,41.18261,20.79866,39.67696,0.679381,-0.733174,0.029958,1,0.996094,41.17297,20.79736,39.61036,0.681997,-0.726618,0.083111,41.17779,20.79801,39.64366,0.944706,-0.300687,-0.130835
"meditation_experiment_20260516_002946_263",1778884372521,186258,7067,1,0.996094,41.1822,20.79863,39.677,0.67331,-0.739058,0.021152,1,0.996094,41.17268,20.79723,39.61038,0.67631,-0.732849,0.074413,41.17744,20.79793,39.64369,0.944721,-0.301533,-0.128763
"meditation_experiment_20260516_002946_263",1778884372633,186370,7071,1,0.996094,41.18207,20.79895,39.67683,0.685404,-0.727897,0.019715,1,0.996094,41.17251,20.79751,39.61021,0.688329,-0.721719,0.072981,41.17729,20.79823,39.64352,0.945601,-0.298591,-0.129163
"meditation_experiment_20260516_002946_263",1778884372744,186481,7075,1,0.996094,41.18212,20.79883,39.67672,0.680707,-0.732264,0.020692,1,0.996094,41.1725,20.79742,39.61011,0.683673,-0.726033,0.073941,41.17731,20.79812,39.64341,0.945607,-0.2981,-0.130242
"meditation_experiment_20260516_002946_263",1778884372856,186592,7079,1,0.996094,41.18214,20.79852,39.67707,0.68168,-0.731487,0.015459,1,0.996094,41.17267,20.79714,39.61044,0.684754,-0.725522,0.068775,41.17741,20.79783,39.64376,0.945419,-0.299556,-0.128254
"meditation_experiment_20260516_002946_263",1778884372967,186704,7083,1,0.996094,41.18251,20.79862,39.67739,0.68195,-0.731042,0.022857,1,0.996094,41.17318,20.79714,39.61074,0.684727,-0.724813,0.076126,41.17785,20.79788,39.64406,0.945923,-0.298996,-0.125824
"meditation_experiment_20260516_002946_263",1778884373078,186815,7087,1,0.996094,41.18267,20.79828,39.67731,0.685062,-0.72829,0.016836,1,0.996094,41.17334,20.79691,39.61065,0.687979,-0.722332,0.070158,41.17801,20.79759,39.64398,0.945603,-0.299844,-0.12621
"meditation_experiment_20260516_002946_263",1778884373190,186927,7091,1,0.996094,41.18259,20.79822,39.67725,0.686844,-0.726409,0.023982,1,0.996094,41.17337,20.79678,39.61058,0.689451,-0.720201,0.077253,41.17797,20.7975,39.64392,0.945455,-0.3011,-0.12431
"meditation_experiment_20260516_002946_263",1778884373302,187039,7095,1,0.996094,41.18216,20.79845,39.67699,0.684895,-0.728465,0.016066,1,0.996094,41.17297,20.79703,39.61032,0.687799,-0.722575,0.069415,41.17756,20.79774,39.64366,0.945919,-0.299769,-0.124001
"meditation_experiment_20260516_002946_263",1778884373415,187152,7100,1,0.996094,41.18184,20.79868,39.67649,0.685688,-0.727855,0.007664,1,0.996094,41.17255,20.79717,39.60983,0.688969,-0.722214,0.061069,41.17719,20.79793,39.64316,0.946013,-0.299015,-0.125096
"meditation_experiment_20260516_002946_263",1778884373525,187262,7105,1,0.996094,41.18144,20.79871,39.67626,0.681681,-0.731558,0.011547,1,0.996094,41.17213,20.79717,39.60961,0.684882,-0.725756,0.06492,41.17678,20.79794,39.64294,0.945968,-0.299097,-0.125246
"meditation_experiment_20260516_002946_263",1778884373638,187375,7111,1,0.996094,41.18123,20.79907,39.67635,0.6811,-0.732137,0.00888,1,0.996094,41.17202,20.79761,39.60968,0.684336,-0.726502,0.062287,41.17662,20.79834,39.64302,0.946922,-0.296417,-0.124403
"meditation_experiment_20260516_002946_263",1778884373751,187488,7117,1,0.996094,41.18094,20.79953,39.67689,0.685177,-0.728322,0.008946,1,0.996094,41.17198,20.79812,39.61019,0.688232,-0.722804,0.062384,41.17646,20.79882,39.64354,0.948542,-0.292525,-0.121232
"meditation_experiment_20260516_002946_263",1778884373860,187597,7122,1,0.996094,41.18104,20.80521,39.67869,0.77837,-0.627807,0.000056,1,0.996094,41.17328,20.80387,39.61183,0.780215,-0.623204,0.053681,41.17716,20.80454,39.64526,0.963864,-0.243965,-0.106996
"meditation_experiment_20260516_002946_263",1778884373984,187721,7128,1,0.996094,41.17824,20.81585,39.682,0.998529,0.021326,-0.049856,1,0.996094,41.17278,20.81388,39.61493,0.999731,0.02284,0.004162,41.17551,20.81486,39.64846,0.985748,-0.150144,-0.075882
"meditation_experiment_20260516_002946_263",1778884374092,187829,7132,1,0.996094,41.17297,20.82479,39.68401,0.998689,0.051189,-0.000345,1,0.996094,41.16899,20.82255,39.61684,0.997171,0.052744,0.053553,41.17098,20.82367,39.65042,0.995994,-0.069268,-0.056559
"meditation_experiment_20260516_002946_263",1778884374215,187952,7136,1,0.996094,41.16836,20.82997,39.68406,0.998668,0.050906,-0.00848,1,0.996094,41.16454,20.82764,39.61689,0.997582,0.052562,0.04547,41.16645,20.82881,39.65048,0.998158,-0.023519,-0.055928
"meditation_experiment_20260516_002946_263",1778884374329,188066,7140,1,0.996094,41.16368,20.83583,39.68347,0.998514,0.044941,-0.03082,1,0.996094,41.15982,20.83327,39.61631,0.998632,0.046859,0.02321,41.16175,20.83455,39.64989,0.997968,0.025573,-0.058364
"meditation_experiment_20260516_002946_263",1778884374441,188178,7144,1,0.996094,41.1592,20.84188,39.68288,0.979119,0.203178,0.006699,1,0.996094,41.15551,20.83891,39.61573,0.976992,0.204505,0.060537,41.15736,20.8404,39.6493,0.994966,0.081568,-0.058217
"meditation_experiment_20260516_002946_263",1778884374552,188289,7148,1,0.996094,41.15478,20.84648,39.68267,0.976077,0.214271,0.03692,1,0.996094,41.15157,20.84326,39.61551,0.972307,0.215464,0.090528,41.15318,20.84487,39.64909,0.990453,0.12709,-0.053407
"meditation_experiment_20260516_002946_263",1778884374664,188401,7152,1,0.996094,41.15104,20.85023,39.6829,0.976991,0.209027,0.042385,1,0.996094,41.14841,20.84694,39.61571,0.972906,0.210332,0.095987,41.14972,20.84859,39.6493,0.985454,0.16345,-0.046528
"meditation_experiment_20260516_002946_263",1778884374776,188513,7156,1,0.996094,41.14793,20.85295,39.68329,0.978679,0.200986,0.042329,1,0.996094,41.14578,20.84979,39.61609,0.974603,0.202332,0.095977,41.14685,20.85137,39.64969,0.980502,0.192304,-0.040438
"meditation_experiment_20260516_002946_263",1778884374887,188624,7160,1,0.996094,41.14566,20.85445,39.68354,0.980905,0.188174,0.049154,1,0.996094,41.14371,20.85119,39.61633,0.976464,0.189636,0.102748,41.14469,20.85282,39.64994,0.977543,0.207215,-0.038375
"meditation_experiment_20260516_002946_263",1778884374999,188736,7164,1,0.996094,41.14389,20.85532,39.68372,0.981934,0.18264,0.049477,1,0.996094,41.14188,20.85207,39.61651,0.977486,0.184118,0.103064,41.14288,20.85369,39.65012,0.976179,0.213323,-0.039606
"meditation_experiment_20260516_002946_263",1778884375110,188847,7168,1,0.996094,41.14242,20.85623,39.68422,0.981417,0.184359,0.05322,1,0.996094,41.14038,20.85305,39.617,0.976783,0.185732,0.10677,41.1414,20.85464,39.65061,0.97389,0.223453,-0.040092
"meditation_experiment_20260516_002946_263",1778884375222,188959,7172,1,0.996094,41.14032,20.8572,39.68477,0.9824,0.181333,0.044831,1,0.996094,41.13828,20.85419,39.61755,0.97823,0.182674,0.098474,41.1393,20.8557,39.65116,0.971725,0.232698,-0.040022
"meditation_experiment_20260516_002946_263",1778884375333,189070,7176,1,0.996094,41.13869,20.85785,39.68523,0.980489,0.187164,0.060093,1,0.996094,41.13666,20.855,39.61801,0.975541,0.1882,0.113581,41.13768,20.85642,39.65162,0.970138,0.239308,-0.039542
"meditation_experiment_20260516_002946_263",1778884375444,189181,7180,1,0.996094,41.13723,20.85843,39.68541,0.981566,0.185211,0.047184,1,0.996094,41.13513,20.85565,39.61818,0.977304,0.186319,0.100807,41.13618,20.85704,39.65179,0.968883,0.244182,-0.040505
"meditation_experiment_20260516_002946_263",1778884375555,189292,7184,1,0.996094,41.1362,20.85901,39.68529,0.980242,0.191932,0.04783,1,0.996094,41.13394,20.85627,39.61807,0.975955,0.192932,0.101436,41.13507,20.85764,39.65168,0.967605,0.248839,-0.042667
"meditation_experiment_20260516_002946_263",1778884375666,189403,7188,1,0.996094,41.13561,20.85938,39.68511,0.979345,0.199151,-0.03498,1,0.996094,41.13314,20.85665,39.6179,0.979414,0.200955,0.019102,41.13438,20.85801,39.6515,0.966399,0.25294,-0.045764
"meditation_experiment_20260516_002946_263",1778884375779,189516,7192,1,0.996094,41.13541,20.85972,39.68482,0.978218,0.185695,-0.092775,1,0.996094,41.13279,20.85707,39.61761,0.981397,0.18803,-0.038784,41.1341,20.85839,39.65121,0.965747,0.255054,-0.047751
"meditation_experiment_20260516_002946_263",1778884375889,189626,7196,1,0.996094,41.13541,20.85986,39.68441,0.978305,0.187608,-0.087877,1,0.996094,41.13266,20.85709,39.6172,0.981205,0.189973,-0.033864,41.13404,20.85847,39.65081,0.964978,0.257512,-0.050049
"meditation_experiment_20260516_002946_263",1778884376001,189738,7200,1,0.996094,41.13548,20.85962,39.68407,0.978428,0.190597,-0.079701,1,0.996094,41.13263,20.85689,39.61686,0.980897,0.192827,-0.025657,41.13405,20.85826,39.65047,0.96498,0.257276,-0.051211
"meditation_experiment_20260516_002946_263",1778884376112,189849,7204,1,0.996094,41.13546,20.85964,39.68401,0.978512,0.187047,-0.086769,1,0.996094,41.1327,20.85683,39.61681,0.981349,0.189425,-0.032753,41.13408,20.85824,39.65041,0.964928,0.257614,-0.050495
"meditation_experiment_20260516_002946_263",1778884376224,189961,7208,1,0.996094,41.13576,20.86,39.68512,0.98765,0.146552,0.05541,1,0.996094,41.13327,20.85709,39.61791,0.982988,0.147895,0.108913,41.13451,20.85854,39.65152,0.964321,0.260514,-0.047081
"meditation_experiment_20260516_002946_263",1778884376335,190072,7212,1,0.996094,41.13678,20.86119,39.6877,0.98631,0.145518,0.077566,1,0.996094,41.13486,20.8585,39.62047,0.980503,0.146588,0.13087,41.13583,20.85984,39.65409,0.961181,0.273244,-0.038324
"meditation_experiment_20260516_002946_263",1778884376446,190183,7216,1,0.996094,41.13836,20.8616,39.69133,0.98335,0.155583,0.093902,1,0.996094,41.13728,20.85925,39.62407,0.976699,0.156285,0.147084,41.13782,20.86042,39.6577,0.958008,0.285606,-0.025482
"meditation_experiment_20260516_002946_263",1778884376557,190294,7220,1,0.996094,41.14011,20.86201,39.6949,0.983484,0.064079,0.169275,1,0.996094,41.14011,20.86043,39.6276,0.973054,0.064661,0.221326,41.14011,20.86122,39.66125,0.957234,0.289237,-0.006794
"meditation_experiment_20260516_002946_263",1778884376669,190406,7224,1,0.996094,41.14264,20.86346,39.69846,0.979916,0.015553,0.198802,1,0.996094,41.14338,20.86264,39.63115,0.968026,0.016026,0.250338,41.14301,20.86305,39.6648,0.948666,0.316211,0.0066
"meditation_experiment_20260516_002946_263",1778884376780,190517,7228,1,0.996094,41.14545,20.86337,39.70329,0.980785,-0.007579,0.194946,1,0.996094,41.14717,20.8636,39.636,0.969054,-0.007683,0.24673,41.14631,20.86348,39.66965,0.948326,0.316294,0.02522
"meditation_experiment_20260516_002946_263",1778884376892,190629,7232,1,0.996094,41.14669,20.86292,39.70873,0.979057,-0.043021,0.19899,1,0.996094,41.14997,20.86389,39.6415,0.967041,-0.043386,0.2509,41.14833,20.86341,39.67511,0.953287,0.297758,0.05083
"meditation_experiment_20260516_002946_263",1778884377003,190740,7236,1,0.996094,41.14497,20.86159,39.71457,0.975556,-0.058635,0.211787,1,0.996094,41.15021,20.86265,39.64747,0.962809,-0.058971,0.263669,41.14759,20.86212,39.68102,0.96132,0.263794,0.079227
"meditation_experiment_20260516_002946_263",1778884377114,190851,7240,1,0.996094,41.14043,20.86163,39.71887,0.994313,-0.026607,0.103119,1,0.996094,41.14797,20.8632,39.65199,0.987242,-0.027838,0.156778,41.1442,20.86242,39.68543,0.959175,0.258727,0.11421
"meditation_experiment_20260516_002946_263",1778884377226,190963,7244,1,0.996094,41.13781,20.8625,39.72126,0.999707,0.011327,0.021381,1,0.996094,41.14721,20.86451,39.65463,0.99712,0.009762,0.075213,41.14251,20.86351,39.68795,0.951937,0.271116,0.142523
"meditation_experiment_20260516_002946_263",1778884377337,191074,7248,1,0.996094,41.13728,20.86185,39.72287,0.999864,0.007646,0.014641,1,0.996094,41.14784,20.86488,39.65645,0.99765,0.005246,0.068324,41.14256,20.86337,39.68966,0.952427,0.25742,0.163147
"meditation_experiment_20260516_002946_263",1778884377448,191185,7252,1,0.996094,41.13759,20.85989,39.72627,0.999964,0.000989,0.008464,1,0.996094,41.14944,20.86523,39.66022,0.998079,-0.003314,0.061861,41.14351,20.86256,39.69324,0.952793,0.236758,0.190086
"meditation_experiment_20260516_002946_263",1778884377560,191297,7256,1,0.996094,41.13511,20.85716,39.72755,0.999831,-0.009703,0.015596,1,0.996094,41.14844,20.8664,39.66222,0.997502,-0.017242,0.068502,41.14177,20.86178,39.69489,0.952721,0.205785,0.223553
"meditation_experiment_20260516_002946_263",1778884377672,191409,7260,1,0.996094,41.1311,20.85736,39.72862,0.990373,0.126324,0.056597,1,0.996094,41.14651,20.86891,39.66412,0.98697,0.118142,0.109235,41.13881,20.86313,39.69637,0.943268,0.204096,0.261899
"meditation_experiment_20260516_002946_263",1778884377783,191520,7264,1,0.996094,41.12541,20.86811,39.73066,0.934455,0.319109,0.157997,1,0.996094,41.14246,20.87801,39.66629,0.926072,0.312957,0.210827,41.13393,20.87306,39.69847,0.899079,0.329096,0.288708
"meditation_experiment_20260516_002946_263",1778884377894,191631,7268,1,0.996094,41.11741,20.8812,39.72956,0.96355,0.23206,0.133118,1,0.996094,41.13494,20.88982,39.66514,0.956033,0.226703,0.18603,41.12618,20.88551,39.69735,0.861415,0.416865,0.290151
"meditation_experiment_20260516_002946_263",1778884378006,191743,7272,1,0.996094,41.11022,20.88558,39.7291,0.950263,0.197939,0.240458,1,0.996094,41.12906,20.894,39.66503,0.936887,0.191535,0.2925,41.11964,20.88979,39.69707,0.834256,0.458966,0.30556
"meditation_experiment_20260516_002946_263",1778884378118,191855,7276,1,0.996094,41.10233,20.88494,39.72992,0.926193,0.174148,0.334424,1,0.996094,41.12284,20.89462,39.66654,0.907973,0.166039,0.384729,41.11258,20.88978,39.69823,0.810602,0.479871,0.335632
"meditation_experiment_20260516_002946_263",1778884378230,191967,7280,1,0.996094,41.09712,20.88605,39.73304,0.935957,0.146188,0.320336,1,0.996094,41.11893,20.89651,39.67022,0.918411,0.13777,0.370864,41.10802,20.89128,39.70163,0.795599,0.488976,0.357666
"meditation_experiment_20260516_002946_263",1778884378341,192078,7284,1,0.996094,41.09349,20.88497,39.73477,0.923504,0.138516,0.357707,1,0.996094,41.11594,20.89545,39.67218,0.903957,0.129859,0.407429,41.10472,20.89021,39.70348,0.794597,0.484325,0.366123
"meditation_experiment_20260516_002946_263",1778884378452,192189,7288,1,0.996094,41.09049,20.88422,39.73635,0.927868,0.154647,0.339331,1,0.996094,41.11378,20.89517,39.67414,0.90941,0.145888,0.389475,41.10214,20.88969,39.70525,0.790992,0.479129,0.380482
"meditation_experiment_20260516_002946_263",1778884378564,192301,7292,1,0.996094,41.08796,20.88478,39.7381,0.932976,0.1417,0.330873,1,0.996094,41.11185,20.89557,39.6761,0.914861,0.133187,0.381171,41.0999,20.89017,39.7071,0.785787,0.48254,0.386902
"meditation_experiment_20260516_002946_263",1778884378675,192412,7296,1,0.996094,41.08575,20.88516,39.73895,0.934289,0.158555,0.319318,1,0.996094,41.11037,20.89621,39.67728,0.916903,0.150066,0.369823,41.09806,20.89069,39.70811,0.778073,0.486126,0.39785
"meditation_experiment_20260516_002946_263",1778884378786,192523,7300,1,0.996094,41.08398,20.88608,39.73931,0.940558,0.164996,0.296861,1,0.996094,41.10872,20.89688,39.67764,0.924361,0.156945,0.347743,41.09635,20.89148,39.70847,0.775199,0.491293,0.397112
"meditation_experiment_20260516_002946_263",1778884378898,192635,7304,1,0.996094,41.08214,20.88646,39.73966,0.944462,0.150089,0.292343,1,0.996094,41.10706,20.89739,39.67809,0.928463,0.141926,0.343241,41.0946,20.89192,39.70888,0.771705,0.494367,0.400092
"meditation_experiment_20260516_002946_263",1778884379009,192746,7308,1,0.996094,41.08075,20.88641,39.73909,0.949725,0.159817,0.269223,1,0.996094,41.10547,20.8972,39.67742,0.934993,0.151994,0.320445,41.09311,20.8918,39.70826,0.774083,0.493472,0.396587
"meditation_experiment_20260516_002946_263",1778884379121,192858,7312,1,0.996094,41.07917,20.88648,39.73945,0.951599,0.156106,0.264746,1,0.996094,41.104,20.89734,39.67783,0.937106,0.148256,0.315995,41.09158,20.89191,39.70864,0.772366,0.494585,0.398545
"meditation_experiment_20260516_002946_263",1778884379232,192969,7316,1,0.996094,41.07759,20.88661,39.74024,0.948245,0.167522,0.269756,1,0.996094,41.10274,20.89771,39.67879,0.933568,0.159557,0.320924,41.09016,20.89216,39.70951,0.767364,0.497835,0.40412
"meditation_experiment_20260516_002946_263",1778884379345,193082,7320,1,0.996094,41.07636,20.88618,39.74114,0.953655,0.16183,0.253679,1,0.996094,41.10175,20.8975,39.67983,0.939864,0.153822,0.304949,41.08906,20.89184,39.71048,0.767794,0.493096,0.409082
"meditation_experiment_20260516_002946_263",1778884379455,193192,7324,1,0.996094,41.07603,20.88562,39.74142,0.950881,0.179597,0.252131,1,0.996094,41.10135,20.89705,39.6801,0.937261,0.171664,0.303437,41.08869,20.89133,39.71076,0.768018,0.492788,0.409033
"meditation_experiment_20260516_002946_263",1778884379566,193303,7328,1,0.996094,41.07581,20.88631,39.7417,0.961576,0.166731,0.21811,1,0.996094,41.10136,20.89754,39.68044,0.949725,0.159177,0.269603,41.08858,20.89193,39.71106,0.766935,0.493357,0.410378
"meditation_experiment_20260516_002946_263",1778884379678,193415,7332,1,0.996094,41.07607,20.88591,39.74215,0.965541,0.143394,0.217183,1,0.996094,41.10181,20.89716,39.68098,0.953649,0.135633,0.268622,41.08894,20.89154,39.71156,0.765682,0.49323,0.412863
"meditation_experiment_20260516_002946_263",1778884379789,193526,7336,1,0.996094,41.07594,20.8853,39.74313,0.96897,0.134751,0.207216,1,0.996094,41.10147,20.8967,39.6819,0.957599,0.126827,0.258687,41.0887,20.891,39.71251,0.768099,0.490488,0.411638
"meditation_experiment_20260516_002946_263",1778884379900,193637,7340,1,0.996094,41.07651,20.88393,39.74373,0.968969,0.143951,0.20094,1,0.996094,41.10166,20.8954,39.68235,0.957985,0.136072,0.252486,41.08909,20.88967,39.71304,0.769958,0.491227,0.40726
"meditation_experiment_20260516_002946_263",1778884380010,193747,7341,1,0.996094,41.155,19.512,39.666,0.898613,-0.387832,-0.205137,1,0.996094,41.155,19.512,39.666,0.907278,-0.391825,-0.152709,41.155,19.512,39.666,1,0,0
